0;0;0;0;x;x;
1;138;167;195;Empty_1;x;
2;215;33;99;Empty_2;x;
3;33;146;93;Empty_3;x;
4;0;0;0;Empty_4;x;
5;42;3;128;Empty_5;x;
6;84;6;1;Empty_6;x;
7;126;9;129;Empty_7;x;
8;168;12;2;Empty_8;x;
9;0;15;130;Empty_9;x;
10;168;45;177;Empty_10;x;
11;84;21;131;Syracuse;x;
12;126;24;4;Lyncestis;x;
13;168;27;132;Comarina;x;
14;0;30;5;Empty_11;x;
15;42;33;133;Empty_15;x;
16;84;36;6;Empty_16;x;
17;126;39;134;Empty_17;x;
18;168;42;7;Empty_18;x;
19;0;45;135;Empty_19;x;
20;42;48;8;Empty_20;x;
21;84;51;136;Messina;x;
22;126;54;9;Naxos;x;
23;168;57;137;Tyndaris;x;
24;0;60;10;Zarytus;x;
25;42;63;138;Gariannonum;x;
26;84;66;11;Melita;x;
27;126;69;139;Catana;x;
28;168;72;12;Leontini;x;
29;0;75;140;Inessa;x;
30;42;78;13;Heraclea;x;
31;126;84;14;Centuripa;x;
32;84;81;141;Veralamium;x;
33;168;87;142;Halaesa;x;
34;0;90;15;Thermae;x;
35;42;93;143;Herculaneum;x;
36;84;96;16;Gela;x;
37;126;99;144;Henna;x;
38;168;102;17;Himera;x;
39;0;105;145;Oppidum;x;
40;42;108;18;Emerita;x;
41;84;111;146;Agrigentum;x;
42;126;114;19;Minoa;x;
43;158;117;147;Batavorum;x;
44;0;120;20;Panormus;x;
45;42;123;148;Glevensium;x;
46;84;126;21;Hyccara;x;
47;126;129;149;Entella;x;
48;168;132;22;Selinus;x;
49;0;35;150;Egesta;x;
50;42;138;23;Motya;x;
51;84;141;151;Empty_51;x;
52;126;144;24;Empty_52;x;
53;168;147;152;Caralis;x;
54;0;150;25;Empty_54;x;
55;42;153;153;Empty_55;x;
56;84;156;26;Empty_56;x;
57;126;159;154;Empty_57;x;
58;168;162;27;Empty_58;x;
59;0;165;155;Empty_59;x;
60;42;168;28;Empty_60;x;
61;84;171;156;Empty_61;x;
62;126;174;29;Empty_62;x;
63;168;177;157;Empty_63;x;
64;0;180;30;Empty_64;x;
65;48;183;158;Empty_65;x;
66;84;186;31;Empty_66;x;
67;126;189;159;Empty_67;x;
68;168;192;32;Empty_68;x;
69;0;195;160;Empty_69;x;
70;42;198;33;Empty_70;x;
71;84;201;161;Empty_71;x;
72;126;204;34;Empty_72;x;
73;168;207;162;Viminiacum;x;
74;0;210;35;Tigurum;x;
75;42;0;163;Nora;x;
76;84;3;36;Sulci;x;
77;126;6;164;Nerviorum;x;
78;168;9;37;Neapolis;x;
79;0;12;65;Usellis;x;
80;42;15;138;Tharros;x;
81;84;18;166;Bilachinium;x;
82;126;21;39;Raetinium;x;
83;168;24;167;Nolza;x;
84;0;27;40;Tuder;x;
85;42;30;168;Bosona;x;
86;84;33;141;Pompaelo;x;
87;126;36;169;Lucium;x;
88;168;39;42;Olbia;x;
89;0;42;170;Limonum;x;
90;42;45;43;Caere;x;
91;84;48;171;Condatomagus;x;
92;125;51;44;Haenna;x;
93;168;54;172;Iulium;x;
94;0;57;45;Bosa;x;
95;42;60;173;Praesidium;x;
96;84;63;46;Suessionum;x;
97;126;66;174;Turris;x;
98;168;69;47;Lentia;x;
99;0;72;175;Sassari;x;
100;42;75;48;Mogontiacum;x;
101;84;78;176;Pallas;x;
102;126;81;49;Adiacium;x;
103;168;84;177;Condate;x;
104;0;87;50;Olicana;x;
105;42;90;178;Atuaticorum;x;
106;84;93;51;Ceuniacum;x;
107;126;96;179;Aleria;x;
108;168;99;52;Populonium;x;
109;0;102;180;Martis;x;
110;42;105;53;Mariana;x;
111;84;108;181;Vitudurum;x;
112;126;111;54;Aesim;x;
113;168;114;182;Empty_113;x;
114;0;117;55;Empty_114;x
115;42;120;183;Empty_115;x;
116;84;123;56;Empty_116;x;
117;126;126;184;Empty_117;x;
118;168;129;57;Empty_118;x;
119;0;132;185;Rhegion;x;
120;42;135;58;Cenebelum;x;
121;84;138;186;Empty_121;x;
122;126;141;59;Empty_122;x;
123;168;144;187;Empty_123;x;
124;0;147;60;Empty_124;x;
125;42;150;188;Empty_125;x
126;84;153;61;Empty_126;x;
127;126;156;189;Empty_127;x;
128;168;159;62;Empty_128;x;
129;0;162;190;Empty_129;x
130;42;165;63;Empty_130;x;
131;84;168;191;Empty_131;x;
132;126;171;64;Empty_132;x;
133;168;174;192;Empty_133;x;
134;0;177;65;Empty_134;x;
135;42;180;193;Empty_135;x;
136;84;183;66;Empty_136;x;
137;126;186;194;Empty_137;x;
138;168;189;67;Empty_138;x;
139;0;192;195;Empty_139;x;
140;42;195;68;Empty_140;x;
141;84;198;196;Empty_141;x;
142;126;201;69;Empty_142;x;
143;168;204;197;Empty_143;x;
144;0;207;70;Empty_144;x;
145;42;210;198;Empty_145;x;
146;84;0;71;Empty_146;x;
147;126;3;199;Empty_147;x;
148;168;6;72;Empty_148;x;
149;0;9;200;Empty_149;x;
150;42;12;73;Empty_150;x;
151;84;15;201;Empty_151;x;
152;126;18;74;Empty_152;x;
153;168;21;202;Empty_153;x;
154;0;24;75;Empty_154;x;
155;42;27;203;Empty_155;x;
156;84;30;76;Empty_156;x;
157;126;33;204;Empty_157;x;
158;168;36;77;Empty_158;x;
159;4;72;0;Empty_159;x;
160;46;75;128;Empty_160;x;
161;88;78;1;Empty_161;x;
162;130;81;129;Empty_162;x;
163;172;84;2;Empty_163;x;
164;4;87;130;Empty_164;x;
165;46;90;3;Empty_165;x;
166;88;93;131;Empty_166;x;
167;130;96;4;Empty_167;x;
168;172;99;132;Empty_168;x;
169;0;69;210;Empty_169;x;
170;42;72;83;Empty_170;x;
171;84;75;211;Empty_171;x;
172;126;78;84;Empty_172;x;
173;168;81;212;Empty_173;x;
174;0;84;85;Empty_174;x;
175;42;87;213;Empty_175;x;
176;84;90;86;Empty_176;x;
177;126;93;214;Empty_177;x;
178;168;96;87;Empty_178;x;
179;0;99;215;Empty_179;x;
180;42;102;88;Empty_180;x;
181;84;105;216;Empty_181;x;
182;126;108;89;Empty_182;x;
183;168;111;217;Empty_183;x;
184;0;114;90;Empty_184;x;
185;42;117;218;Empty_185;x;
186;84;120;91;Empty_186;x;
187;126;123;219;Empty_187;x;
188;168;126;92;Empty_188;x;
189;0;129;220;Empty_189;x;
190;42;132;93;Empty_190;x;
191;84;135;221;Empty_191;x;
192;126;138;94;Empty_192;x;
193;168;141;222;Empty_193;x;
194;0;144;95;Empty_194;x;
195;42;147;223;Empty_195;x;
196;84;150;96;Empty_196;x;
197;126;153;224;Empty_197;x;
198;168;156;97;Empty_198;x;
199;0;159;225;Empty_199;x;
200;42;162;98;Empty_200;x;
201;84;165;226;Empty_201;x;
202;126;168;99;Empty_202;x;
203;168;171;227;Empty_203;x;
204;0;174;0;Empty_204;x;
205;42;177;128;Empty_205;x;
206;84;180;1;Vercellae;x;
207;126;183;129;Scyllaeum;x;
208;168;186;2;Medma;x;
209;0;189;130;Locri;x;
210;42;192;3;Caulonia;x;
211;84;195;131;Madauros;x;
212;126;198;4;Tempsa;x;
213;168;201;132;Scylletum;x;
214;0;204;5;Croton;x;
215;42;207;133;Petelia;x;
216;84;210;6;Consentia;x;
217;126;0;134;Thurii;x;
218;168;3;7;Sybaris;x;
219;0;6;135;Drobeta;x;
220;42;9;8;Castrovillari;x;
221;84;12;136;Clausentum;x;
222;126;15;9;Siris;x;
223;168;18;137;Obulco;x;
224;0;21;10;Octodurum;x;
225;42;24;138;Heraclea;x;
226;84;27;11;Metapuntum;x;
227;126;30;139;Neviodunum;x;
228;168;33;12;Pixous;x;
229;0;36;140;Elea;x;
230;42;39;13;Concordia;x;
231;84;42;141;Grumentum;x;
232;126;45;14;Namnetus;x;
233;168;48;142;Tarentum;x;
234;0;51;15;Papiae;x;
235;42;54;143;Ticinum;x;
236;84;57;16;Liniacum;x;
237;126;60;144;Savo;x;
238;168;63;17;Potenza;x;
239;0;66;145;Utinum;x;
240;42;69;18;Augustonementum;x;
241;84;72;146;Caliopolis;x;
242;126;75;19;Hydruntum;x;
243;168;78;147;Brundisium;x;
244;0;81;20;Isurium;x;
245;42;84;148;Barium;x;
246;84;87;21;Rhaedestus;x;
247;126;138;49;Bitonto;x;
248;168;93;22;Argentorate;x;
249;0;96;150;Cannae;x;
250;42;99;23;Lucentum;x;
251;84;102;151;Canusium;x;
252;126;105;24;Carnuntum;x;
253;168;108;152;Venusia;x;
254;0;111;25;Salernum;x;
255;42;114;153;Aballo;x;
256;84;117;26;Carcaso;x;
257;126;120;154;Vetulonia;x;
258;168;123;27;Marrucinorum;x;
259;0;126;155;Alba Fucens;x;
260;42;129;28;Sipontum;x;
261;84;132;156;Empty_261;x;
262;126;135;29;Empty_262;x;
263;168;138;157;Empty_263;x;
264;0;141;30;Empty_264;x;
265;42;144;158;Empty_265;x;
266;84;147;31;Empty_266;x;
267;126;150;159;Empty_267;x;
268;168;153;32;Empty_268;x;
269;0;156;160;Empty_269;x;
270;42;159;33;Pontus Fractus;x;
271;84;162;161;Nuceria;x;
272;126;165;34;Cumae;x;
273;168;168;162;Campeva;x;
274;0;171;35;Veldidena;x;
275;42;174;163;Cenebelum;x;
276;84;177;36;Arpi;x;
277;126;180;164;Anio;x;
278;168;183;37;Liniacum;x;
279;0;186;165;Olmedum;x;
280;42;189;38;Celeia;x;
281;84;192;166;Acyra;x;
282;126;195;39;Minturnae;x;
283;168;198;167;Capua;x;
284;0;201;40;Suessa;x;
285;42;204;168;Beneventum;x;
286;84;207;41;Luceria;x;
287;126;210;169;Carsioli;x;
288;168;0;42;Carsulae;x;
289;0;3;170;Bovianum;x;
290;172;139;100;Brixellum;x;
291;84;9;171;Lusonum;x;
292;126;12;44;Buca;x;
293;168;15;172;Drusus;x;
294;0;204;45;Lussonium;x;
295;42;21;173;Dertosa;x;
296;84;24;46;Larinum;x;
297;126;27;174;Histonium;x;
298;168;30;47;Camaracum;x;
299;0;33;175;Antium;x;
300;118;86;150;Abellinum;x;
301;84;39;176;Hoius Vicus;x;
302;126;42;49;Avennio;x;
303;43;81;138;Cillium;x;
304;0;48;50;Aquae Helveticae;x;
305;42;51;178;Fresilia;x;
306;84;54;51;Sulmo;x;
307;126;57;179;Condatomagus;x;
308;168;60;52;Lutonium;x;
309;0;63;180;Hadria;x;
310;42;66;53;Italica;x;
311;84;69;181;Ostia;x;
312;126;72;54;Ardea;x;
313;168;75;182;Roma;x;
314;0;78;55;Alba Longa;x;
315;42;81;183;Tibur;x;
316;84;84;56;Reate;x;
317;126;87;184;Celaenae;x;
318;168;90;57;Amiternum;x;
319;0;93;185;Agrippina;x;
320;42;96;58;Asculum;x;
321;84;99;186;Bellunum;x;
322;126;102;59;Firmum;x;
323;168;105;187;Ancona;x;
324;0;108;60;Picenum;x;
325;42;111;188;Vizeliacum;x;
326;84;114;61;Cures;x;
327;126;117;189;Matrica;x;
328;168;120;62;Savona;x;
329;0;123;190;Bulla Regia;x;
330;42;126;63;Pisaurum;x;
331;84;129;191;Ariminum;x;
332;126;132;64;Plestia;x;
333;168;135;192;Spoletum;x;
334;0;138;65;Praesidium Iulium;x;
335;42;141;193;Aquilonia;x;
336;84;144;66;Quivia;x;
337;126;147;194;Camatamia;x;
338;168;150;67;Laelliria Ripensis;x;
339;0;153;195;Tetraea;x;
340;42;156;68;Veii;x;
341;84;159;196;Caisra;x;
342;126;162;69;Itamia;x;
343;168;165;197;Histrunaica;x;
344;170;171;192;Xamnium;x;
345;42;171;198;Tarchna;x;
346;84;174;71;Lotillia;x;
347;126;177;199;Velch;x;
348;168;180;72;Irninaica;x;
349;0;183;200;Velzna;x;
350;42;186;73;Trinae;x;
351;84;189;201;Perusia;x;
352;126;192;74;Clevsin;x;
353;168;195;202;Cansalitana;x;
354;0;198;75;Curtun;x;
355;42;201;203;Hicia;x;
356;84;204;76;Arretium;x;
357;126;207;204;Bimecia;x;
358;168;210;77;Sorus;x;
359;0;0;205;Vetluna;x;
360;42;3;78;Fafluna;x;
361;84;6;206;Lentus;x;
362;126;9;79;Rinuntus;x;
363;168;12;207;Pasigene;x;
364;0;15;80;Florentia;x;
365;42;18;208;Moenica;x;
366;84;21;81;Pisae;x;
367;126;24;209;Felathri;x;
368;168;27;82;Nustrerus;x;
369;0;30;210;Dares;x;
370;42;33;83;Empty_370;x;
371;84;36;211;Empty_371;x;
372;126;39;84;Empty_372;x;
373;168;42;212;Empty_373;x;
374;0;45;85;Empty_374;x;
375;42;48;213;Empty_375;x;
376;84;51;86;Empty_376;x;
377;126;54;214;Empty_377;x;
378;168;57;87;Empty_378;x;
379;0;60;215;Empty_379;x;
380;42;63;88;Empty_380;x;
381;84;66;216;Empty_381;x;
382;126;69;89;Empty_382;x;
383;168;72;217;Empty_383;x;
384;0;75;90;Empty_384;x;
385;42;78;218;Empty_385;x;
386;84;81;91;Ielgia;x;
387;126;84;219;Moenirus;x;
388;168;87;92;Ravenna;x;
389;0;90;220;Nomontium;x;
390;42;93;93;Faventia;x;
391;84;96;221;Hamilgia;x;
392;126;99;94;Dansamnica;x;
393;168;102;222;Donidia;x;
394;0;105;95;Pegonia;x;
395;42;108;223;Prercadonia;x;
396;84;111;96;Felsina;x;
397;126;114;224;Itinaica;x;
398;168;117;97;Cisia;x;
399;0;120;225;Luca;x;
400;42;123;98;Aececa;x;
401;84;126;226;Iamnium;x;
402;126;129;99;Hamares Salutaris;x;
403;168;132;227;Tavia;x;
404;0;135;0;Napodia;x;
405;42;138;128;Iocenia;x;
406;84;141;1;Ledonia;x;
407;126;144;129;Reltebia;x;
408;168;147;2;Mermabia;x;
409;0;150;130;Mica;x;
410;42;153;3;Genua;x;
411;84;156;131;Cilaria;x;
412;126;159;4;Litogonia;x;
413;168;162;132;Albium;x;
414;0;165;5;Semontium;x;
415;42;168;133;Custria;x;
416;84;171;6;Iepemnium;x;
417;126;174;134;Lilgia;x;
418;168;177;7;Pamadonia;x;
419;0;180;135;Bivia;x;
420;42;183;8;Mipibia;x;
421;84;186;136;Spica;x;
422;126;189;9;Ragonia;x;
423;168;192;137;Relinia;x;
424;0;195;10;Rapinica;x;
425;42;198;138;Saetamia;x;
426;84;201;11;Sastrogene;x;
427;126;204;139;Lusia;x;
428;168;207;12;Sermelitana;x;
429;0;210;140;Micutamia;x;
430;42;0;13;Mutina;x;
431;84;3;141;Cestria;x;
432;126;6;14;Renae;x;
433;168;9;142;Uletia;x;
434;0;12;15;Corcatraea;x;
435;42;15;143;Ratia;x;
436;84;18;16;Nornane;x;
437;42;87;63;Parma;x;
438;168;24;17;Hares;x;
439;0;27;145;Dapobia;x;
440;42;30;18;Placentia;x;
441;84;33;146;Larmetania;x;
442;126;36;19;Dertona;x;
443;168;39;147;Paestralgia;x;
444;0;42;20;Patiae;x;
445;42;45;148;Lulellia;x;
446;84;48;21;Taurinorum;x;
447;126;51;149;Segusio;x;
448;168;54;22;Solamae;x;
449;0;57;150;Rilentus;x;
450;42;60;23;Hillia;x;
451;84;63;151;Taurasia;x;
452;126;66;24;Hecetania;x;
453;168;69;152;Gastrestria;x;
454;0;72;25;Silares;x;
455;42;75;153;Oernerus;x;
456;84;78;26;Norus;x;
457;126;81;154;Ripiria;x;
458;168;84;27;Ralania;x;
459;0;87;155;Sene;x;
460;42;90;28;Vercellae;x;
461;84;93;156;Ticinium;x;
462;126;96;29;Hinia;x;
463;168;99;157;Questrobia;x;
464;0;102;30;Novaria;x;
465;42;105;158;Hatraea;x;
466;84;108;31;Simnica;x;
467;84;30;181;Monerus;x;
468;126;111;159;Iumintus;x;
469;168;114;32;Secum;x;
470;0;117;160;Iortirus;x;
471;42;120;33;Iane;x;
472;84;123;161;Porcuca Nova;x;
473;126;126;34;Pirmodonia;x;
474;168;129;162;Hamnica;x;
475;0;132;35;Resetania;x;
476;42;135;163;Mediolanum;x;
477;84;138;36;Quastrires;x;
478;126;141;164;Catiae;x;
479;168;144;37;Cremona;x;
480;0;147;165;Caetelgia;x;
481;42;150;38;Oetibia;x;
482;84;153;166;Ianulgia Prima;x;
483;126;156;39;Mantua;x;
484;168;159;167;Sepadonia;x;
485;0;162;40;Noenogonia;x;
486;42;165;168;Lumontium;x;
487;84;168;41;Brixia;x;
488;126;171;169;Cicabia Hercula;x;
489;168;174;42;Mornuria;x;
490;0;177;170;Necitus;x;
491;42;180;43;Verona;x;
492;84;183;171;Ucia;x;
493;126;186;44;Ecutia;x;
494;168;189;172;Atria;x;
495;0;192;45;Mirtudia;x;
496;42;195;173;Sivia;x;
497;84;198;46;Calonica;x;
498;126;201;174;Tridentum;x;
499;168;204;47;Limadia;x;
500;0;207;175;Lillia;x;
501;42;210;48;Vicetia;x;
502;84;0;176;Naecitiae;x;
503;126;3;49;Ateste;x;
504;168;6;177;Dicanae;x;
505;0;9;50;Setia;x;
506;42;12;178;Potelitana;x;
507;84;15;51;Patavium;x;
508;126;18;179;Sanollia Salutaris;x;
509;168;21;52;Nalgia;x;
510;0;24;180;Pastria;x;
511;42;27;53;Eucares;x;
512;126;33;54;Memontium;x;
513;168;36;182;Paelivia;x;
514;0;39;55;Aetia;x;
515;42;42;183;Maeltatania;x;
516;84;45;56;Iaputia;x;
517;126;48;184;Ionselia;x;
518;168;51;57;Tenigene;x;
519;0;54;185;Lunagene;x;
520;42;57;58;Aquileia;x;
521;84;60;186;Pirnarus;x;
522;126;63;59;Quogonia;x;
523;168;66;187;Tralomae;x;
524;0;69;60;Tasia;x;
525;42;72;188;Rermenia;x;
526;84;75;61;Emona;x;
527;126;78;189;Datagene;x;
528;168;81;62;Tergeste;x;
529;0;84;190;Pranica;x;
530;126;21;144;Parentum;x;
531;84;90;191;Pola;x;
532;126;93;64;Dimitia;x;
533;168;96;192;Seca Ripensis;x;
534;0;99;65;Leltidia;x;
535;42;102;193;Memuvia Hercula;x;
536;84;105;66;Caenia;x;
537;126;108;194;Eurtobia;x;
538;168;111;67;Quiladonia;x;
539;0;114;195;Trecia;x;
540;42;117;68;Empty_540;x;
541;84;120;196;Empty_541;x;
542;126;123;69;Empty_542;x;
543;168;126;197;Empty_543;x;
544;0;129;70;Empty_544;x;
545;42;132;198;Empty_545;x;
546;84;135;71;Empty_546;x;
547;126;138;199;Empty_547;x;
548;168;141;72;Empty_548;x;
549;0;144;200;Empty_549;x;
550;42;147;73;Empty_550;x;
551;84;150;201;Empty_551;x;
552;126;153;74;Empty_552;x;
553;168;156;202;Empty_553;x;
554;0;159;75;Empty_554;x;
555;42;162;203;Empty_555;x;
556;84;165;76;Empty_556;x;
557;126;168;204;Empty_557;x;
558;168;171;77;Naercimnica;x;
559;0;174;205;Manaica;x;
560;42;177;78;Curia;x;
561;84;180;206;Pumae;x;
562;126;183;79;Aelevia Nova;x;
563;168;186;207;Limontium Hercula;x;
564;0;189;80;Clunia;x;
565;42;192;208;Rirtetraea;x;
566;84;195;81;Cidia;x;
567;126;198;209;Iemeres;x;
568;168;201;82;Napamnica;x;
569;0;204;210;Ielgia;x;
570;42;207;83;Quolatus;x;
571;84;210;211;Rinica;x;
572;126;0;84;Mentus;x;
573;168;3;212;Gacullia;x;
574;0;6;85;Prememontium;x;
575;42;9;213;Tanae;x;
576;84;12;86;Eunimnium;x;
577;126;15;214;Cegene;x;
578;168;18;87;Trecum;x;
579;0;21;215;Teriolis;x;
580;42;24;88;Dermimnium;x;
581;84;27;216;Milelitana;x;
582;126;30;89;Davia;x;
583;168;33;217;Lirmitia;x;
584;0;36;90;Taltunae;x;
585;42;39;218;Naenae;x;
586;84;42;91;Poegene;x;
587;126;45;219;Pasanica;x;
588;168;48;92;Melovia;x;
589;0;51;220;Bitraea;x;
590;42;54;93;Maeceria;x;
591;84;57;221;Xalicia;x;
592;126;60;94;Paemae;x;
593;168;63;222;Teurnia;x;
594;0;66;95;Deloria;x;
595;42;69;223;Cetus;x;
596;84;72;96;Trelulitana;x;
597;126;75;224;Rilirus;x;
598;168;78;97;Virunum;x;
599;0;81;225;Moellia;x;
600;42;84;98;Eustrestria;x;
601;84;87;226;Quilomnica;x;
602;126;90;99;Saelgia;x;
603;168;93;227;Brigantium;x;
604;0;96;0;Nastromnium;x;
605;42;99;128;Demnica Nova;x;
606;84;102;1;Lenelia;x;
607;126;105;129;Macitamia;x;
608;168;108;2;Mollia;x;
609;0;111;130;Nirmavia;x;
610;42;114;3;Cemamae;x;
611;84;117;131;Iecum;x;
612;126;120;4;Talelitana;x;
613;168;123;132;Nicullia;x;
614;0;126;5;Etania;x;
615;42;129;133;Cambodunum;x;
616;84;132;6;Sitanaica;x;
617;126;135;134;Damasia;x;
618;168;138;7;Rinetiae;x;
619;0;141;135;Pestradia;x;
620;42;144;8;Itus;x;
621;84;147;136;Penitamia;x;
622;126;150;9;Domabia;x;
623;168;153;137;Aenanica;x;
624;0;156;10;Vindelicum;x;
625;42;159;138;Evia;x;
626;84;162;11;Risatraea;x;
627;126;165;139;Pitiae;x;
628;168;168;12;Numalgia;x;
629;0;171;140;Polares;x;
630;42;174;13;Pane;x;
631;84;177;141;Laegonia;x;
632;126;180;14;Castra Regina;x;
633;168;183;142;Hartenae;x;
634;0;186;15;Netraea;x;
635;42;189;143;Hetia;x;
636;84;192;16;Naecagonia;x;
637;126;195;144;Eularus;x;
638;168;198;17;Ibia;x;
639;0;201;145;Ieteria;x;
640;42;204;18;Tremae;x;
641;84;207;146;Iormamnium;x;
642;126;210;19;Paetares;x;
643;168;0;147;Pica;x;
644;0;3;20;Caltitania;x;
645;42;6;148;Nocolitana;x;
646;84;9;21;Lamae;x;
647;126;12;149;Icimae;x;
648;168;15;22;Iacum;x;
649;0;18;150;Cortodia;x;
650;42;21;23;Nopostria;x;
651;84;24;151;Iuvavum;x;
652;126;27;24;Quodia;x;
653;168;30;152;Dorcubia;x;
654;0;33;25;Pumnium;x;
655;42;36;153;Necinaica;x;
656;1;1;140;Nallitamia;x;
657;1;1;220;Mellanica;x;
658;1;1;141;Pures;x;
659;0;48;155;Haltumae;x;
660;42;51;28;Moetania;x;
661;84;54;156;Racenia;x;
662;126;57;29;Nipocum;x;
663;168;60;157;Lauriacum;x;
664;0;63;30;Ovilva;x;
665;42;66;158;Lecia;x;
666;84;69;31;Paestrevia;x;
667;126;72;159;Bistrigonia;x;
668;168;75;32;Lunae;x;
669;0;78;160;Somania;x;
670;42;81;33;Oemnica;x;
671;84;84;161;Parneca;x;
672;126;87;34;Caerterus;x;
673;168;90;162;Sepatamia;x;
674;0;93;35;Iermitamia;x;
675;42;96;163;Cores;x;
676;84;99;36;Linicum;x;
677;126;102;164;Depelitana;x;
678;168;105;37;Dicedia;x;
679;0;108;165;Bitia;x;
680;42;111;38;Sallutia;x;
681;84;114;166;Rastregonia;x;
682;126;117;39;Quirus;x;
683;168;120;167;Tatures;x;
684;0;123;40;Remontium;x;
685;42;126;168;Porcagonia;x;
686;84;129;41;Cetium;x;
687;126;132;169;Eutiae;x;
688;168;135;42;Renane;x;
689;0;138;170;Pamosia;x;
690;42;141;43;Parus;x;
691;84;144;171;Traletus;x;
692;126;147;44;Quornacia;x;
693;168;150;172;Flavia Solvia;x;
694;0;153;45;Empty_694;x;
695;42;156;173;Empty_695;x;
696;84;159;46;Empty_696;x;
697;126;162;174;Empty_697;x;
698;168;165;47;Empty_698;x;
699;0;168;175;Empty_699;x;
700;42;171;48;Empty_700;x;
701;84;174;176;Empty_701;x;
702;126;177;49;Empty_702;x;
703;168;180;177;Empty_703;x;
704;0;183;50;Empty_704;x;
705;42;186;178;Empty_705;x;
706;84;189;51;Empty_706;x;
707;126;192;179;Empty_707;x;
708;168;195;52;Empty_708;x;
709;0;198;180;Empty_709;x;
710;42;201;53;Empty_710;x;
711;84;204;181;Empty_711;x;
712;126;207;54;Empty_712;x;
713;168;210;182;Empty_713;x;
714;0;0;55;Empty_714;x;
715;42;3;183;Empty_715;x;
716;84;6;56;Empty_716;x;
717;126;9;184;Empty_717;x;
718;168;12;57;Empty_718;x;
719;0;15;185;Empty_719;x;
720;42;18;58;Empty_720;x;
721;84;21;186;Empty_721;x;
722;126;24;59;Empty_722;x;
723;168;27;187;Empty_723;x;
724;0;30;60;Tarsatica;x;
725;42;33;188;Cocomnica;x;
726;84;36;61;Cumatamia;x;
727;126;39;189;Bica;x;
728;168;42;62;Arcicia;x;
729;0;45;190;Ipimae;x;
730;42;48;63;Socetus;x;
731;84;51;191;Sestretamia;x;
732;126;54;64;Lecimnium;x;
733;168;57;192;Ditures;x;
734;0;60;65;Rallia;x;
735;42;63;193;Ganatamia;x;
736;84;66;66;Naernintus;x;
737;126;69;194;Arupium;x;
738;168;72;67;Maemnica;x;
739;0;75;195;Iader;x;
740;42;78;68;Letia;x;
741;84;81;196;Normatamia;x;
742;126;84;69;Calamnica;x;
743;168;87;197;Atraea;x;
744;0;90;70;Galtodonia;x;
745;42;93;198;Aquum;x;
746;84;96;71;Leltatania;x;
747;126;99;199;Noemnica;x;
748;168;102;72;Quarcostria;x;
749;0;105;200;Maetulum;x;
750;42;108;73;Dotus;x;
751;84;111;201;Dotiae;x;
752;126;114;74;Melutamia;x;
753;168;117;202;Cesotus;x;
754;0;120;75;Sedonia;x;
755;42;123;203;Nenenaica;x;
756;84;126;76;Temnium;x;
757;126;129;204;Mastrudonia;x;
758;168;132;77;Dine;x;
759;0;135;205;Caecica;x;
760;42;138;78;Salvium;x;
761;84;141;206;Pellia;x;
762;126;144;79;Mecesia;x;
763;168;147;207;Unaria;x;
764;0;150;80;Avia Prima;x;
765;42;153;208;Salona;x;
766;84;156;81;Moemelgia;x;
767;126;159;209;Trimidia;x;
768;168;162;82;Oene;x;
769;0;165;210;Oenia;x;
770;42;168;83;Derventio;x;
771;84;171;211;Laetavia;x;
772;126;174;84;Ritamia;x;
773;168;177;212;Lacimnium;x;
774;0;180;85;Iercubia;x;
775;42;183;213;Delminium;x;
776;84;186;86;Rellotia;x;
777;126;189;214;Cacum;x;
778;168;192;87;Narona;x;
779;0;195;215;Pirtallia;x;
780;42;198;88;Eulicum;x;
781;84;201;216;Hirus;x;
782;126;204;89;Dalistria;x;
783;168;207;217;Epidaurum;x;
784;0;210;90;Quone;x;
785;42;0;218;Quamania;x;
786;84;3;91;Naelodia;x;
787;126;6;219;Tramontium;x;
788;168;9;92;Risinium;x;
789;0;12;220;Tensanica;x;
790;42;15;93;Domnium;x;
791;84;18;221;Daorson;x;
792;126;21;94;Prepitus;x;
793;168;24;222;Netimontium;x;
794;0;27;95;Pemetus;x;
795;42;30;223;Iamontium;x;
796;84;33;96;Palelia;x;
797;126;36;224;Nilitana;x;
798;168;39;97;Tasocia;x;
799;0;42;225;Papinica;x;
800;42;45;98;Coensastria;x;
801;84;48;226;Mamnica;x;
802;126;51;99;Numuria;x;
803;168;54;227;Pulatania;x;
804;0;57;0;Ianerus;x;
805;42;60;128;Iurnellia;x;
806;84;63;1;Ievia;x;
807;126;66;129;Povia;x;
808;168;69;2;Hemnica;x;
809;0;72;130;Lamavia;x;
810;42;75;3;Paesitus;x;
811;84;78;131;Samae Hercula;x;
812;126;81;4;Oensutania;x;
813;168;84;132;Pramnium;x;
814;0;87;5;Domavia;x;
815;42;90;133;Depacum;x;
816;84;93;6;Pamnium;x;
817;126;96;134;Nollinica;x;
818;168;99;7;Meparus;x;
819;0;102;135;Nisegene;x;
820;42;105;8;Corus;x;
821;84;108;136;Natania;x;
822;126;111;9;Renitia;x;
823;168;114;137;Ditiae;x;
824;0;117;10;Bibia;x;
825;42;120;138;Empty_825;x;
826;84;123;11;Empty_826;x;
827;126;126;139;Empty_827;x;
828;168;129;12;Empty_828;x;
829;0;132;140;Empty_829;x;
830;42;135;13;Empty_830;x;
831;84;138;141;Empty_831;x;
832;126;141;14;Empty_832;x;
833;168;144;142;Empty_833;x;
834;0;147;15;Empty_834;x;
835;42;150;143;Empty_835;x;
836;84;153;16;Empty_836;x;
837;126;156;144;Empty_837;x;
838;168;159;17;Empty_838;x;
839;0;162;145;Empty_839;x;
840;42;165;18;Empty_840;x;
841;84;168;146;Empty_841;x;
842;126;171;19;Empty_842;x;
843;168;174;147;Empty_843;x;
844;0;177;20;Empty_844;x;
845;42;180;148;Empty_845;x;
846;84;183;21;Empty_846;x;
847;126;186;149;Empty_847;x;
848;168;189;22;Empty_848;x;
849;0;192;150;Empty_849;x;
850;42;195;23;Empty_850;x;
851;84;198;151;Empty_851;x;
852;0;3;225;Empty_852;x;
853;126;201;24;Empty_853;x;
854;168;96;42;Empty_854;x;
855;84;9;226;Empty_855;x;
856;85;84;11;Empty_856;x;
857;127;87;139;Iellia;x;
858;169;90;12;Lucimnium;x;
859;126;135;84;Dicotania;x;
860;168;138;212;Locimontium;x;
861;0;141;85;Dicia;x;
862;42;144;213;Siscia;x;
863;84;147;86;Hepecia;x;
864;126;150;214;Eurnomontium;x;
865;168;153;87;Icigonia;x;
866;0;156;215;Luceres;x;
867;42;159;88;Teltonae;x;
868;84;162;216;Oemanaica;x;
869;126;165;89;Hanica;x;
870;168;168;217;Quelatus;x;
871;0;171;90;Coernane;x;
872;42;174;218;Pebia;x;
873;84;177;91;Cullilgia;x;
874;126;180;219;Dercivia;x;
875;168;183;92;Sentus;x;
876;0;186;220;Oeligene;x;
877;42;189;93;Tredonia;x;
878;84;192;221;Limalitana;x;
879;126;195;94;Iocellia;x;
880;168;198;222;Nogonia;x;
881;0;201;95;Dadonia;x;
882;42;204;223;Trirus;x;
883;84;207;96;Distrerus;x;
884;126;210;224;Quercaria;x;
885;168;0;97;Nicecum;x;
886;168;123;82;Loca;x;
887;126;120;209;Collanaica;x;
888;126;3;154;Nocevia;x;
889;84;117;81;Aepires;x;
890;168;15;227;Ritraea;x;
891;1;18;0;Larmutraea;x;
892;43;21;128;Eulgia;x;
893;85;24;1;Sirmium;x;
894;127;27;129;Bassianae;x;
895;169;30;2;Etatiae;x;
896;1;33;130;Singidunum;x;
897;43;36;3;Iastrolia;x;
898;43;96;13;Cibalae;x;
899;127;42;4;Paria;x;
900;169;45;132;Mursa;x;
901;1;48;5;Noenedonia;x;
902;43;51;133;Lapicia;x;
903;1;93;140;Peria;x;
904;127;57;134;Tanetia;x;
905;169;60;7;Ieres;x;
906;1;63;135;Quiria;x;
907;43;66;8;Eumodonia;x;
908;85;69;136;Lastria;x;
909;127;72;9;Iasorum;x;
910;169;75;137;Eurconaica;x;
911;1;78;10;Eusubia;x;
912;84;132;211;Trimnica;x;
913;0;126;210;Damicia;x;
914;42;129;83;Pocia;x;
915;0;207;25;Empty_915;x;
916;84;0;26;Gacalia;x;
917;126;48;34;Ienae;x;
918;84;45;161;Parmedonia;x;
919;85;39;131;Secirus;x;
920;126;105;79;Quelia;x;
921;42;99;78;Lilantus;x;
922;168;93;77;Anica;x;
923;126;90;204;Dinamontium;x;
924;85;99;141;Sopianae;x;
925;127;102;14;Sarnamnica;x;
926;169;105;142;Ludia;x;
927;1;108;15;Momitraea;x;
928;43;111;143;Henia;x;
929;85;114;16;Ralicum;x;
930;127;117;144;Mansemnium;x;
931;17;40;240;Ienagene;x;
932;169;120;17;Datistria;x;
933;1;123;145;Nutamia;x;
934;43;126;18;Hamonaica;x;
935;85;129;146;Igene;x;
936;127;132;19;Peletus;x;
937;169;132;182;Poetovio;x;
938;1;135;55;Mirmegonia;x;
939;43;138;183;Intus;x;
940;42;39;68;Oeceres;x;
941;84;42;196;Mogentianae;x;
942;126;45;69;Solva;x;
943;168;48;197;Tranitiae;x;
944;0;51;70;Pimnica;x;
945;42;54;198;Saesia;x;
946;0;54;35;Sala;x;
947;42;18;3;Sacene;x;
948;168;63;72;Rillecum;x;
949;0;66;200;Sagonia;x;
950;42;69;73;Callires;x;
951;84;72;201;Dinulitana;x;
952;126;75;74;Senaica;x;
953;168;78;202;Manane Nova;x;
954;0;81;75;Nerus;x;
955;42;84;203;Haltigonia;x;
956;0;96;205;Vindobona;x;
957;84;180;56;Maercestria;x;
958;126;183;184;Savaria;x;
959;126;33;159;Oedonia;x;
960;84;15;156;Gartitamia;x;
961;168;204;152;Scarbantia;x;
962;42;132;48;Carnuntium;x;
963;84;135;176;Aepicia;x;
964;168;171;182;Delane;x;
965;168;141;177;Pinae;x;
966;0;144;50;Iacomnium;x;
967;42;147;178;Pumnium;x;
968;84;150;51;Aetabia;x;
969;126;153;179;Sensania;x;
970;168;156;52;Lermamnica;x;
971;0;159;180;Hiligene;x;
972;42;162;53;Utamia;x;
973;84;87;76;Caercenica;x;
974;168;21;157;Hilia;x;
975;126;90;149;Lidia;x;
976;168;108;207;Gorsium;x;
977;126;78;39;Nunsecum;x;
978;42;27;158;Aquincum;x;
979;126;168;54;Laemae;x;
980;42;210;153;Halitamia;x;
981;168;36;32;Netone;x;
982;0;39;160;Dimontium;x;
983;0;111;80;Bicinae;x;
984;42;12;28;Nalitana;x;
985;0;9;155;Sastria;x;
986;168;51;162;Brigetio;x;
987;42;114;208;Bimeria;x;
988;42;57;163;Nercetia;x;
989;84;60;36;Empty_989;x;
990;126;63;164;Empty_990;x;
991;168;66;37;Empty_991;x;
992;0;69;165;Empty_992;x;
993;42;72;38;Empty_993;x;
994;84;75;166;Empty_994;x;
995;42;6;98;Empty_995;x;
996;168;81;167;Empty_996;x;
997;0;84;40;Empty_997;x;
998;42;87;168;Empty_998;x;
999;84;90;41;Empty_999;x;
1000;126;93;169;Empty_1000;x;
1001;126;12;99;Empty_1001;x;
1002;0;99;170;Empty_1002;x;
1003;42;102;43;Empty_1003;x;
1004;84;105;171;Empty_1004;x;
1005;126;108;44;Empty_1005;x;
1006;168;111;172;Empty_1006;x;
1007;0;114;45;Empty_1007;x;
1008;42;117;173;Empty_1008;x;
1009;84;120;46;Empty_1009;x;
1010;126;123;174;Empty_1010;x;
1011;168;126;47;Empty_1011;x;
1012;0;129;175;Empty_1012;x;
1013;168;6;27;Empty_1013;x;
1014;126;18;29;Empty_1014;x;
1015;42;42;33;Empty_1015;x;
1016;84;57;71;Empty_1016;x;
1017;126;60;199;Empty_1017;x;
1018;0;24;30;Empty_1018;x;
1019;42;177;183;Empty_1019;x;
1020;0;174;55;Empty_1020;x;
1021;84;30;31;Empty_1021;x;
1022;85;54;6;Empty_1022;x;
1023;84;165;181;Empty_1023;x;
1024;168;186;57;Empty_1024;x;
1025;0;189;185;Empty_1025;x;
1026;42;192;58;Empty_1026;x;
1027;84;195;186;Empty_1027;x;
1028;126;198;59;Empty_1028;x;
1029;168;201;187;Empty_1029;x;
1030;0;204;60;Empty_1030;x;
1031;42;207;188;Empty_1031;x;
1032;84;210;61;Empty_1032;x;
1033;126;0;189;Empty_1033;x;
1034;168;3;62;Empty_1034;x;
1035;0;6;190;Empty_1035;x;
1036;42;9;63;Empty_1036;x;
1037;84;12;191;Empty_1037;x;
1038;126;15;64;Empty_1038;x;
1039;168;18;192;Empty_1039;x;
1040;0;21;65;Empty_1040;x;
1041;42;24;193;Empty_1041;x;
1042;84;27;66;Empty_1042;x;
1043;169;135;147;Empty_1043;x;
1044;1;138;20;Empty_1044;x;
1045;43;141;148;Empty_1045;x;
1046;85;144;21;Empty_1046;x;
1047;127;147;149;Empty_1047;x;
1048;169;150;22;Empty_1048;x;
1049;1;153;150;Empty_1049;x;
1050;43;156;23;Empty_1050;x;
1051;85;159;151;Empty_1051;x;
1052;127;162;24;Empty_1052;x;
1053;169;165;152;Empty_1053;x;
1054;1;168;25;Empty_1054;x;
1055;43;171;153;Empty_1055;x;
1056;85;174;26;Empty_1056;x;
1057;127;177;154;Empty_1057;x;
1058;169;180;27;Empty_1058;x;
1059;1;183;155;Empty_1059;x;
1060;43;186;28;Empty_1060;x;
1061;85;189;156;Empty_1061;x;
1062;127;192;29;Empty_1062;x;
1063;169;195;157;Empty_1063;x;
1064;1;198;30;Empty_1064;x;
1065;43;201;158;Empty_1065;x;
1066;85;204;31;Empty_1066;x;
1067;127;207;159;Empty_1067;x;
1068;169;210;32;Empty_1068;x;
1069;1;0;160;Empty_1069;x;
1070;43;3;33;Empty_1070;x;
1071;85;6;161;Empty_1071;x;
1072;127;9;34;Empty_1072;x;
1073;169;12;162;Empty_1073;x;
1074;1;15;35;Empty_1074;x;
1075;43;18;163;Empty_1075;x;
1076;85;21;36;Empty_1076;x;
1077;127;24;164;Empty_1077;x;
1078;169;27;37;Empty_1078;x;
1079;1;30;165;Empty_1079;x;
1080;43;33;38;Empty_1080;x;
1081;85;36;166;Empty_1081;x;
1082;127;39;39;Empty_1082;x;
1083;169;42;167;Empty_1083;x;
1084;1;45;40;Empty_1084;x;
1085;43;48;168;Empty_1085;x;
1086;85;51;41;Empty_1086;x;
1087;127;54;169;Empty_1087;x;
1088;169;57;42;Empty_1088;x;
1089;1;60;170;Empty_1089;x;
1090;43;63;43;Empty_1090;x;
1091;85;66;171;Empty_1091;x;
1092;127;69;44;Empty_1092;x;
1093;169;72;172;Empty_1093;x;
1094;1;75;45;Empty_1094;x;
1095;43;78;173;Empty_1095;x;
1096;85;81;46;Empty_1096;x;
1097;127;84;174;Empty_1097;x;
1098;169;87;47;Empty_1098;x;
1099;1;90;175;Empty_1099;x;
1100;43;93;48;Empty_1100;x;
1101;85;96;176;Empty_1101;x;
1102;127;99;49;Empty_1102;x;
1103;169;102;177;Empty_1103;x;
1104;1;105;50;Empty_1104;x;
1105;43;108;178;Empty_1105;x;
1106;85;111;51;Empty_1106;x;
1107;127;114;179;Empty_1107;x;
1108;169;117;52;Empty_1108;x;
1109;1;120;180;Empty_1109;x;
1110;43;123;53;Empty_1110;x;
1111;85;126;181;Empty_1111;x;
1112;127;129;54;Empty_1112;x;
1113;126;30;194;Empty_1113;x;
1114;168;33;67;Empty_1114;x;
1115;0;36;195;Empty_1115;x;
1116;85;141;56;Empty_1116;x;
1117;127;144;184;Empty_1117;x;
1118;169;147;57;Empty_1118;x;
1119;1;150;185;Empty_1119;x;
1120;43;153;58;Empty_1120;x;
1121;85;156;186;Empty_1121;x;
1122;127;159;59;Empty_1122;x;
1123;169;162;187;Empty_1123;x;
1124;1;165;60;Empty_1124;x;
1125;43;168;188;Empty_1125;x;
1126;85;171;61;Empty_1126;x;
1127;127;174;189;Empty_1127;x;
1128;169;177;62;Empty_1128;x;
1129;1;180;190;Empty_1129;x;
1130;43;183;63;Empty_1130;x;
1131;85;186;191;Kissamos;x;
1132;127;189;64;Kydonia;x;
1133;169;192;192;Lappa;x;
1134;1;195;65;Eleutherna;x;
1135;43;198;193;Phanada;x;
1136;85;201;66;Gortys;x;
1137;127;204;194;Cnossos;x;
1138;169;207;67;Baros;x;
1139;1;210;195;Rhytium;x;
1140;43;0;68;Parocaea;x;
1141;85;3;196;Lato;x;
1142;127;6;69;Hierapytna;x;
1143;169;9;197;Dreros;x;
1144;1;12;70;Karpathos;x;
1145;43;15;198;Kythera;x;
1146;85;18;71;Gazissa;x;
1147;127;21;199;Helus;x;
1148;169;24;72;Eromenion;x;
1149;1;27;200;Augeae;x;
1150;43;30;73;Sparta;x;
1151;85;33;201;Oenippi;x;
1152;127;36;74;Pylos;x;
1153;169;39;202;Gerenia;x;
1154;1;42;75;Messene;x;
1155;43;45;203;Dorium;x;
1156;85;48;76;Phigalia;x;
1157;127;51;204;Lene;x;
1158;169;54;77;Zacynthus;x;
1159;1;57;205;Elis;x;
1160;43;60;78;Myrsinus;x;
1161;85;63;206;Olympia;x;
1162;127;66;79;Posopeion;x;
1163;169;69;207;Troizen;x;
1164;1;72;80;Patras;x;
1165;43;75;208;Rhamnitake;x;
1166;85;78;81;Hais;x;
1167;127;81;209;Sicyros;x;
1168;169;84;82;Sicyon;x;
1169;1;87;210;Epidauros;x;
1170;43;90;83;Argos;x;
1171;85;93;211;Korynthos;x;
1172;127;96;84;Naxedon;x;
1173;169;99;212;Nicopoupoli;x;
1174;1;102;85;Niressa;x;
1175;43;105;213;Pheneus;x;
1176;85;108;86;Kalleutherna;x;
1177;127;111;214;Phocyra;x;
1178;169;114;87;Tegea;x;
1179;1;117;215;Megara;x;
1180;43;120;88;Elefsina;x;
1181;85;123;216;Athenae;x;
1182;127;126;89;Orchithos;x;
1183;169;129;217;Colyrgos;x;
1184;1;132;90;Megeutherna;x;
1185;43;135;218;Thebes;x;
1186;85;138;91;Thisbe;x;
1187;127;141;219;Kerkoezen;x;
1188;169;144;92;Pelonnos;x;
1189;1;147;220;Orchomenos;x;
1190;43;150;93;Chalcis;x;
1191;85;153;221;Eretria;x;
1192;127;156;94;Cerinthus;x;
1193;169;159;222;Myrmekion;x;
1194;1;162;95;Skyros;x;
1195;43;165;223;Styra;x;
1196;85;168;96;Actegea;x;
1197;127;171;224;Gigeneia;x;
1198;169;174;97;Opus;x;
1199;1;177;225;Elatea;x;
1200;43;180;98;Athippia;x;
1201;85;183;226;Trachis;x;
1202;127;186;99;Delphi;x;
1203;169;189;227;Lebetria;x;
1204;1;192;0;Rhamnakros;x;
1205;43;195;128;Naupactus;x;
1206;85;198;1;Demollonia;x;
1207;127;201;129;Themum;x;
1208;169;204;2;Calydon;x;
1209;1;207;130;Scidrais;x;
1210;43;210;3;Andros;x;
1211;85;0;131;Delos;x;
1212;127;3;4;Keos;x;
1213;169;6;132;Melos;x;
1214;1;9;5;Paros;x;
1215;43;12;133;Naxos;x;
1216;85;15;6;Eretropeion;x;
1217;127;18;134;Athine;x;
1218;169;21;7;Empty_1218;x;
1219;1;24;135;Empty_1219;x;
1220;43;27;8;Empty_1220;x;
1221;85;30;136;Empty_1221;x;
1222;127;33;9;Empty_1222;x;
1223;169;36;137;Empty_1223;x;
1224;1;39;10;Empty_1224;x;
1225;43;42;138;Empty_1225;x;
1226;85;45;11;Empty_1226;x;
1227;127;48;139;Empty_1227;x;
1228;169;51;12;Empty_1228;x;
1229;1;54;140;Empty_1229;x;
1230;43;57;13;Empty_1230;x;
1231;85;60;141;Empty_1231;x;
1232;127;63;14;Empty_1232;x;
1233;169;66;142;Empty_1233;x;
1234;1;69;15;Lamia;x;
1235;43;72;143;Alope;x;
1236;85;75;16;Pteleum;x;
1237;127;78;144;Kosidrus;x;
1238;169;81;17;Pharsalos;x;
1239;1;84;145;Demetrias;x;
1240;43;87;18;Hermonnos;x;
1241;85;90;146;Paphontos;x;
1242;127;93;19;Stagegion;x;
1243;169;96;147;Hyeliene;x;
1244;1;99;20;Iolcus;x;
1245;43;102;148;Knidonassa;x;
1246;85;105;21;Diosciene;x;
1247;127;108;149;Larissa;x;
1248;169;111;22;Phila;x;
1249;1;114;150;Troezurii;x;
1250;43;117;23;Pharorion;x;
1251;85;120;151;Morgippi;x;
1252;127;123;24;Tarini;x;
1253;169;126;152;Prousocaea;x;
1254;1;129;25;Astacus;x;
1255;43;132;153;Cephallania;x;
1256;85;135;26;Leucas;x;
1257;127;138;154;Anactorium;x;
1258;169;141;27;Amphateia;x;
1259;1;144;155;Chalcina;x;
1260;43;147;28;Oryreum;x;
1261;85;150;156;Ambracia;x;
1262;127;153;29;Doresia;x;
1263;169;156;157;Corcyra;x;
1264;1;159;30;Nicopolis;x;
1265;43;162;158;Passaron;x;
1266;85;165;31;Ephyra;x;
1267;127;168;159;Photice;x;
1268;169;171;32;Panditake;x;
1269;1;174;160;Dodona;x;
1270;43;177;33;Buthrotum;x;
1271;85;180;161;Onchesmos;x;
1272;127;183;34;Delezus;x;
1273;169;186;162;Hemamahos;x;
1274;1;189;35;Nicoperikon;x;
1275;43;192;163;Pogoni;x;
1276;85;195;36;Gelerikon;x;
1277;127;198;164;Potidnae;x;
1278;169;201;37;Laodelea;x;
1279;1;204;165;Colanes;x;
1280;43;207;38;Emporia;x;
1281;85;210;166;Pelaion;x;
1282;127;0;39;Dimomenus;x;
1283;169;3;167;Gythomenion;x;
1284;1;6;40;Sybeze;x;
1285;43;9;168;Naucragas;x;
1286;85;12;41;Dimae;x;
1287;127;15;169;Kerkens;x;
1288;169;18;42;Pyrgarnae;x;
1289;1;21;170;Dion;x;
1290;43;24;43;Magnicea;x;
1291;85;27;171;Aigeai;x;
1292;127;30;44;Allante;x;
1293;169;33;172;Beroia;x;
1294;1;36;45;Aiane;x;
1295;43;39;173;Pella;x;
1296;85;42;46;Europos;x;
1297;127;45;174;Trinope;x;
1298;169;48;47;Edessa;x;
1299;1;51;175;Orollonia;x;
1300;43;54;48;Myrmendos;x;
1301;85;57;176;Therma;x;
1302;127;60;49;Cherakoma;x;
1303;169;63;177;Juktoinon;x;
1304;1;66;50;Leontegea;x;
1305;43;69;178;Parilene;x;
1306;85;72;51;Aineia;x;
1307;127;75;179;Mende;x;
1308;169;78;52;Berge;x;
1309;1;81;180;Torone;x;
1310;43;84;53;Akte;x;
1311;85;87;181;Naupebes;x;
1312;127;90;54;Selamum;x;
1313;169;93;182;Argilos;x;
1314;1;96;55;Thasos;x;
1315;43;99;183;Amphipolis;x;
1316;85;102;56;Lebethra;x;
1317;127;105;184;Stagysthenes;x;
1318;169;108;57;Iolceum;x;
1319;1;111;185;Sintike;x;
1320;43;114;58;Serrae;x;
1321;85;117;186;Oliliki;x;
1322;127;120;59;Imbregea;x;
1323;169;123;187;Philippi;x;
1324;1;126;60;Bhrytastiraki;x;
1325;43;129;188;Borio;x;
1326;85;132;61;Aphenia;x;
1327;127;135;189;Cythissos;x;
1328;169;138;62;Leprilene;x;
1329;1;141;190;Arnisa;x;
1330;43;144;63;Sinous;x;
1331;85;147;191;Peirioch;x;
1332;127;150;64;Sozaizi;x;
1333;169;153;192;Heira;x;
1334;1;156;65;Aspetri;x;
1335;43;159;193;Syryrian;x;
1336;85;162;66;Syrylos;x;
1337;127;165;194;Stobi;x;
1338;169;168;67;Taninope;x;
1339;1;171;195;Naxemita;x;
1340;43;174;68;Argos Orestikon;x;
1341;85;177;196;Laramum;x;
1342;127;180;69;Byziae;x;
1343;169;183;197;Erethapezus;x;
1344;1;186;70;Zanclactus;x;
1345;43;189;198;Iaseselis;x;
1346;85;192;71;Tomopetri;x;
1347;127;195;199;Didantium;x;
1348;169;198;72;Messini;x;
1349;1;201;200;Herakleia Lynkou;x;
1350;43;204;73;Bhrytoria;x;
1351;85;207;201;Helliri;x;
1352;127;210;74;Gortesia;x;
1353;169;0;202;Aigene;x;
1354;1;3;75;Lapithila;x;
1355;43;6;203;Assyma;x;
1356;85;9;76;Lapithontos;x;
1357;127;12;204;Kasmenomenus;x;
1358;169;15;77;Prousikon;x;
1359;1;18;205;Amantia;x;
1360;43;21;78;Achesmos;x;
1361;85;24;206;Byllis;x;
1362;127;27;79;Appolonia;x;
1363;169;30;207;Oenetri;x;
1364;1;33;80;Orathon;x;
1365;43;36;208;Dyrrachium;x;
1366;85;39;81;Itias;x;
1367;127;42;209;Nicera;x;
1368;169;45;82;Hemiene;x;
1369;1;48;210;Lynkestis;x;
1370;43;51;83;Styberra;x;
1371;85;54;211;Thebeion;x;
1372;127;57;84;Naucrousa;x;
1373;169;60;212;Theoditake;x;
1374;1;63;85;Iteion;x;
1375;43;66;213;Stename;x;
1376;85;69;86;Amphylos;x;
1377;127;72;214;Cebrai;x;
1378;169;75;87;Boraikastro;x;
1379;1;78;215;Sicela;x;
1380;43;81;88;Empty_1380;x;
1381;85;84;216;Empty_1381;x;
1382;127;87;89;Empty_1382;x;
1383;169;90;217;Empty_1383;x;
1384;1;93;90;Empty_1384;x;
1385;43;96;218;Empty_1385;x;
1386;85;99;91;Empty_1386;x;
1387;127;102;219;Empty_1387;x;
1388;169;105;92;Empty_1388;x;
1389;1;108;220;Empty_1389;x;
1390;43;111;93;Empty_1390;x;
1391;85;114;221;Empty_1391;x;
1392;127;117;94;Empty_1392;x;
1393;169;120;222;Empty_1393;x;
1394;1;123;95;Empty_1394;x;
1395;43;126;223;Empty_1395;x;
1396;85;129;96;Empty_1396;x;
1397;127;132;224;Empty_1397;x;
1398;169;135;97;Empty_1398;x;
1399;1;138;225;Empty_1399;x;
1400;43;141;98;Empty_1400;x;
1401;85;144;226;Empty_1401;x;
1402;127;147;99;Empty_1402;x;
1403;169;150;227;Empty_1403;x;
1404;1;153;0;Empty_1404;x;
1405;43;156;128;Empty_1405;x;
1406;85;159;1;Empty_1406;x;
1407;127;162;129;Empty_1407;x;
1408;169;165;2;Empty_1408;x;
1409;1;168;130;Empty_1409;x;
1410;43;171;3;Empty_1410;x;
1411;85;174;131;Empty_1411;x;
1412;169;132;32;Empty_1412;x;
1413;169;180;132;Empty_1413;x;
1414;1;183;5;Empty_1414;x;
1415;43;186;133;Empty_1415;x;
1416;85;189;6;Empty_1416;x;
1417;127;192;134;Empty_1417;x;
1418;169;195;7;Empty_1418;x;
1419;1;198;135;Empty_1419;x;
1420;43;201;8;Empty_1420;x;
1421;85;204;136;Empty_1421;x;
1422;127;207;9;Empty_1422;x;
1423;169;210;137;Empty_1423;x;
1424;1;0;10;Empty_1424;x;
1425;43;3;138;Empillai;x;
1426;85;6;11;Decicea;x;
1427;127;9;139;Lissus;x;
1428;169;12;12;Scodra;x;
1429;1;15;140;Kamaramnus;x;
1430;43;18;13;Olcinium;x;
1431;85;21;141;Agruvium;x;
1432;127;24;14;Ankagoria;x;
1433;169;27;142;Dolcea;x;
1434;1;30;15;Philena;x;
1435;43;33;143;Lamicus;x;
1436;85;36;16;Nymphekion;x;
1437;127;39;144;Phasateia;x;
1438;169;42;17;Taraca;x;
1439;1;45;145;Lindoezen;x;
1440;43;48;18;Nysalos;x;
1441;85;51;146;Tylalia;x;
1442;127;54;19;Sybidnae;x;
1443;169;57;147;Tamnus;x;
1444;1;60;20;Zacystus;x;
1445;86;135;186;Tylorus;x;
1446;128;138;59;Theranda;x;
1447;170;141;187;Abae;x;
1448;2;144;60;Seliri;x;
1449;44;147;188;Achussae;x;
1450;86;150;61;Pharinia;x;
1451;128;153;189;Alolis;x;
1452;170;156;62;Chamekion;x;
1453;2;159;190;Syrapezus;x;
1454;44;162;63;Naxorus;x;
1455;86;165;191;Sklavoli;x;
1456;128;168;64;Petsomenus;x;
1457;0;168;70;Iaseron;x;
1458;2;174;65;Platamea;x;
1459;44;177;193;Dimylos;x;
1460;86;180;66;Philia;x;
1461;170;201;197;Kamarokampos;x;
1462;2;204;70;Eubiene;x;
1463;44;207;198;Tylissake;x;
1464;1;120;30;Pavleze;x;
1465;43;123;158;Pylynthus;x;
1466;85;126;31;Ptelauros;x;
1467;127;129;159;Kameirina;x;
1468;127;177;4;Hellussae;x;
1469;1;135;160;Pavlelis;x;
1470;43;138;33;Hemisos;x;
1471;85;141;161;Maluesa;x;
1472;127;144;34;Eubena;x;
1473;169;147;162;Decopolis;x;
1474;1;150;35;Lapitharae;x;
1475;43;153;163;Didateia;x;
1476;85;156;36;Ithopetri;x;
1477;1;1;221;Myrauros;x;
1478;1;1;240;Abens;x;
1479;1;165;245;Epidens;x;
1480;43;50;200;Prienonion;x;
1481;85;171;166;Phliidaea;x;
1482;127;174;239;Chaphos;x;
1483;169;177;240;Scupi;x;
1484;1;180;240;Cyrontum;x;
1485;43;183;240;Lindone;x;
1486;85;186;240;Pantarnae;x;
1487;127;189;240;Eubymna;x;
1488;169;192;240;Ulpiana;x;
1489;1;195;240;Seloricus;x;
1490;43;198;240;Posodosia;x;
1491;85;201;240;Chalcontos;x;
1492;127;204;240;Cheion;x;
1493;169;207;240;Thermerikon;x;
1494;1;210;240;Netus;x;
1495;43;240;173;Kasmosthena;x;
1496;85;240;240;Athina;x;
1497;127;239;240;Rhodenimahos;x;
1498;169;209;247;Delactus;x;
1499;1;212;175;Vasarnassus;x;
1500;43;15;248;Pyrgoupoli;x;
1501;85;218;176;Naucrylos;x;
1502;127;221;249;Rhithalos;x;
1503;169;224;177;Dardanorum;x;
1504;1;27;50;Nymphofa;x;
1505;195;57;57;Byllapeze;x;
1506;85;33;51;Petsera;x;
1507;127;36;179;Kourona;x;
1508;169;39;52;Vandenis;x;
1509;1;42;180;Sozanais;x;
1510;43;45;53;Aegetros;x;
1511;85;48;181;Viminacium;x;
1512;127;51;54;Hermolis;x;
1513;169;54;182;Kepacuse;x;
1514;1;57;55;Karina;x;
1515;43;60;183;Drobeta;x;
1516;85;63;56;Epinia;x;
1517;127;66;184;Sklavous;x;
1518;169;69;57;Tinth;x;
1519;1;72;185;Massacuse;x;
1520;43;75;58;Epalos;x;
1521;85;78;186;Platomenus;x;
1522;127;81;59;Horreum;x;
1523;169;84;187;Thassippia;x;
1524;1;87;60;Tomamis;x;
1525;43;90;188;Dimontum;x;
1526;85;93;61;Sklaveus;x;
1527;127;96;189;Magnamum;x;
1528;169;99;62;Bononia;x;
1529;1;102;190;Paloezen;x;
1530;43;105;63;Ratiaria;x;
1531;85;108;191;Naissus;x;
1532;127;111;64;Gangrenus;x;
1533;169;114;192;Mia;x;
1534;1;117;65;Lepresia;x;
1535;43;120;193;Pareutherna;x;
1536;85;123;66;Pautalia;x;
1537;127;126;194;Tomagas;x;
1538;169;129;67;Sinopara;x;
1539;1;132;195;Eresydos;x;
1540;43;135;68;Empty_1540;x;
1541;85;138;196;Phocaris;x;
1542;127;141;69;Tomurion;x;
1543;169;144;197;Eretrenes;x;
1544;1;147;70;Knossone;x;
1545;43;150;198;Actenion;x;
1546;85;153;71;Trymna;x;
1547;127;156;199;Potyros;x;
1548;169;159;72;Erythretta;x;
1549;1;162;200;Phaisteum;x;
1550;43;165;73;Kydetri;x;
1551;85;168;201;Myrmeidonia;x;
1552;127;171;74;Kamaromnos;x;
1553;169;174;202;Melta;x;
1554;1;177;75;Nireidonia;x;
1555;43;180;203;Nysollonia;x;
1556;85;183;76;Askasus;x;
1557;127;186;204;Odescus;x;
1558;169;189;77;Abeneia;x;
1559;1;192;205;Pavlesus;x;
1560;43;195;78;Hemaphos;x;
1561;85;198;206;Empty_1561;x;
1562;127;201;79;Empty_1562;x;
1563;169;204;207;Empty_1563;x;
1564;1;207;80;Empty_1564;x;
1565;43;210;208;Empty_1565;x;
1566;85;0;81;Empty_1566;x;
1567;127;3;209;Empty_1567;x;
1568;169;6;82;Empty_1568;x;
1569;1;9;210;Empty_1569;x;
1570;43;12;83;Empty_1570;x;
1571;85;15;211;Empty_1571;x;
1572;127;18;84;Empty_1572;x;
1573;169;21;212;Empty_1573;x;
1574;1;24;85;Empty_1574;x;
1575;43;27;213;Empty_1575;x;
1576;85;30;86;Empty_1576;x;
1577;127;33;214;Empty_1577;x;
1578;169;36;87;Empty_1578;x;
1579;1;39;215;Empty_1579;x;
1580;43;42;88;Empty_1580;x;
1581;85;45;216;Abdera;x;
1582;127;48;89;Larae;x;
1583;169;51;217;Stymphiri;x;
1584;1;54;90;Aletri;x;
1585;43;57;218;Epidenion;x;
1586;85;60;91;Kamarinia;x;
1587;127;63;219;Knossinitida;x;
1588;169;66;92;Kardzhali;x;
1589;1;69;220;Astossos;x;
1590;43;72;93;Nicis;x;
1591;85;75;221;Lemnos;x;
1592;127;78;94;Imbros;x;
1593;169;81;222;Sestus;x;
1594;1;84;95;Paphydon;x;
1595;43;87;223;Hellada;x;
1596;85;90;96;Aionos;x;
1597;127;93;224;Tripodes;x;
1598;169;96;97;Ithale;x;
1599;1;99;225;Nirerna;x;
1600;43;102;98;Aproi;x;
1601;85;105;226;Aspeia;x;
1602;127;108;99;Nicopomnos;x;
1603;169;111;227;Kouripolis;x;
1604;1;114;0;Myramos;x;
1605;43;117;128;Chamila;x;
1606;85;120;1;Poseidippia;x;
1607;127;123;129;Amastiraki;x;
1608;169;126;2;Tragela;x;
1609;1;129;130;Bubloy;x;
1610;43;132;3;Thermidaea;x;
1611;85;135;131;Thronenion;x;
1612;127;138;4;Phasanais;x;
1613;169;141;132;Perinthus;x;
1614;1;144;5;Byzantium;x;
1615;43;147;133;Rhodens;x;
1616;85;150;6;Croteion;x;
1617;127;153;134;Pelidnae;x;
1618;169;156;7;Cyreos;x;
1619;1;159;135;Naupissa;x;
1620;43;162;8;Lamina;x;
1621;85;165;136;Empty_1621;x;
1622;127;168;9;Empty_1622;x;
1623;169;171;137;Empty_1623;x;
1624;1;174;10;Empty_1624;x;
1625;43;177;138;Empty_1625;x;
1626;85;180;11;Theodox;x;
1627;127;183;139;Pisinion;x;
1628;169;186;12;Seliliki;x;
1629;1;189;140;Vasomnos;x;
1630;43;192;13;Philippopolis;x;
1631;85;195;141;Nicopipolis;x;
1632;127;198;14;Gorgebes;x;
1633;169;201;142;Pixale;x;
1634;1;204;15;Amatis;x;
1635;1;43;143;Malleusis;x;
1636;85;210;16;Zaciteia;x;
1637;127;0;144;Larethra;x;
1638;169;3;17;Idenes;x;
1639;1;6;145;Herminus;x;
1640;43;9;18;Tegeusis;x;
1641;85;12;146;Amphauros;x;
1642;127;15;19;Sozonesos;x;
1643;169;18;147;Ereticus;x;
1644;1;21;20;Kannetria;x;
1645;43;24;148;Epiditake;x;
1646;85;27;21;Sitamos;x;
1647;127;30;149;Mylane;x;
1648;169;33;22;Milodes;x;
1649;1;36;150;Asantium;x;
1650;43;39;23;Empty_1650;x;
1651;85;42;151;Seuthopolis;x;
1652;127;45;24;Tylissyn;x;
1653;169;48;152;Ithela;x;
1654;1;51;25;Thyretria;x;
1655;43;54;153;Thermaros;x;
1656;85;57;26;Phaistillai;x;
1657;127;60;154;Dioscypes;x;
1658;169;63;27;Psae;x;
1659;1;66;155;Beroea;x;
1660;43;69;28;Agrinyn;x;
1661;85;72;156;Sideia;x;
1662;127;75;29;Erinth;x;
1663;169;78;157;Naxassa;x;
1664;1;81;30;Kamoezen;x;
1665;43;84;158;Malloezen;x;
1666;85;87;31;Hadrianopolis;x;
1667;127;90;159;Amphidrus;x;
1668;169;93;32;Jukteselis;x;
1669;1;96;160;Methiliki;x;
1670;43;99;33;Myndide;x;
1671;85;102;161;Aphakros;x;
1672;127;105;34;Appolonia;x;
1673;169;108;162;Vasox;x;
1674;1;111;35;Kabyle;x;
1675;43;114;163;Tylissus;x;
1676;85;117;36;Massus;x;
1677;127;120;164;Lepryros;x;
1678;169;123;37;Itocaea;x;
1679;1;126;165;Erythroricus;x;
1680;43;129;38;Nymphethra;x;
1681;85;132;166;Laodurii;x;
1682;127;135;39;Mesambria;x;
1683;169;138;167;Chersipolis;x;
1684;1;141;40;Potetus;x;
1685;43;144;168;Platia;x;
1686;85;147;41;Mononion;x;
1687;127;150;169;Psychrake;x;
1688;169;153;42;Neapocaea;x;
1689;1;156;170;Pandina;x;
1690;43;159;43;Decesos;x;
1691;85;162;171;Empty_1691;x;
1692;127;165;44;Empty_1692;x;
1693;169;168;172;Empty_1693;x;
1694;1;171;45;Empty_1694;x;
1695;43;174;173;Empty_1695;x;
1696;85;177;46;Lamerae;x;
1697;127;180;174;Cyrosia;x;
1698;169;183;47;Hieriopolis;x;
1699;1;186;175;Tylis;x;
1700;43;189;48;Agrinurion;x;
1701;85;192;176;Messeira;x;
1702;127;195;49;Phanaki;x;
1703;169;198;177;Arsicapaeum;x;
1704;1;201;50;Novae;x;
1705;43;204;178;Aigezus;x;
1706;85;207;51;Dissos;x;
1707;127;210;179;Empillai;x;
1708;169;0;52;Nicopolis;x;
1709;1;3;180;Lapitheselis;x;
1710;43;6;53;Mytethra;x;
1711;85;9;181;Tripenion;x;
1712;127;12;54;Epidatrea;x;
1713;169;15;182;Messontos;x;
1714;1;18;55;Plateira;x;
1715;43;21;183;Poseidenes;x;
1716;85;24;56;Amaramnus;x;
1717;127;27;184;Epios;x;
1718;169;30;57;Hyblina;x;
1719;1;33;185;Odessos;x;
1720;43;36;58;Pantofa;x;
1721;85;39;186;Dionysopolis;x;
1722;127;42;59;Cyrens;x;
1723;169;45;187;Ephystus;x;
1724;1;48;60;Itheneia;x;
1725;43;51;188;Ptelantium;x;
1726;85;54;61;Itelea;x;
1727;127;57;189;Abasa;x;
1728;169;60;62;Idanos;x;
1729;1;63;190;Himylos;x;
1730;43;66;63;Leibonesos;x;
1731;85;69;191;Pandoe;x;
1732;127;72;64;Durostorum;x;
1733;169;75;192;Massypes;x;
1734;1;78;65;Epanais;x;
1735;43;81;193;Callatis;x;
1736;85;84;66;Akrathon;x;
1737;127;87;194;Cyrespiae;x;
1738;169;90;67;Platetria;x;
1739;1;93;195;Ankion;x;
1740;43;96;68;Delphurii;x;
1741;85;99;196;Tomis;x;
1742;127;102;69;Heraclepios;x;
1743;169;105;197;Cumaseia;x;
1744;1;108;70;Istrus;x;
1745;43;111;198;Morgares;x;
1746;85;114;71;Lamympia;x;
1747;127;117;199;Asseion;x;
1748;169;120;72;Troesmis;x;
1749;1;123;200;Megope;x;
1750;43;126;73;Pisanes;x;
1751;85;129;201;Noviodunum;x;
1752;127;132;74;Peiropeion;x;
1753;169;135;202;Dasae;x;
1754;1;138;75;Pagous;x;
1755;43;141;203;Sestios;x;
1756;85;144;76;Empty_1756;x;
1757;127;147;204;Empty_1757;x;
1758;169;150;77;Empty_1758;x;
1759;1;153;205;Empty_1759;x;
1760;43;156;78;Empty_1760;x;
1761;85;159;206;Empty_1761;x;
1762;127;162;79;Empty_1762;x;
1763;169;165;207;Empty_1763;x;
1764;1;168;80;Empty_1764;x;
1765;43;171;208;Empty_1765;x;
1766;85;174;81;Empty_1766;x;
1767;127;177;209;Empty_1767;x;
1768;169;180;82;Empty_1768;x;
1769;1;183;210;Empty_1769;x;
1770;43;186;83;Empty_1770;x;
1771;85;189;211;Empty_1771;x;
1772;127;192;84;Empty_1772;x;
1773;169;195;212;Empty_1773;x;
1774;1;198;85;Empty_1774;x;
1775;43;201;213;Empty_1775;x;
1776;85;204;86;Empty_1776;x;
1777;127;207;214;Empty_1777;x;
1778;169;210;87;Empty_1778;x;
1779;1;0;215;Empty_1779;x;
1780;43;3;88;Empty_1780;x;
1781;85;6;216;Empty_1781;x;
1782;127;9;89;Empty_1782;x;
1783;169;12;217;Empty_1783;x;
1784;1;15;90;Empty_1784;x;
1785;43;18;218;Empty_1785;x;
1786;85;21;91;Empty_1786;x;
1787;127;24;219;Empty_1787;x;
1788;169;27;92;Empty_1788;x;
1789;1;30;220;Empty_1789;x;
1790;43;33;93;Empty_1790;x;
1791;85;36;221;Empty_1791;x;
1792;127;39;94;Empty_1792;x;
1793;169;42;222;Empty_1793;x;
1794;1;45;95;Empty_1794;x;
1795;43;48;223;Empty_1795;x;
1796;85;51;96;Empty_1796;x;
1797;127;54;224;Empty_1797;x;
1798;169;57;97;Empty_1798;x;
1799;1;60;225;Empty_1799;x;
1800;43;63;98;Empty_1800;x;
1801;85;66;226;Empty_1801;x;
1802;127;69;99;Empty_1802;x;
1803;169;72;227;Empty_1803;x;
1804;1;75;0;Empty_1804;x;
1805;43;78;128;Empty_1805;x;
1806;85;81;1;Empty_1806;x;
1807;127;84;129;Empty_1807;x;
1808;169;87;2;Empty_1808;x;
1809;1;90;130;Empty_1809;x;
1810;43;93;3;Empty_1810;x;
1811;85;96;131;Empty_1811;x;
1812;127;99;4;Empty_1812;x;
1813;169;102;132;Empty_1813;x;
1814;1;105;5;Empty_1814;x;
1815;43;108;133;Empty_1815;x;
1816;85;111;6;Empty_1816;x;
1817;127;114;134;Empty_1817;x;
1818;169;117;7;Empty_1818;x;
1819;1;120;135;Empty_1819;x;
1820;43;123;8;Empty_1820;x;
1821;85;126;136;Empty_1821;x;
1822;127;129;9;Empty_1822;x;
1823;169;132;137;Empty_1823;x;
1824;1;135;10;Empty_1824;x;
1825;43;138;138;Empty_1825;x;
1826;85;141;11;Empty_1826;x;
1827;127;144;139;Empty_1827;x;
1828;169;147;12;Empty_1828;x;
1829;1;150;140;Empty_1829;x;
1830;43;153;13;Empty_1830;x;
1831;85;156;141;Empty_1831;x;
1832;127;159;14;Empty_1832;x;
1833;169;162;142;Empty_1833;x;
1834;1;165;15;Empty_1834;x;
1835;43;168;143;Empty_1835;x;
1836;85;171;16;Empty_1836;x;
1837;127;174;144;Empty_1837;x;
1838;169;177;17;Empty_1838;x;
1839;1;180;145;Empty_1839;x;
1840;43;183;18;Empty_1840;x;
1841;85;186;146;Empty_1841;x;
1842;127;189;19;Empty_1842;x;
1843;169;192;147;Empty_1843;x;
1844;1;195;20;Empty_1844;x;
1845;43;198;148;Empty_1845;x;
1846;85;201;21;Empty_1846;x;
1847;127;204;149;Empty_1847;x;
1848;169;207;22;Empty_1848;x;
1849;1;210;150;Empty_1849;x;
1850;43;0;23;Empty_1850;x;
1851;85;3;151;Empty_1851;x;
1852;127;6;24;Empty_1852;x;
1853;169;9;152;Empty_1853;x;
1854;1;12;25;Empty_1854;x;
1855;43;15;153;Empty_1855;x;
1856;85;18;26;Empty_1856;x;
1857;127;21;154;Empty_1857;x;
1858;169;24;27;Empty_1858;x;
1859;1;27;155;Empty_1859;x;
1860;43;30;28;Empty_1860;x;
1861;85;33;156;Empty_1861;x;
1862;127;36;29;Empty_1862;x;
1863;169;39;157;Empty_1863;x;
1864;1;42;30;Empty_1864;x;
1865;43;45;158;Empty_1865;x;
1866;85;48;31;Empty_1866;x;
1867;127;51;159;Empty_1867;x;
1868;169;54;32;Empty_1868;x;
1869;1;57;160;Empty_1869;x;
1870;43;60;33;Empty_1870;x;
1871;85;63;161;Empty_1871;x;
1872;127;66;34;Empty_1872;x;
1873;169;69;162;Sharbumar;x;
1874;1;72;35;Enkhethus;x;
1875;43;75;163;Boreum;x;
1876;85;78;36;Hesuris;x;
1877;127;81;164;Kerkharmeru;x;
1878;169;84;37;Shetmabenu;x;
1879;1;87;165;Nemde;x;
1880;43;90;38;Amnou;x;
1881;85;93;166;Berenike;x;
1882;127;96;39;Taucheira;x;
1883;169;99;167;Kudje;x;
1884;1;102;40;Ptolemais;x;
1885;43;105;168;Cyrene;x;
1886;85;108;41;Apollonia;x;
1887;127;111;169;Besemhat;x;
1888;169;114;42;Tjebfukha;x;
1889;1;117;170;Darnis;x;
1890;43;120;43;Shanouzum;x;
1891;85;123;171;Sharihdet;x;
1892;127;126;44;Shesilzum;x;
1893;169;129;172;Antipyrgus;x;
1894;1;132;45;Menmurun;x;
1895;43;135;173;Anta;x;
1896;85;138;46;Qunouma;x;
1897;127;141;174;Embum;x;
1898;169;144;47;Embum;x;
1899;1;147;175;Nebnesut;x;
1900;43;150;48;Kharerun;x;
1901;85;153;176;Djedrenutjer;x;
1902;127;156;49;Acrenu;x;
1903;169;159;177;Paraetonium;x;
1904;1;162;50;Ammonium;x;
1905;43;165;178;Napbetennu;x;
1906;85;168;51;Qulpi;x;
1907;127;171;179;Farsourna;x;
1908;169;174;52;Betusheh;x;
1909;1;177;180;Abbykhen;x;
1910;43;180;53;Akhnu;x;
1911;85;183;181;Nekdju;x;
1912;127;186;54;Tarsemunein;x;
1913;169;189;182;Kherinu;x;
1914;1;192;55;Tazumhat;x;
1915;43;195;183;Khemruna;x;
1916;85;198;56;Kissaidjed;x;
1917;127;201;184;Shatusy;x;
1918;169;204;57;Behdsi;x;
1919;1;207;185;Empty_1919;x;
1920;43;210;58;Khastedos;x;
1921;85;0;186;Djanutennu;x;
1922;127;3;59;Kesosouk;x;
1923;169;6;187;Sasysheh;x;
1924;1;9;60;Leukapsis;x;
1925;43;12;188;Djasi;x;
1926;85;15;61;Kerkhenutjer;x;
1927;127;18;189;Behriyut;x;
1928;169;21;62;Tapi;x;
1929;1;24;190;Naby;x;
1930;43;27;63;Kusdjedjed;x;
1931;85;30;191;Dakhla;x;
1932;127;33;64;Parva;x;
1933;169;36;192;Gessita;x;
1934;1;39;65;Akhzuna;x;
1935;43;42;193;Qissousy;x;
1936;85;45;66;Desiyut;x;
1937;127;48;194;Ekbe;x;
1938;169;51;67;Khaspohdet;x;
1939;1;54;195;Bevapata;x;
1940;43;57;68;Edsou;x;
1941;85;60;196;Mensaitunis;x;
1942;127;63;69;Kerdjuhdet;x;
1943;169;66;197;Gebu;x;
1944;1;69;70;Akhso;x;
1945;43;72;198;Ashva;x;
1946;85;75;71;Tjepihenet;x;
1947;127;78;199;Nemurna;x;
1948;169;81;72;Fadjenein;x;
1949;1;84;200;Andjurna;x;
1950;43;87;73;Tjebnopata;x;
1951;85;90;201;Napdjusiris;x;
1952;127;93;74;Empty_1952;x;
1953;169;96;202;Empty_1953;x;
1954;1;99;75;Empty_1954;x;
1955;43;102;203;Empty_1955;x;
1956;85;105;76;Empty_1956;x;
1957;127;108;204;Cussameru;x;
1958;169;111;77;Abzusma;x;
1959;1;114;205;Alexandria;x;
1960;43;117;78;Tapfurmeru;x;
1961;85;120;206;Thonis;x;
1962;127;123;79;Kissopata;x;
1963;169;126;207;Clypomeru;x;
1964;1;129;80;Nebenemhat;x;
1965;43;132;208;Djetu;x;
1966;85;135;81;Buto;x;
1967;127;138;209;Xois;x;
1968;169;141;82;Sais;x;
1969;1;144;210;Tapdenet;x;
1970;43;147;83;Busiris;x;
1971;85;150;211;Fanoyut;x;
1972;127;153;84;Behdsosouk;x;
1973;169;156;212;Tjebfuthis;x;
1974;1;159;85;Damietta;x;
1975;43;162;213;Setusut;x;
1976;85;165;86;Acsamu;x;
1977;127;168;214;Leontopolis;x;
1978;169;171;87;Qulnenutjer;x;
1979;1;174;215;Khasnouna;x;
1980;43;177;88;Athribis;x;
1981;216;165;85;Tanis;x;
1982;127;183;89;Ebfunutjer;x;
1983;169;186;217;Pelusium;x;
1984;1;189;90;Djasiris;x;
1985;213;104;161;Sharsoun;x;
1986;85;195;91;Rinocolura;x;
1987;127;198;219;Naucratis;x;
1988;169;201;92;Merimda;x;
1989;80;128;54;Memphis;x;
1990;43;207;93;Gepibenu;x;
1991;30;62;221;Avaris;x;
1992;127;0;94;Bubastis;x;
1993;169;3;222;Heroonpolis;x;
1994;1;6;95;Tjenby;x;
1995;121;188;151;Ashsima;x;
1996;85;12;96;Helioupolis;x;
1997;127;15;224;Avdjetaten;x;
1998;169;18;97;Zazu;x;
1999;1;21;225;Clysma;x;
2000;43;24;98;Besbu;x;
2001;85;27;226;Fadjesir;x;
2002;127;30;99;Natrun;x;
2003;169;33;227;Aknokhen;x;
2004;2;36;0;Farru;x;
2005;44;39;128;Dehkhaten;x;
2006;86;42;1;Wanemhat;x;
2007;128;45;129;Besainemhat;x;
2008;170;48;2;Empty_2008;x;
2009;2;51;130;Empty_2009;x;
2010;44;54;3;Empty_2010;x;
2011;86;57;131;Dashur;x;
2012;128;60;4;Lahun;x;
2013;170;63;132;Faiyum;x;
2014;2;66;5;Heracleopolis;x;
2015;44;69;133;Gesahdet;x;
2016;86;72;6;Helwan;x;
2017;128;75;134;Apmanutjer;x;
2018;170;78;7;Nebno;x;
2019;2;81;135;Waporemu;x;
2020;44;84;8;Ashpohenet;x;
2021;86;87;136;Gespo;x;
2022;128;90;9;Behdmebesheh;x;
2023;170;93;137;Hardai;x;
2024;2;96;10;Hermapolis;x;
2025;44;99;138;Amarna;x;
2026;86;102;11;Shetkhahdet;x;
2027;128;105;139;Djedsunis;x;
2028;170;108;12;Qisdjutunis;x;
2029;2;111;140;Badari;x;
2030;44;114;13;Asyut;x;
2031;86;117;141;Qau;x;
2032;128;120;14;Tatenis;x;
2033;170;123;142;Akhmim;x;
2034;2;126;15;Thinis;x;
2035;44;129;143;Abydos;x;
2036;86;132;16;Farsipet;x;
2037;128;135;144;Nebsynis;x;
2038;170;138;17;Nadjurmeru;x;
2039;2;141;145;Dendera;x;
2040;44;144;18;Setby;x;
2041;86;147;146;Behta;x;
2042;128;150;19;Koptos;x;
2043;170;153;147;Thebes;x;
2044;2;156;20;Tod;x;
2045;44;159;148;Qudety;x;
2046;86;162;21;Nekhnudjed;x;
2047;128;165;149;Hierakonpolis;x;
2048;170;168;22;Shetru;x;
2049;2;171;150;Behdpesy;x;
2050;44;174;23;Edfu;x;
2051;86;177;151;Qultaru;x;
2052;128;180;24;Setsou;x;
2053;170;183;152;Kisdjebu;x;
2054;2;186;25;Nevam;x;
2055;44;189;153;Syene;x;
2056;86;192;26;Philae;x;
2057;128;195;154;Cuszubu;x;
2058;170;198;27;Behkhedet;x;
2059;2;201;155;Dehmu;x;
2060;44;204;28;Sesoumty;x;
2061;86;207;156;Khenei;x;
2062;128;210;29;Nakhatennu;x;
2063;170;0;157;Tapse;x;
2064;2;3;30;Kuteris;x;
2065;44;6;158;Sasokhen;x;
2066;86;9;31;Gesse;x;
2067;128;12;159;Apsoupata;x;
2068;170;15;32;Ennesy;x;
2069;2;18;160;Ashtun;x;
2070;44;21;33;Kuvamty;x;
2071;86;24;161;Hibeos;x;
2072;128;27;34;Tjebsurun;x;
2073;170;30;162;Menseris;x;
2074;2;33;35;Clybytunis;x;
2075;44;36;163;Ekdjedju;x;
2076;86;39;36;Kysis;x;
2077;128;42;164;Mothis;x;
2078;170;45;37;Nekzu;x;
2079;2;48;165;Tjebpenutjer;x;
2080;44;51;38;Sharpesheh;x;
2081;86;54;166;Beru;x;
2082;128;57;39;Kisbeset;x;
2083;170;60;167;Abtesa;x;
2084;2;63;40;Memena;x;
2085;44;66;168;Gessumty;x;
2086;86;69;41;Aksaiten;x;
2087;128;72;169;Nekhfuna;x;
2088;170;75;42;Desfutunis;x;
2089;2;78;170;Tappo;x;
2090;44;81;43;Farbubenu;x;
2091;86;84;171;Amru;x;
2092;128;87;44;Quseir;x;
2093;170;90;172;Kusi;x;
2094;2;93;45;Clyssa;x;
2095;44;96;173;Emzupis;x;
2096;86;99;46;Qisdena;x;
2097;128;102;174;Qiskhe;x;
2098;170;105;47;Khetesir;x;
2099;2;108;175;Berenice;x;
2100;44;111;48;Shetneizum;x;
2101;86;114;176;Qime;x;
2102;128;117;49;Djekhesiris;x;
2103;170;120;177;Qubyrma;x;
2104;2;123;50;Djanpodet;x;
2105;44;126;178;Sanouma;x;
2106;86;129;51;Khemsoupata;x;
2107;128;132;179;Menkhatunis;x;
2108;170;135;52;Avnouty;x;
2109;2;138;180;Kenetaten;x;
2110;44;141;53;Faneibu;x;
2111;86;144;181;Qudjuyut;x;
2112;128;147;54;Setre;x;
2113;170;150;182;Cusnoris;x;
2114;2;153;55;Curudet;x;
2115;44;156;183;Behpotunis;x;
2116;86;159;56;Kusfunet;x;
2117;128;162;184;Djedjenein;x;
2118;170;165;57;Ebri;x;
2119;2;168;185;Setbymhat;x;
2120;44;171;58;Fartetaten;x;
2121;86;174;186;Sakte;x;
2122;128;177;59;Tarresma;x;
2123;170;180;187;Farfumunein;x;
2124;2;183;60;Besruta;x;
2125;44;186;188;Anfubu;x;
2126;86;189;61;Kersefu;x;
2127;128;192;189;Aksadet;x;
2128;170;195;62;Saksounein;x;
2129;2;198;190;Dehbysy;x;
2130;44;201;63;Qinorun;x;
2131;86;204;191;Bepesa;x;
2132;128;207;64;Abrus;x;
2133;170;210;192;Napmaruna;x;
2134;2;0;65;Gessapet;x;
2135;44;3;193;Kuva;x;
2136;86;6;66;Shetsaibenu;x;
2137;128;9;194;Djebysut;x;
2138;170;12;67;Empty_2138;x;
2139;2;15;195;Empty_2139;x;
2140;44;18;68;Empty_2140;x;
2141;86;21;196;Empty_2141;x;
2142;128;24;69;Empty_2142;x;
2143;170;27;197;Empty_2143;x;
2144;2;30;70;Empty_2144;x;
2145;44;33;198;Empty_2145;x;
2146;86;36;71;Empty_2146;x;
2147;128;39;199;Empty_2147;x;
2148;170;42;72;Empty_2148;x;
2149;2;45;200;Empty_2149;x;
2150;44;48;73;Empty_2150;x;
2151;86;51;201;Empty_2151;x;
2152;128;54;74;Empty_2152;x;
2153;170;57;202;Empty_2153;x;
2154;2;60;75;Empty_2154;x;
2155;44;63;203;Empty_2155;x;
2156;86;66;76;Empty_2156;x;
2157;128;69;204;Empty_2157;x;
2158;170;72;77;Empty_2158;x;
2159;2;75;205;Empty_2159;x;
2160;44;78;78;Empty_2160;x;
2161;86;81;206;Empty_2161;x;
2162;128;84;79;Empty_2162;x;
2163;170;87;207;Empty_2163;x;
2164;2;90;80;Empty_2164;x;
2165;44;93;208;Empty_2165;x;
2166;86;96;81;Empty_2166;x;
2167;128;99;209;Empty_2167;x;
2168;170;102;82;Empty_2168;x;
2169;2;105;210;Empty_2169;x;
2170;44;108;83;Empty_2170;x;
2171;86;111;211;Empty_2171;x;
2172;128;114;84;Empty_2172;x;
2173;170;117;212;Empty_2173;x;
2174;2;120;85;Empty_2174;x;
2175;44;123;213;Empty_2175;x;
2176;86;126;86;Empty_2176;x;
2177;128;129;214;Empty_2177;x;
2178;170;132;87;Empty_2178;x;
2179;2;135;215;Empty_2179;x;
2180;44;138;88;Empty_2180;x;
2181;86;141;216;Empty_2181;x;
2182;128;144;89;Empty_2182;x;
2183;170;147;217;Empty_2183;x;
2184;2;150;90;Empty_2184;x;
2185;44;153;218;Empty_2185;x;
2186;86;156;91;Empty_2186;x;
2187;128;159;219;Empty_2187;x;
2188;170;162;92;Empty_2188;x;
2189;2;165;220;Empty_2189;x;
2190;44;168;93;Empty_2190;x;
2191;86;171;221;Empty_2191;x;
2192;128;174;94;Empty_2192;x;
2193;170;177;222;Empty_2193;x;
2194;2;180;95;Empty_2194;x;
2195;44;183;223;Empty_2195;x;
2196;86;186;96;Empty_2196;x;
2197;128;189;224;Empty_2197;x;
2198;170;192;97;Empty_2198;x;
2199;2;195;225;Empty_2199;x;
2200;44;198;98;Empty_2200;x;
2201;86;201;226;Empty_2201;x;
2202;128;204;99;Empty_2202;x;
2203;170;207;227;Paphos;x;
2204;2;210;0;Marion;x;
2205;44;0;128;Kourion;x;
2206;86;3;1;Soloi;x;
2207;128;6;129;Amathus;x;
2208;170;9;2;Tamassos;x;
2209;2;12;130;Lapethos;x;
2210;44;15;3;Idalion;x;
2211;86;18;131;Kition;x;
2212;128;21;4;Ledrai;x;
2213;170;24;132;Chytroi;x;
2214;2;27;5;Carpasia;x;
2215;44;30;133;Salamis;x;
2216;86;33;6;Empty_2216;x;
2217;128;36;134;Empty_2217;x;
2218;170;39;7;Coracesium;x;
2219;2;42;135;Gerekle;x;
2220;44;45;8;Selinus;x;
2221;86;48;136;Anemurion;x;
2222;128;51;9;Adrasos;x;
2223;170;54;137;Mehmezkale;x;
2224;2;57;10;Nazaralam;x;
2225;44;60;138;Deylahkal;x;
2226;86;63;11;Umm Qabair;x;
2227;128;66;139;Tall Afawr;x;
2228;170;69;12;El Alaqadah;x;
2229;2;72;140;Manzater;x;
2230;44;75;13;Yasfan;x;
2231;86;78;141;Uqaiha;x;
2232;128;81;14;Chaqih;x;
2233;170;84;142;Tarsus;x;
2234;2;87;15;Diydah;x;
2235;44;90;143;Adana;x;
2236;86;93;16;Muzedaya;x;
2237;128;96;144;Masyaliyah;x;
2238;170;99;17;Mallus;x;
2239;2;102;145;Aglazar;x;
2240;44;105;18;Dogadere;x;
2241;86;108;146;Naghargan;x;
2242;128;111;19;Issus;x;
2243;170;114;147;Senerahan;x;
2244;2;117;20;Rhosos;x;
2245;44;120;148;Daiter;x;
2246;86;123;21;Tall Khamadi;x;
2247;128;126;149;Zubawah;x;
2248;170;129;22;Hierapolis;x;
2249;2;132;150;Azitawatas;x;
2250;44;135;23;Naqarbin;x;
2251;86;138;151;Rumaisha;x;
2252;128;141;24;Empty_2252;x;
2253;170;144;152;Empty_2253;x;
2254;2;147;25;Empty_2254;x;
2255;44;150;153;Seleukeia;x;
2256;86;153;26;Antiochia;x;
2257;128;156;154;Yadmi;x;
2258;170;159;27;Al-Mukarbah;x;
2259;2;162;155;Al-Manuhi;x;
2260;44;165;28;Samal;x;
2261;86;168;156;Junazeraa;x;
2262;128;171;29;Suramsiyah;x;
2263;170;174;157;Laodicea;x;
2264;2;177;30;Ugarit;x;
2265;44;180;158;Felassu;x;
2266;86;183;31;Aradus;x;
2267;128;186;159;Aharman;x;
2268;170;189;32;Tripolis;x;
2269;2;192;160;Byblos;x;
2270;44;195;33;Berytus;x;
2271;86;198;161;Sidon;x;
2272;128;201;34;Tyre;x;
2273;170;204;162;Ardaveh;x;
2274;2;207;35;Tel Kesra;x;
2275;44;210;163;Mokrit;x;
2276;86;0;36;Baalbeck;x;
2277;128;3;164;Caiter;x;
2278;170;6;37;Acre;x;
2279;2;9;165;Emesa;x;
2280;44;12;38;Riyashawai;x;
2281;86;15;166;Rabihyan;x;
2282;128;18;39;Farayla;x;
2283;170;21;167;Mahaqbanah;x;
2284;2;24;40;Samosata;x;
2285;44;27;168;Qa'ijjah;x;
2286;86;30;41;Al Disakah;x;
2287;128;33;169;Hamiwayda;x;
2288;170;36;42;Ilincik;x;
2289;2;39;170;Bagasan;x;
2290;44;42;43;Karkemish;x;
2291;86;45;171;Empty_2291;x;
2292;128;48;44;Empty_2292;x;
2293;170;51;172;Empty_2293;x;
2294;2;54;45;Empty_2294;x;
2295;44;57;173;Empty_2295;x;
2296;86;60;46;Til Barsip;x;
2297;128;63;174;Nimpiqi;x;
2298;170;66;47;Parsastan;x;
2299;2;69;175;Foutian;x;
2300;44;72;48;Sura;x;
2301;86;75;176;Khanadiyah;x;
2302;128;78;49;Ad Diwatha;x;
2303;170;81;177;Al-Kanarbin;x;
2304;2;84;50;Qarqar;x;
2305;44;87;178;Nicephorium;x;
2306;86;90;51;Shuhag;x;
2307;128;93;179;Tabounomah;x;
2308;170;96;52;Laqi;x;
2309;2;99;180;Circesium;x;
2310;44;102;53;Mukadiyah;x;
2311;86;105;181;Nijjah;x;
2312;128;108;54;Azawda;x;
2313;170;111;182;Al Ruheibulus;x;
2314;2;114;55;Terqa;x;
2315;44;117;183;Pirapinari;x;
2316;86;120;56;Khindanu;x;
2317;128;123;184;Haradu;x;
2318;170;126;57;Khan;x;
2319;2;129;185;Tell Ubaina;x;
2320;44;132;58;Muqdallah;x;
2321;43;63;148;Kinalua;x;
2322;85;66;21;Etaqiya;x;
2323;127;69;149;Maghahalla;x;
2324;169;72;22;Fararija;x;
2325;1;75;150;Laliyah;x;
2326;43;78;23;Mabbog;x;
2327;85;81;151;As-Saibam;x;
2328;127;84;24;Sihnakhoura;x;
2329;169;87;152;Boreana;x;
2330;1;90;25;Beroia;x;
2331;43;93;153;Tehravar;x;
2332;85;96;26;Mehmekoca;x;
2333;127;99;154;Arpad;x;
2334;169;102;27;Halab;x;
2335;1;105;155;Khatarika;x;
2336;43;108;28;Ramsafabad;x;
2337;128;183;194;Empty_2337;x;
2338;170;186;67;Empty_2338;x;
2339;2;189;195;Ramafar;x;
2340;44;192;68;Hamath;x;
2341;86;195;196;Al-Qa'ijaf;x;
2342;128;198;69;Sfire;x;
2343;85;111;156;Tell Afis;x;
2344;127;114;29;Jizazzan;x;
2345;169;117;157;Rabiqbah;x;
2346;86;210;71;Al-Ghaidiyya;x;
2347;128;0;199;Al-Qudah;x;
2348;170;3;72;Qatalin;x;
2349;2;6;200;Atalkhad;x;
2350;44;9;73;Nusanhisar;x;
2351;86;12;201;Seriane;x;
2352;128;15;74;Karasan;x;
2353;170;18;202;Sardalfa;x;
2354;2;21;75;Mahajarm;x;
2355;44;24;203;Tel Khanawr;x;
2356;86;27;76;Niysan;x;
2357;128;30;204;Palmyra;x;
2358;170;33;77;El Mahasyoun;x;
2359;2;36;205;Damascus;x;
2360;44;39;78;Qallireen;x;
2361;86;42;206;Empty_2361;x;
2362;128;45;79;Empty_2362;x;
2363;170;48;207;Empty_2363;x;
2364;2;51;80;Uqairasan;x;
2365;44;54;208;Hurariyah;x;
2366;86;57;81;Ma'bahi;x;
2367;128;60;209;At-Tumran;x;
2368;170;63;82;Latasayr;x;
2369;2;66;210;Shaqib;x;
2370;44;69;83;Gökonpasa;x;
2371;86;72;211;Gökonlik;x;
2372;128;75;84;Tehrabod;x;
2373;170;78;212;Saratian;x;
2374;2;81;85;Al Falluysan;x;
2375;44;84;213;Sumerra;x;
2376;86;87;86;As-Sitikh;x;
2377;128;90;214;Banisae;x;
2378;170;93;87;Al Quybah;x;
2379;2;96;215;Al Lizah;x;
2380;44;99;88;Mobs;x;
2381;44;114;218;Empty_2381;x;
2382;86;117;91;Empty_2382;x;
2383;128;120;219;Empty_2383;x;
2384;170;123;92;Ar-Rahitra;x;
2385;2;126;220;Rabilakh;x;
2386;44;129;93;Al Rasaniyah;x;
2387;86;132;221;Fashast;x;
2388;128;135;94;Zarribeh;x;
2389;170;138;222;Ad Diwatra;x;
2390;2;141;95;Ad Diwahok;x;
2391;44;144;223;Al-Katara;x;
2392;86;147;96;Al-Warnis;x;
2393;128;150;224;Sakammam;x;
2394;170;153;97;Zunura;x;
2395;2;156;225;Ar-Rala;x;
2396;44;159;98;Jabischa;x;
2397;86;162;226;Mishedin;x;
2398;128;165;99;Bustadmur;x;
2399;170;168;227;Bonadoab;x;
2400;2;171;0;Astastar;x;
2401;44;174;128;Lagabair;x;
2402;86;177;1;Aila;x;
2403;128;180;129;Auara;x;
2404;170;183;2;Marahag;x;
2405;2;186;130;Petra;x;
2406;44;189;3;Baltifta;x;
2407;86;192;131;Khomam;x;
2408;128;195;4;Eboda;x;
2409;170;198;132;Raphia;x;
2410;2;201;5;Nessana;x;
2411;44;204;133;Al Liweeiyah;x;
2412;86;207;6;Yariydah;x;
2413;128;210;134;Ja'ahan;x;
2414;170;0;7;Jerusalem;x;
2415;2;3;135;Al Hamanah;x;
2416;44;6;8;Hebron;x;
2417;86;9;136;Beersheba;x;
2418;128;12;9;Al Ramas;x;
2419;170;15;137;Lahish;x;
2420;2;18;10;Gaza;x;
2421;44;21;138;Empty_2401;x;
2422;86;24;11;Empty_2402;x;
2423;128;27;139;Empty_2403;x;
2424;170;30;12;Empty_2404;x;
2425;2;33;140;Ashkelon;x;
2426;44;36;13;Ashdod;x;
2427;86;39;141;Jericho;x;
2428;128;42;14;Beit El;x;
2429;170;45;142;Malazvin;x;
2430;2;48;15;Jaffa;x;
2431;44;51;143;Dor;x;
2432;86;54;16;Samaria;x;
2433;128;57;144;Khashn;x;
2434;170;60;17;Dhamah;x;
2435;2;63;145;Yawdar;x;
2436;44;66;18;Dan;x;
2437;86;69;146;Huzundi;x;
2438;128;72;19;Borarmuj;x;
2439;170;75;147;Jerash;x;
2440;2;78;20;Ramsaj;x;
2441;44;81;148;Sumerkuk;x;
2442;86;84;21;Babyna;x;
2443;128;87;149;Sumutara;x;
2444;170;90;22;Ismailqas;x;
2445;2;93;150;Thuwarashi;x;
2446;44;96;23;Qatidiq;x;
2447;86;99;151;Ad-Diyya;x;
2448;128;102;24;Marhimnat;x;
2449;170;105;152;Al Naffag;x;
2450;2;108;25;Kome;x;
2451;44;111;153;Empty_2451;x;
2452;86;114;26;Empty_2452;x;
2453;128;117;154;Empty_2453;x;
2454;170;120;27;Empty_2454;x;
2455;2;123;155;Empty_2455;x;
2456;44;126;28;Empty_2456;x;
2457;86;129;156;Empty_2457;x;
2458;128;132;29;Empty_2458;x;
2459;170;135;157;Mneedin;x;
2460;2;138;30;Bademli;x;
2461;44;141;158;Pasigzi;x;
2462;86;144;31;Dibon;x;
2463;128;147;159;Rabbath;x;
2464;170;150;32;Heriroun;x;
2465;2;153;160;Alayaan;x;
2466;44;156;33;Nuzirnah;x;
2467;86;159;161;Bozrah;x;
2468;128;162;34;Haqlaqin;x;
2469;170;165;162;Cudh;x;
2470;2;168;35;El Sasan;x;
2471;44;171;163;Rabisan;x;
2472;86;174;36;Bibha;x;
2473;128;177;164;Ar-Rarawi;x;
2474;170;180;37;Ma'baqbanah;x;
2475;2;183;165;Harennish;x;
2476;44;186;38;Jassedan;x;
2477;86;189;166;Ashtaroth;x;
2478;128;192;39;Empty_2478;x;
2479;170;195;167;Empty_2479;x;
2480;2;198;40;Empty_2480;x;
2481;44;201;168;Empty_2481;x;
2482;86;204;41;Empty_2482;x;
2483;128;207;169;Empty_2483;x;
2484;170;210;42;Empty_2484;x;
2485;2;0;170;Empty_2485;x;
2486;44;3;43;Empty_2486;x;
2487;86;6;171;Takar;x;
2488;128;9;44;Marajarm;x;
2489;170;12;172;An Rusra;x;
2490;2;15;45;Sumutara;x;
2491;44;18;173;Cutara;x;
2492;86;21;46;Buraqaiq;x;
2493;128;24;174;Al-Mukahar;x;
2494;170;27;47;Zweinaynat;x;
2495;2;30;175;Bardarand;x;
2496;44;33;48;Ruwwafah;x;
2497;86;36;176;Nisiyyah;x;
2498;128;39;49;Ramayji;x;
2499;170;42;177;Etakh;x;
2500;156;219;227;Empty_2500;x;
2501;90;212;227;Empty_2501;x;
2502;72;204;220;Empty_2502;x;
2503;137;228;239;Armayna;x;
2504;164;216;222;Anatha;x;
2505;175;241;249;Jabajh;x;
2506;219;243;246;Al-Qalif;x;
2507;92;241;234;Hennasayr;x;
2508;41;209;215;Salaveli;x;
2509;104;209;214;Duronkaya;x;
2510;137;210;217;Khomeyer;x;
2511;49;209;215;Behbandaj;x;
2512;80;209;213;Nasirikho;x;
2513;154;233;236;Baladariya;x;
2514;27;227;234;Farrani;x;
2515;92;227;234;Dur Katlimmu;x;
2516;104;209;213;Al Jami;x;
2517;150;231;234;Tuttul;x;
2518;154;236;239;Sadiklani;x;
2519;61;248;255;Al-Muhr;x;
2520;153;240;243;Binnilbeh;x;
2521;117;220;224;Al Baritra;x;
2522;105;204;208;Agasler;x;
2523;147;173;214;Resaina;x;
2524;48;210;219;Kalaturak;x;
2525;2;120;190;Faran;x;
2526;51;209;215;Kiladoab;x;
2527;80;156;215;Al Iskaphon;x;
2528;128;198;255;Iskahdad;x;
2529;23;198;255;Baltilem;x;
2530;23;224;255;Nabalwan;x;
2531;118;220;224;Empty_2531;x;
2532;106;204;208;Empty_2532;x;
2533;148;173;214;Empty_2533;x;
2534;49;210;219;Empty_2534;x;
2535;3;120;190;Bibha;x;
2536;52;209;215;Al Qunfurma;x;
2537;81;156;215;Qa'irakh;x;
2538;129;198;255;Dhawkhah;x;
2539;24;198;255;Mayasra;x;
2540;24;224;255;Jassennish;x;
2541;119;220;224;Piratlu;x;
2542;107;204;208;Surur;x;
2543;149;173;214;Jiroyer;x;
2544;50;210;219;Balosht;x;
2545;4;120;190;Singara;x;
2546;53;209;215;Kurda;x;
2547;82;156;215;Tall Kaniyah;x;
2548;130;198;255;Al-Kanakh;x;
2549;25;198;255;Amamiya;x;
2550;25;224;255;Empty_2550;x;
2551;44;198;203;Wadimran;x;
2552;86;201;176;Tabete;x;
2553;128;204;204;Chazz;x;
2554;70;107;177;Harran;x;
2555;5;210;205;Khuzirina;x;
2556;44;0;78;Arramiyah;x;
2557;86;3;206;Surug;x;
2558;128;6;255;Hadatu;x;
2559;70;9;207;Til Abni;x;
2560;26;12;80;Acagmus;x;
2561;45;198;203;Natanshah;x;
2562;87;201;255;Minoomsar;x;
2563;129;204;204;Babala;x;
2564;171;207;177;Tel Kadhidiyah;x;
2565;6;210;205;Amasuf;x;
2566;45;0;78;Dendeltim;x;
2567;87;3;206;Amida;x;
2568;29;176;255;Sakazah;x;
2569;71;9;207;Najrabalah;x;
2570;27;12;80;Al-Kiqban;x;
2571;46;198;203;Baizz;x;
2572;88;201;176;Talkasab;x;
2573;130;204;204;Brummannadi;x;
2574;172;207;255;Oruchan;x;
2575;7;210;205;Tushan;x;
2576;46;0;78;Tushka;x;
2577;88;3;206;Abu Surut;x;
2578;30;116;179;Agandera;x;
2579;172;119;207;Uyami;x;
2580;28;12;80;Qaireg;x;
2581;44;75;210;Lahisab;x;
2582;25;237;230;Junarke;x;
2583;42;198;230;Kememli;x;
2584;41;142;230;Mahapur;x;
2585;2;247;220;Meyash;x;
2586;44;90;200;Haqlawr;x;
2587;86;164;220;Haihyan;x;
2588;28;196;220;Dubamam;x;
2589;70;99;240;Habayya;x;
2590;2;102;190;Qamiforrah;x;
2591;44;75;211;Sarirdi;x;
2592;25;237;231;Najanab;x;
2593;42;198;231;Nisbis;x;
2594;41;142;231;Zarahroud;x;
2595;2;247;221;Tel Hadin;x;
2596;44;90;201;Qahaseir;x;
2597;86;164;221;Talima;x;
2598;28;196;221;Empty_2598;x;
2599;70;99;241;Empty_2599;x;
2600;2;102;191;Empty_2600;x;
2601;44;75;212;Empty_2601;x;
2602;25;237;232;Empty_2602;x;
2603;42;198;232;Empty_2603;x;
2604;41;142;232;Empty_2604;x;
2605;2;247;222;Empty_2605;x;
2606;44;90;202;Empty_2606;x;
2607;86;164;222;Empty_2607;x;
2608;28;196;222;Empty_2608;x;
2609;70;99;242;Empty_2609;x;
2610;2;102;192;Empty_2610;x;
2611;44;75;213;Empty_2611;x;
2612;25;237;233;Empty_2612;x;
2613;42;198;233;Empty_2613;x;
2614;41;142;233;Empty_2614;x;
2615;2;247;223;Empty_2615;x;
2616;44;90;203;Empty_2616;x;
2617;86;164;223;Empty_2617;x;
2618;28;196;223;Empty_2618;x;
2619;70;99;243;Empty_2619;x;
2620;2;102;193;Empty_2620;x;
2621;44;75;214;Empty_2621;x;
2622;25;237;234;Empty_2622;x;
2623;42;198;234;Empty_2623;x;
2624;41;142;234;Empty_2624;x;
2625;2;247;224;Empty_2625;x;
2626;44;90;204;Empty_2626;x;
2627;86;164;224;Empty_2627;x;
2628;28;196;224;Empty_2628;x;
2629;70;99;244;Empty_2629;x;
2630;2;102;194;Empty_2630;x;
2631;44;75;215;Empty_2631;x;
2632;25;237;235;Empty_2632;x;
2633;42;198;235;Empty_2633;x;
2634;41;142;235;Empty_2634;x;
2635;2;247;225;Empty_2635;x;
2636;44;90;205;Empty_2636;x;
2637;86;164;225;Posane;x;
2638;28;196;225;Mytilene;x;
2639;70;99;245;Chios;x;
2640;2;102;195;Ilion;x;
2641;44;75;216;Assos;x;
2642;25;237;236;Cumanos;x;
2643;42;198;236;Nysamea;x;
2644;41;142;236;Pagapolis;x;
2645;2;247;226;Askamahos;x;
2646;44;90;206;Adramyttion;x;
2647;86;164;226;Thorenion;x;
2648;28;196;226;Mantanthus;x;
2649;70;99;246;Ephillai;x;
2650;2;102;196;Stenila;x;
2651;44;75;217;Kimmegea;x;
2652;25;237;237;Salantina;x;
2653;42;198;237;Kameiresos;x;
2654;41;142;237;Hyeleron;x;
2655;2;247;227;Attea;x;
2656;44;90;207;Pitane;x;
2657;86;164;227;Nicymna;x;
2658;28;196;227;Phocopeion;x;
2659;70;99;247;Milyras;x;
2660;2;102;197;Elea;x;
2661;44;75;218;Cyme;x;
2662;25;237;238;Kimmessos;x;
2663;42;198;238;Doraseia;x;
2664;41;142;238;Teos;x;
2665;2;247;228;Smyrna;x;
2666;44;90;208;Stymphathon;x;
2667;86;164;228;Iolcasae;x;
2668;28;196;228;Ephesus;x;
2669;70;99;248;Gissos;x;
2670;2;102;198;Samos;x;
2671;44;75;219;Panionion;x;
2672;25;237;239;Kos;x;
2673;42;198;239;Miletus;x;
2674;41;142;239;Halicarnassus;x;
2675;2;247;229;Mylasa;x;
2676;44;90;209;Knidos;x;
2677;86;164;229;Orcherma;x;
2678;28;196;229;Delphampos;x;
2679;70;99;249;Rhodes;x;
2680;2;102;199;Stratonicea;x;
2681;44;75;220;Asklatrea;x;
2682;25;237;240;Tenasus;x;
2683;42;198;240;Arsous;x;
2684;41;142;240;Potenus;x;
2685;2;247;230;Magnesia;x;
2686;44;90;210;Kamaros;x;
2687;86;164;230;Thyraia;x;
2688;28;196;230;Spartippia;x;
2689;70;99;210;Colythrae;x;
2690;2;102;220;Alabanda;x;
2691;44;75;221;Brauressa;x;
2692;25;237;241;Lindigona;x;
2693;42;198;241;Delphemita;x;
2694;41;142;241;Temnus;x;
2695;2;247;231;Pergamon;x;
2696;44;90;211;Sardes;x;
2697;86;164;231;Laodasa;x;
2698;28;196;231;Pergyrna;x;
2699;70;99;211;Taurorus;x;
2700;2;102;221;Myloukome;x;
2701;44;75;222;Hemidnae;x;
2702;25;237;242;Alegion;x;
2703;42;198;242;Diosetrias;x;
2704;41;142;242;Pelarnae;x;
2705;2;247;232;Thorussae;x;
2706;44;90;212;Himicapaeum;x;
2707;86;164;232;Hydeion;x;
2708;28;196;232;Erarnassus;x;
2709;70;99;212;Stenonassa;x;
2710;2;102;222;Lapaion;x;
2711;44;75;223;Syrara;x;
2712;25;237;243;Monateia;x;
2713;42;198;243;Ankessos;x;
2714;41;142;243;Ephiri;x;
2715;2;247;233;Diosium;x;
2716;44;90;213;Pellarae;x;
2717;86;164;233;Ambenes;x;
2718;28;196;233;Ialione;x;
2719;70;99;213;Dyscyleion;x;
2720;2;102;223;Trapokampos;x;
2721;44;75;224;Empty_2721;x;
2722;25;237;244;Empty_2722;x;
2723;42;198;244;Empty_2723;x;
2724;41;142;244;Empty_2724;x;
2725;2;247;234;Empty_2725;x;
2726;44;90;214;Empty_2726;x;
2727;86;164;234;Empty_2727;x;
2728;28;196;234;Ankelis;x;
2729;70;99;214;Pergenae;x;
2730;2;102;224;Gythaizi;x;
2731;44;75;225;Kepina;x;
2732;25;237;245;Pyloskopeion;x;
2733;42;198;245;Gournessa;x;
2734;41;142;245;Magninus;x;
2735;2;247;235;Milicus;x;
2736;44;90;215;Magnissos;x;
2737;86;164;235;Kimmos;x;
2738;28;196;235;Rhithesus;x;
2739;70;99;215;Posegea;x;
2740;2;102;225;Gazoezen;x;
2741;44;75;226;Megaliri;x;
2742;25;237;246;Bouthranos;x;
2743;42;198;246;Artarnacia;x;
2744;41;142;246;Binitida;x;
2745;2;247;236;Kimmactus;x;
2746;44;90;216;Salione;x;
2747;86;164;236;Lapithitida;x;
2748;28;196;236;Corcion;x;
2749;70;99;216;Rhypamnus;x;
2750;2;102;226;Pinicapaeum;x;
2751;44;75;227;Monope;x;
2752;25;237;247;Mytelis;x;
2753;42;198;247;Smyrnosthena;x;
2754;41;142;247;Olynthigeneia;x;
2755;2;247;237;Dioscous;x;
2756;44;90;217;Kamada;x;
2757;86;164;237;Stagonassa;x;
2758;28;196;237;Ryreum;x;
2759;70;99;217;Kadoi;x;
2760;2;102;227;Sybenai;x;
2761;44;75;228;Lefkithos;x;
2762;25;237;248;Thurolis;x;
2763;42;198;248;Patrestias;x;
2764;41;142;248;Prousinus;x;
2765;2;247;238;Tragegea;x;
2766;44;90;218;Oenelis;x;
2767;86;164;238;Pisampos;x;
2768;28;196;238;Tyita;x;
2769;70;99;218;Borilene;x;
2770;2;102;228;Onchamis;x;
2771;44;75;229;Zacoinion;x;
2772;25;237;249;Vasypes;x;
2773;42;198;249;Psychrympia;x;
2774;41;142;249;Pavlicyon;x;
2775;2;247;239;Doryleum;x;
2776;44;90;219;Nicasa;x;
2777;86;164;239;Aenita;x;
2778;28;196;239;Laodotiri;x;
2779;70;99;219;Eubapolis;x;
2780;2;102;229;Athium;x;
2781;1;50;230;Chersolis;x;
2782;173;197;230;Paphona;x;
2783;151;176;210;Stymphares;x;
2784;107;150;220;Lapitherikon;x;
2785;1;50;231;Eresinus;x;
2786;173;197;231;Thespedon;x;
2787;151;176;211;Empty_2787;x;
2788;107;150;221;Empty_2788;x;
2789;110;197;231;Empty_2789;x;
2790;1;50;232;Empty_2790;x;
2791;173;197;232;Empty_2791;x;
2792;151;176;212;Empty_2792;x;
2793;107;150;222;Empty_2793;x;
2794;110;197;232;Empty_2794;x;
2795;1;50;233;Empty_2795;x;
2796;173;197;233;Empty_2796;x;
2797;151;176;213;Empty_2797;x;
2798;107;150;223;Empty_2798;x;
2799;110;197;233;Empty_2799;x;
2800;1;50;234;Empty_2800;x;
2801;173;197;234;Empty_2801;x;
2802;151;176;214;Empty_2802;x;
2803;107;150;224;Empty_2803;x;
2804;110;197;234;Empty_2804;x;
2805;1;50;235;Empty_2805;x;
2806;173;197;235;Empty_2806;x;
2807;151;176;215;Empty_2807;x;
2808;107;150;225;Empty_2808;x;
2809;110;197;235;Empty_2809;x;
2810;1;50;236;Empty_2810;x;
2811;173;197;236;Empty_2811;x;
2812;151;176;216;Empty_2812;x;
2813;107;150;226;Empty_2813;x;
2814;110;197;236;Empty_2814;x;
2815;1;50;237;Empty_2815;x;
2816;173;197;237;Empty_2816;x;
2817;107;150;227;Telmessos;x;
2818;110;197;237;Smyrnio;x;
2819;170;150;137;Bublyn;x;
2820;1;50;238;Olbegion;x;
2821;173;197;238;Pinara;x;
2822;151;176;218;Xanthos;x;
2823;107;150;228;Aparos;x;
2824;110;197;238;Patara;x;
2825;1;50;239;Kynthos;x;
2826;173;197;239;Zakropus;x;
2827;151;176;219;Myra;x;
2828;107;150;229;Psissos;x;
2829;110;197;239;Thronagas;x;
2830;1;50;240;Sena;x;
2831;173;197;240;Bouromnos;x;
2832;151;176;220;Itympia;x;
2833;107;150;230;Colenion;x;
2834;110;197;240;Peirinth;x;
2835;1;50;241;Myrmembria;x;
2836;173;197;241;Oenerikon;x;
2837;151;176;221;Zakrympia;x;
2838;107;150;231;Antaca;x;
2839;110;197;241;Aytini;x;
2840;1;50;242;Lapithokampos;x;
2841;173;197;242;Thebiliki;x;
2842;151;176;222;Sagalassos;x;
2843;107;150;232;Lamyras;x;
2844;110;197;242;Selge;x;
2845;1;50;243;Nicopapezus;x;
2846;173;197;243;Demesus;x;
2847;151;176;223;Perge;x;
2848;107;150;233;Helodes;x;
2849;110;197;243;Juktithos;x;
2850;1;50;244;Side;x;
2851;173;197;244;Smyrneneia;x;
2852;151;176;224;Aspendos;x;
2853;107;150;234;Sidontos;x;
2854;110;197;244;Sideneia;x;
2855;1;50;245;Laodinth;x;
2856;173;197;245;Meginda;x;
2857;151;176;225;Eubiene;x;
2858;107;150;235;Decosia;x;
2859;110;197;245;Isaura;x;
2860;1;50;246;Samipolis;x;
2861;173;197;246;Rizios;x;
2862;151;176;226;Rhypon;x;
2863;107;150;236;Decena;x;
2864;110;197;246;Magniunt;x;
2865;1;50;247;Ambepios;x;
2866;173;197;247;Myndydon;x;
2867;151;176;227;Tripinda;x;
2868;107;150;237;Bourosse;x;
2869;110;197;247;Empty_2869;x;
2870;1;50;248;Empty_2870;x;
2871;173;197;248;Empty_2871;x;
2872;151;176;228;Empty_2872;x;
2873;107;150;238;Empty_2873;x;
2874;110;197;248;Empty_2874;x;
2875;1;50;249;Empty_2875;x;
2876;173;197;249;Empty_2876;x;
2877;151;176;229;Empty_2877;x;
2878;107;150;239;Empty_2878;x;
2879;110;197;249;Empty_2879;x;
2880;1;50;250;Empty_2880;x;
2881;173;197;250;Empty_2881;x;
2882;151;176;230;Empty_2882;x;
2883;107;150;240;Empty_2883;x;
2884;110;197;250;Empty_2884;x;
2885;1;50;251;Empty_2885;x;
2886;173;197;251;Empty_2886;x;
2887;151;176;231;Katiae;x;
2888;107;150;241;Vaseos;x;
2889;110;197;251;Naxetus;x;
2890;1;50;252;Peiricea;x;
2891;173;197;252;Kerkeum;x;
2892;151;176;232;Aenacia;x;
2893;107;150;242;Teutherna;x;
2894;110;197;252;Tyrathon;x;
2895;1;50;253;Thebiliki;x;
2896;173;197;253;Mantox;x;
2897;151;176;233;Hatrea;x;
2898;107;150;243;Pessinous;x;
2899;110;197;253;Gazaphos;x;
2900;1;50;254;Sozollonia;x;
2901;173;197;254;Tarox;x;
2902;151;176;234;Mideum;x;
2903;107;150;244;Hellenus;x;
2904;110;197;254;Maromnos;x;
2905;1;50;255;Tylantina;x;
2906;173;197;255;Tomanos;x;
2907;151;176;235;Epidita;x;
2908;107;150;245;Taurilene;x;
2909;110;197;255;Tegoskopeion;x;
2910;1;50;229;Lefkaca;x;
2911;2;60;254;Zakrassus;x;
2912;190;210;230;Spartenai;x;
2913;90;10;240;Eubina;x;
2914;200;201;187;Oratis;x;
2915;89;98;199;Rarta;x;
2916;33;199;211;Ithicus;x;
2917;133;99;241;Chameneia;x;
2918;202;202;222;Koserna;x;
2919;112;114;191;Mesokampos;x;
2920;2;2;254;Idyras;x;
2921;141;131;208;Erythronnos;x;
2922;186;233;251;Gangrinia;x;
2923;128;136;189;Parada;x;
2924;170;239;162;Scidriunt;x;
2925;222;242;239;Koe;x;
2926;66;86;180;Larioch;x;
2927;186;148;191;Leibocaea;x;
2928;128;251;254;Petsila;x;
2929;170;154;192;Khupisna;x;
2930;112;115;213;Semelis;x;
2931;60;60;167;Troezinitida;x;
2932;86;63;166;Eretrydna;x;
2933;240;240;250;Tuwana;x;
2934;140;140;150;Dodus;x;
2935;120;120;220;Hyblespiae;x;
2936;221;222;254;Pelaza;x;
2937;121;122;184;Tanalos;x;
2938;225;225;255;Laramea;x;
2939;125;125;197;Cololgi;x;
2940;227;217;253;Semetri;x;
2941;101;104;177;Amphoton;x;
2942;186;193;251;Rhegicapaeum;x;
2943;128;196;241;Phaistamum;x;
2944;170;199;252;Ithithos;x;
2945;122;102;200;Petsonion;x;
2946;144;205;233;Gordion;x;
2947;186;208;241;Cyriki;x;
2948;128;111;254;Pandos;x;
2949;170;214;242;Abdiae;x;
2950;112;137;175;Rhegousa;x;
2951;144;220;253;Aceum;x;
2952;186;223;236;Chox;x;
2953;128;126;204;Ancyra;x;
2954;170;229;251;Heraclagra;x;
2955;112;132;205;Sicoria;x;
2956;144;135;248;Taurada;x;
2957;186;138;206;Aegonassa;x;
2958;128;141;219;Thespaikastro;x;
2959;170;144;207;Kerkasa;x;
2960;222;247;255;Pherastro;x;
2961;144;150;208;Moniene;x;
2962;216;253;254;Tenanes;x;
2963;128;156;209;Artyn;x;
2964;170;159;252;Cymalia;x;
2965;112;122;210;Orchia;x;
2966;144;165;243;Petsidos;x;
2967;216;228;251;Potampos;x;
2968;128;131;199;Morgontos;x;
2969;170;174;212;Trespontos;x;
2970;212;177;235;Phalodosia;x;
2971;144;180;213;Rhegigona;x;
2972;186;183;206;Messaea;x;
2973;128;186;214;Paphassus;x;
2974;170;189;237;Empty_2974;x;
2975;152;151;255;Empty_2975;x;
2976;44;95;188;Empty_2976;x;
2977;86;198;216;Empty_2977;x;
2978;128;201;209;Empty_2978;x;
2979;170;204;227;Empty_2979;x;
2980;112;107;190;Empty_2980;x;
2981;144;210;218;Empty_2981;x;
2982;186;200;241;Empty_2982;x;
2983;128;133;219;Empty_2983;x;
2984;170;166;212;Empty_2984;x;
2985;22;29;220;Empty_2985;x;
2986;44;12;93;Amarysos;x;
2987;186;215;221;Pharinope;x;
2988;128;218;244;Corcofa;x;
2989;170;221;222;Paclea;x;
2990;212;224;245;Chersantina;x;
2991;144;127;223;Zanclylos;x;
2992;186;230;246;Tararos;x;
2993;128;133;224;Tuna;x;
2994;170;136;197;Shinukta;x;
2995;222;239;255;Tegokampos;x;
2996;244;242;252;Pantemita;x;
2997;186;245;251;Ankeselis;x;
2998;228;248;249;Didenimahos;x;
2999;170;151;227;Aphosia;x;
3000;4;192;168;Trapolis;x;
3001;45;57;128;Getri;x;
3002;87;60;1;Paieus;x;
3003;129;63;129;Achantina;x;
3004;171;66;2;Empapolis;x;
3005;3;69;130;Thebypes;x;
3006;45;72;3;Hierinus;x;
3007;87;75;131;Byllia;x;
3008;129;78;4;Kamarida;x;
3009;171;81;132;Abdesus;x;
3010;3;84;5;Sozodosia;x;
3011;45;87;133;Platiki;x;
3012;87;90;6;Gangrerna;x;
3013;129;93;134;Pelephyrian;x;
3014;171;96;7;Bhrytesos;x;
3015;3;99;135;Sidopetri;x;
3016;45;102;8;Atheron;x;
3017;87;105;136;Cnidespiae;x;
3018;129;108;9;Pagosia;x;
3019;171;111;137;Comanu;x;
3020;3;114;10;Knossias;x;
3021;45;117;138;Epidonion;x;
3022;87;120;11;Kamnus;x;
3023;129;123;139;Rheginda;x;
3024;171;126;12;Marqasi;x;
3025;3;129;140;Lyrian;x;
3026;45;132;13;Ambila;x;
3027;87;135;141;Acturias;x;
3028;129;138;14;Vasidon;x;
3029;171;141;142;Syrontos;x;
3030;3;144;15;Salyria;x;
3031;45;147;143;Laodoricus;x;
3032;87;150;16;Gangraclea;x;
3033;129;153;144;Aspauros;x;
3034;171;156;17;Melid;x;
3035;3;159;145;Naxesos;x;
3036;45;162;18;Byzotiri;x;
3037;87;165;146;Cebrympia;x;
3038;129;168;19;Cymyrian;x;
3039;171;171;147;Philinia;x;
3040;3;174;20;Diosioch;x;
3041;45;177;148;Aigicus;x;
3042;87;180;21;Dioscoskopeion;x;
3043;129;183;149;Syremita;x;
3044;171;186;22;Thuridon;x;
3045;3;189;150;Kerkodes;x;
3046;45;192;23;Olbera;x;
3047;87;195;151;Crotacia;x;
3048;129;198;24;Corus;x;
3049;171;201;152;Eubesos;x;
3050;3;204;25;Megalantium;x;
3051;45;207;153;Sicaistos;x;
3052;87;210;26;Lindeos;x;
3053;129;0;154;Potynthos;x;
3054;171;3;27;Antethra;x;
3055;3;6;155;Idanais;x;
3056;45;9;28;Hierollonia;x;
3057;87;12;156;Thyretta;x;
3058;129;15;29;Aeneutherna;x;
3059;171;18;157;Leprokampos;x;
3060;3;21;30;Askisos;x;
3061;45;24;158;Asketta;x;
3062;87;27;31;Amaranais;x;
3063;129;30;159;Kydonesos;x;
3064;171;33;32;Aenaea;x;
3065;3;36;160;Itomenion;x;
3066;45;39;33;Prienactus;x;
3067;87;42;161;Mochlanos;x;
3068;129;45;34;Phliike;x;
3069;171;48;162;Tragonnos;x;
3070;3;51;35;Metide;x;
3071;45;54;163;Lebetros;x;
3072;87;57;36;Epidessa;x;
3073;129;60;164;Metyn;x;
3074;171;63;37;Orydon;x;
3075;3;66;165;Tenopus;x;
3076;45;69;38;Kasmeusis;x;
3077;87;72;166;Asklasae;x;
3078;129;75;39;Sinetria;x;
3079;171;78;167;Empty_3079;x;
3080;3;81;40;Empty_3080;x;
3081;45;84;168;Empty_3081;x;
3082;87;87;41;Empty_3082;x;
3083;129;90;169;Empty_3083;x;
3084;171;93;42;Empty_3084;x;
3085;3;96;170;Empty_3085;x;
3086;45;99;43;Empty_3086;x;
3087;87;102;171;Empty_3087;x;
3088;129;105;44;Empty_3088;x;
3089;171;108;172;Empty_3089;x;
3090;3;111;45;Empty_3090;x;
3091;45;114;173;Empty_3091;x;
3092;87;117;46;Empty_3092;x;
3093;129;120;174;Empty_3093;x;
3094;171;123;47;Empty_3094;x;
3095;3;126;175;Empty_3095;x;
3096;45;129;48;Empty_3096;x;
3097;87;132;176;Empty_3097;x;
3098;129;135;49;Empty_3098;x;
3099;171;138;177;Empty_3099;x;
3100;3;141;50;Empty_3100;x;
3101;45;144;178;Empty_3101;x;
3102;87;147;51;Miletopolis;x;
3103;129;150;179;Lepraikastro;x;
3104;171;153;52;Halidos;x;
3105;3;156;180;Apamea;x;
3106;45;159;53;Actus;x;
3107;87;162;181;Kamareion;x;
3108;129;165;54;Messidrus;x;
3109;171;168;182;Kios;x;
3110;3;171;55;Tina;x;
3111;45;174;183;Sidagoria;x;
3112;87;177;56;Nicea;x;
3113;129;180;184;Elatapolis;x;
3114;171;183;57;Byzissos;x;
3115;3;186;185;Lisaclea;x;
3116;45;189;58;Cythonassa;x;
3117;87;192;186;Troezessos;x;
3118;129;195;59;Acoupoli;x;
3119;171;198;187;Kasmenios;x;
3120;3;201;60;Kamona;x;
3121;45;204;188;Nicomedia;x;
3122;87;207;61;Chalcedon;x;
3123;129;210;189;Throneucia;x;
3124;171;0;62;Gorgyn;x;
3125;3;3;190;Coranes;x;
3126;45;6;63;Abiki;x;
3127;87;9;191;Amphorus;x;
3128;129;12;64;Pydnotiri;x;
3129;171;15;192;Lampsithos;x;
3130;3;18;65;Lapithenai;x;
3131;45;21;193;Andrastiraki;x;
3132;87;24;66;Stagidaea;x;
3133;129;27;194;Phasatis;x;
3134;171;30;67;Myrynthos;x;
3135;3;33;195;Kydasae;x;
3136;45;36;68;Kydasae;x;
3137;87;39;196;Pelita;x;
3138;129;42;69;Pellamea;x;
3139;171;45;197;Asklyma;x;
3140;3;48;70;Soletria;x;
3141;45;51;198;Asklanais;x;
3142;87;54;71;Dimauros;x;
3143;129;57;199;Lapithera;x;
3144;171;60;72;Leontipolis;x;
3145;3;63;200;Hercalea;x;
3146;45;66;73;Astinitida;x;
3147;87;69;201;Scidrerikon;x;
3148;129;72;74;Tium;x;
3149;171;75;202;Thyramnus;x;
3150;3;78;75;Amastris;x;
3151;45;81;203;Kamidrus;x;
3152;87;84;76;Empty_3152;x;
3153;129;87;204;Empty_3153;x;
3154;171;90;77;Empty_3154;x;
3155;3;93;205;Empty_3155;x;
3156;45;96;78;Empty_3156;x;
3157;87;99;206;Empty_3157;x;
3158;129;102;79;Empty_3158;x;
3159;171;105;207;Empty_3159;x;
3160;3;108;80;Empty_3160;x;
3161;45;111;208;Empty_3161;x;
3162;87;114;81;Empty_3162;x;
3163;129;117;209;Empty_3163;x;
3164;171;120;82;Empty_3164;x;
3165;3;123;210;Empty_3165;x;
3166;45;126;83;Empty_3166;x;
3167;87;129;211;Petsetros;x;
3168;129;132;84;Gonnynthus;x;
3169;171;135;212;Mylicapaeum;x;
3170;3;138;85;Leibiteia;x;
3171;45;141;213;Hyblion;x;
3172;87;144;86;Olbypes;x;
3173;129;147;214;Eleuteselis;x;
3174;171;150;87;Teninth;x;
3175;3;153;215;Aspenimahos;x;
3176;45;156;88;Odystus;x;
3177;87;159;216;Kassus;x;
3178;129;162;89;Pelliene;x;
3179;171;165;217;Moneusis;x;
3180;3;168;90;Linus;x;
3181;45;171;218;Prousinion;x;
3182;87;174;91;Hierenes;x;
3183;129;177;219;Golgamahos;x;
3184;171;180;92;Zanclai;x;
3185;3;183;220;Mochlea;x;
3186;45;186;93;Assacuse;x;
3187;87;189;221;Lindarnacia;x;
3188;129;192;94;Phaistamum;x;
3189;171;195;222;Kepympia;x;
3190;3;198;95;Arserna;x;
3191;45;201;223;Astosia;x;
3192;87;204;96;Halepios;x;
3193;129;207;224;Sparturion;x;
3194;171;210;97;Kouronia;x;
3195;3;0;225;Thermias;x;
3196;45;3;98;Tarares;x;
3197;87;6;226;Zakricyon;x;
3198;129;9;99;Olympaikastro;x;
3199;171;12;227;Palara;x;
3200;3;15;0;Leonturii;x;
3201;45;18;128;Zacotiri;x;
3202;87;21;1;Vathussae;x;
3203;129;24;129;Thespomnos;x;
3204;171;27;2;Thrononesos;x;
3205;3;30;130;Chion;x;
3206;45;33;3;Ereteleum;x;
3207;87;36;131;Sidenion;x;
3208;129;39;4;Sybos;x;
3209;171;42;132;Antale;x;
3210;3;45;5;Lisseus;x;
3211;45;48;133;Stageucia;x;
3212;87;51;6;Sinope;x;
3213;129;54;134;Knossissos;x;
3214;171;57;7;Phaletria;x;
3215;3;60;135;Spartopeion;x;
3216;45;63;8;Solollonia;x;
3217;87;66;136;Patripolis;x;
3218;129;69;9;Tegeze;x;
3219;171;72;137;Ankaikastro;x;
3220;3;75;10;Philesus;x;
3221;45;78;138;Amisos;x;
3222;87;48;41;Nauponnos;x;
3223;76;23;151;Mesaieus;x;
3224;93;165;43;Solai;x;
3225;0;255;0;Pinyra;x;
3226;171;210;96;Olympampos;x;
3227;186;205;162;Empty_3227;x;
3228;185;192;56;Empty_3228;x;
3229;171;102;142;Empty_3229;x;
3230;3;105;15;Empty_3230;x;
3231;45;108;143;Empty_3231;x;
3232;87;111;16;Empty_3232;x;
3233;129;114;144;Empty_3233;x;
3234;171;117;17;Empty_3234;x;
3235;3;120;145;Empty_3235;x;
3236;45;123;18;Empty_3236;x;
3237;87;126;146;Empty_3237;x;
3238;129;129;19;Empty_3238;x;
3239;171;132;147;Empty_3239;x;
3240;3;135;20;Empty_3240;x;
3241;45;138;148;Empty_3241;x;
3242;87;141;21;Empty_3242;x;
3243;129;144;149;Empty_3243;x;
3244;171;147;22;Empty_3244;x;
3245;3;150;150;Empty_3245;x;
3246;45;153;23;Empty_3246;x;
3247;87;156;151;Empty_3247;x;
3248;129;159;24;Empty_3248;x;
3249;171;162;152;Empty_3249;x;
3250;3;165;25;Empty_3250;x;
3251;45;168;153;Empty_3251;x;
3252;87;171;26;Artais;x;
3253;129;174;154;Thebantium;x;
3254;171;177;27;Kamarethra;x;
3255;3;180;155;Rizassa;x;
3256;45;183;28;Tareleum;x;
3257;87;186;156;Vasias;x;
3258;129;189;29;Epideze;x;
3259;171;192;157;Dasae;x;
3260;3;195;30;Larox;x;
3261;45;198;158;Tegoinion;x;
3262;87;201;31;Yazilikaya;x;
3263;129;204;159;Salaros;x;
3264;171;207;32;Hattusa;x;
3265;3;210;160;Petseira;x;
3266;45;0;33;Magnenus;x;
3267;87;3;161;Pixoinon;x;
3268;129;6;34;Alisar;x;
3269;171;9;162;Mochleus;x;
3270;3;12;35;Thyrofa;x;
3271;45;15;163;Eubetrias;x;
3272;87;18;36;Brauronesos;x;
3273;129;21;164;Niracuse;x;
3274;171;24;37;Pinapezus;x;
3275;3;27;165;Gytheleum;x;
3276;45;30;38;Zakrauros;x;
3277;87;33;166;Naucrarnae;x;
3278;129;36;39;Leibephyrian;x;
3279;171;39;167;Megasae;x;
3280;3;42;40;Barike;x;
3281;45;45;168;Sopolis;x;
3282;129;51;169;Pitholis;x;
3283;2;111;90;Ibora;x;
3284;171;54;42;Epidos;x;
3285;3;57;170;Kasus;x;
3286;45;60;43;Chamamos;x;
3287;87;63;171;Hellendos;x;
3288;129;66;44;Lissinia;x;
3289;171;69;172;Gonnicos;x;
3290;3;72;45;Katarina;x;
3291;45;75;173;Clazetta;x;
3292;87;78;46;Croteusis;x;
3293;129;81;174;Rhypampos;x;
3294;171;84;47;Ephilene;x;
3295;3;87;175;Diosamahos;x;
3296;45;90;48;Eretinia;x;
3297;87;93;176;Smyrnaca;x;
3298;129;96;49;Akrokampos;x;
3299;171;99;177;Megomnos;x;
3300;3;102;50;Kimmaros;x;
3301;45;105;178;Neos;x;
3302;87;108;51;Platurii;x;
3303;129;111;179;Pixofa;x;
3304;171;114;52;Rhypidrus;x;
3305;3;117;180;Homnos;x;
3306;45;120;53;Boratis;x;
3307;87;123;181;Ambiene;x;
3308;129;126;54;Hemeridnae;x;
3309;171;129;182;Delione;x;
3310;3;132;55;Chersini;x;
3311;45;135;183;Troezesos;x;
3312;87;138;56;Thebera;x;
3313;129;141;184;Epidagra;x;
3314;171;144;57;Kerkalia;x;
3315;3;147;185;Solesus;x;
3316;33;9;7;Ptelurion;x;
3317;87;153;186;Phareron;x;
3318;129;156;59;Morgenimahos;x;
3319;171;159;187;Itares;x;
3320;3;162;60;Andraki;x;
3321;45;165;188;Massussae;x;
3322;87;168;61;Odedon;x;
3323;129;171;189;Seuthapolis;x;
3324;171;174;62;Katapezus;x;
3325;3;177;190;Lapithame;x;
3326;45;180;63;Pergathon;x;
3327;87;183;191;Ialione;x;
3328;129;186;64;Methateia;x;
3329;171;189;192;Phasaclea;x;
3330;3;192;65;Morgeutherna;x;
3331;45;195;193;Trapezus;x;
3332;87;198;66;Rhizos;x;
3333;129;201;194;Pandamahos;x;
3334;171;204;67;Sicagas;x;
3335;3;207;195;Trapenion;x;
3336;45;210;68;Pinasus;x;
3337;87;0;196;Apsaros;x;
3338;129;3;69;Corcagoria;x;
3339;171;6;197;Empty_3339;x;
3340;3;9;70;Empty_3340;x;
3341;45;12;198;Empty_3341;x;
3342;87;15;71;Empty_3342;x;
3343;129;18;199;Empty_3343;x;
3344;171;21;72;Empty_3344;x;
3345;3;24;200;Empty_3345;x;
3346;45;27;73;Empty_3346;x;
3347;87;30;201;Empty_3347;x;
3348;129;33;74;Empty_3348;x;
3349;171;36;202;Empty_3349;x;
3350;3;39;75;Empty_3350;x;
3351;45;42;203;Empty_3351;x;
3352;87;45;76;Empty_3352;x;
3353;129;48;204;Empty_3353;x;
3354;171;51;77;Empty_3354;x;
3355;3;54;205;Empty_3355;x;
3356;45;57;78;Empty_3356;x;
3357;87;60;206;Empty_3357;x;
3358;129;63;79;Empty_3358;x;
3359;171;66;207;Empty_3359;x;
3360;3;69;80;Empty_3360;x;
3361;45;72;208;Empty_3361;x;
3362;87;75;81;Empty_3362;x;
3363;129;78;209;Empty_3363;x;
3364;171;81;82;Empty_3364;x;
3365;3;84;210;Empty_3365;x;
3366;45;87;83;Empty_3366;x;
3367;87;90;211;Empty_3367;x;
3368;129;93;84;Empty_3368;x;
3369;171;96;212;Empty_3369;x;
3370;3;99;85;Empty_3370;x;
3371;45;102;213;Empty_3371;x;
3372;87;105;86;Empty_3372;x;
3373;129;108;214;Empty_3373;x;
3374;171;111;87;Empty_3374;x;
3375;3;114;215;Empty_3375;x;
3376;45;117;88;Empty_3376;x;
3377;87;120;216;Empty_3377;x;
3378;129;123;89;Empty_3378;x;
3379;171;126;217;Empty_3379;x;
3380;3;129;90;Empty_3380;x;
3381;45;132;218;Empty_3381;x;
3382;87;135;91;Empty_3382;x;
3383;129;138;219;Mizak;x;
3384;171;141;92;Eahiapu;x;
3385;3;144;220;Chebbat;x;
3386;45;147;93;Abtiashdikkag;x;
3387;87;150;221;Pashda;x;
3388;129;153;94;Idu;x;
3389;171;156;222;Rapiqu;x;
3390;3;159;95;Ebug;x;
3391;45;162;223;Eatepsesh;x;
3392;87;165;96;Atunmettim;x;
3393;129;168;224;Upshiakit;x;
3394;171;171;97;Igenlan;x;
3395;3;174;225;Numunia;x;
3396;45;177;98;Burnaburiash;x;
3397;87;180;226;Dur-Kurigalzu;x;
3398;129;183;99;Sippar;x;
3399;171;186;227;Enshunu;x;
3400;3;189;0;Niiqiarqusu;x;
3401;45;192;128;Babylon;x;
3402;87;195;1;Vologesias;x;
3403;129;198;129;Barsip;x;
3404;171;201;2;Demetheriia;x;
3405;3;204;130;Balathu;x;
3406;45;207;3;Laqip;x;
3407;87;210;131;Timgiratee;x;
3408;129;0;4;Kish;x;
3409;171;3;132;Nidintulugal;x;
3410;3;6;5;Dilbat;x;
3411;45;9;133;Nidintu-Bel;x;
3412;87;12;6;Manishtusu;x;
3413;129;15;134;Kinaa;x;
3414;171;18;7;Uruk;x;
3415;3;21;135;Baassiia;x;
3416;45;24;8;Ur;x;
3417;87;27;136;Ibbi-Adad;x;
3418;129;30;9;Eridu;x;
3419;171;33;137;Burnata;x;
3420;3;36;10;Larsa;x;
3421;45;39;138;Attii'kusu;x;
3422;87;42;11;Arishaka;x;
3423;129;45;139;Umma;x;
3424;171;48;12;Arahunaa;x;
3425;3;51;140;Anagalmeshshu;x;
3426;45;54;13;Isin;x;
3427;87;57;141;Marad;x;
3428;129;60;14;Nippur;x;
3429;171;63;142;Ettu;x;
3430;3;66;15;Gemekaa;x;
3431;45;69;143;Humusi;x;
3432;87;72;16;Kullaa;x;
3433;129;75;144;Gashansunu;x;
3434;171;78;17;Artemita;x;
3435;3;81;145;Gashur;x;
3436;45;84;18;Adeeshuduggaat;x;
3437;87;87;146;Nidintu;x;
3438;129;90;21;Upi;x;
3439;171;93;147;Ashlultum;x;
3440;3;96;20;Beletsunu;x;
3441;45;99;148;Arwia;x;
3442;87;102;21;Ia;x;
3443;129;105;149;Ubalnu;x;
3444;171;108;22;Erishti-Aya;x;
3445;3;111;150;Mushezibitu;x;
3446;45;114;23;Ishtar-gamelat;x;
3447;87;117;151;Iltani;x;
3448;129;120;24;Kullum;x;
3449;171;123;152;Deru;x;
3450;3;126;25;Atab;x;
3451;45;129;153;Amnanu;x;
3452;87;132;26;Dagan;x;
3453;129;135;154;Eshnunna;x;
3454;171;138;27;Dada;x;
3455;3;141;155;Iblinum;x;
3456;45;144;28;Zuqaqip;x;
3457;87;147;156;Halman;x;
3458;129;150;29;Delondra;x;
3459;171;153;157;Mammetum;x;
3460;3;156;30;Aya;x;
3461;45;159;158;Kar-Shamash;x;
3462;87;162;31;Anunit;x;
3463;129;165;159;Tagritianu;x;
3464;171;168;32;Kar-Ishtar;x;
3465;3;171;160;Ashur;x;
3466;45;174;33;Ningikuga;x;
3467;87;177;161;Nisaba;x;
3468;129;180;34;Liwwir;x;
3469;171;183;162;Shatu;x;
3470;3;186;35;Summirat;x;
3471;45;189;163;Nirah;x;
3472;87;192;36;Ninshubur;x;
3473;129;195;164;Nineveh;x;
3474;171;198;37;Lahamu;x;
3475;3;201;165;Nindukugga;x;
3476;45;204;38;Kalhu;x;
3477;87;207;166;Urnina;x;
3478;129;210;39;Ekallatum;x;
3479;171;0;167;Kar-Tukulti-Ninurta;x;
3480;3;3;40;Dura;x;
3481;45;6;168;Surmarrati;x;
3482;87;9;41;Lugulbanda;x;
3483;129;12;169;Hedu;x;
3484;171;15;42;Ningal;x;
3485;3;18;170;Belessunu;x;
3486;45;21;43;Turshan;x;
3487;87;24;171;Bauninsheg;x;
3488;129;27;44;Bikku;x;
3489;171;30;172;Lum;x;
3490;3;33;45;Lipit;x;
3491;45;36;173;Shalanum;x;
3492;87;39;46;Aanepada;x;
3493;129;42;174;Zaggisi;x;
3494;171;45;47;Argandea;x;
3495;3;48;175;Me-Turnat;x;
3496;45;51;48;Namhu;x;
3497;87;54;176;Babum;x;
3498;129;57;49;Zizi;x;
3499;171;60;177;Naram;x;
3500;3;63;50;Arbail;x;
3501;45;66;178;Aradegi;x;
3502;87;69;51;Hatra;x;
3503;129;72;179;Sillashu;x;
3504;171;75;52;Ninsha;x;
3505;3;78;180;Ibal;x;
3506;45;81;53;Nasir;x;
3507;87;84;181;Ennam;x;
3508;129;87;54;Elulu;x;
3509;171;90;182;Sig-Ersetim;x;
3510;3;93;55;Melem-Ana;x;
3511;45;96;183;Empty_3511;x;
3512;87;99;56;Empty_3512;x;
3513;129;102;184;Empty_3513;x;
3514;171;105;57;Ninsar;x;
3515;3;108;185;Lilith;x;
3516;45;111;58;Gemekala;x;
3517;87;114;186;Eulli;x;
3518;129;117;59;Arrapha;x;
3519;171;120;187;Lubdu;x;
3520;3;123;60;Kar-Nabu;x;
3521;45;126;188;Dur-Shamash;x;
3522;87;129;61;Gina;x;
3523;129;132;189;Til-Eresh;x;
3524;171;135;62;Kar-Bel-ili;x;
3525;3;138;190;Dur-Adad;x;
3526;45;141;63;Utuaa;x;
3527;87;144;191;Hunzuu;x;
3528;129;147;64;Seluku;x;
3529;171;150;192;Ar'siuqqa;x;
3530;3;153;65;Attii'kusu;x;
3531;45;156;193;Labashi;x;
3532;87;159;66;Ligish;x;
3533;129;162;194;Ginatum;x;
3534;171;165;67;Nidintu-Bel;x;
3535;3;168;195;Uktannu;x;
3536;45;171;68;Dur-Sharrukin;x;
3537;87;174;196;Ishme-Ea;x;
3538;129;177;69;Libluth;x;
3539;171;180;197;Ariistuun;x;
3540;3;183;70;Sibaniba;x;
3541;45;186;198;Ugurnaszir;x;
3542;87;189;71;Kuri;x;
3543;129;192;199;Nigsummunu;x;
3544;171;195;72;Enusat;x;
3545;3;198;200;Rihat;x;
3546;45;201;73;Iaazipaa;x;
3547;87;204;201;Empty_3547;x;
3548;129;207;74;Empty_3548;x;
3549;171;210;202;Empty_3549;x;
3550;3;0;75;Empty_3550;x;
3551;45;3;203;Balashi;x;
3552;87;6;76;Mannuiqapu;x;
3553;129;9;204;Amata;x;
3554;171;12;77;Teredon;x;
3555;3;15;205;Apologos;x;
3556;45;18;78;Tabni-Ishtar;x;
3557;87;21;206;Isiratuu;x;
3558;129;24;79;Dee'qiteesu;x;
3559;171;27;207;Dur-Yakin;x;
3560;3;30;80;Shutrul;x;
3561;45;33;208;Empty_3561;x;
3562;87;36;81;Asennu;x;
3563;129;39;209;Apameia;x;
3564;171;42;82;Larak;x;
3565;3;45;210;Mahad;x;
3566;45;48;83;Muranu;x;
3567;87;51;211;Uras;x;
3568;129;54;84;Girsu;x;
3569;171;57;212;Igigi;x;
3570;3;60;85;Kissare;x;
3571;45;63;213;Athan;x;
3572;87;66;86;Giliana;x;
3573;129;69;214;Dur-Athara;x;
3574;171;72;87;Lagash;x;
3575;3;75;215;Uphakum;x;
3576;45;78;88;Shammina;x;
3577;87;81;216;Marona;x;
3578;129;84;89;Nur-ili;x;
3579;171;87;217;Suharum;x;
3580;3;90;90;Quqadum;x;
3581;45;93;218;Akhiban;x;
3582;87;96;91;Nardeen;x;
3583;129;99;219;Shamiran;x;
3584;171;102;92;Ninorta;x;
3585;3;105;220;Ramsina;x;
3586;45;108;93;Akhita;x;
3587;87;111;221;Marbita;x;
3588;129;114;94;Yata;x;
3589;171;117;222;Sharokina;x;
3590;3;120;95;Kushi;x;
3591;45;123;223;Sadi;x;
3592;87;126;96;Aramina;x;
3593;129;129;224;Hano;x;
3594;171;132;97;Simta;x;
3595;3;135;225;Charax;x;
3596;45;138;98;Osmet;x;
3597;87;141;226;Rdita;x;
3598;129;144;99;Forat;x;
3599;171;147;227;Ramina;x;
3600;3;150;0;Emmita;x;
3601;45;153;128;Sahdina;x;
3602;87;156;1;Sorme;x;
3603;129;159;129;Aurhai;x;
3604;171;162;2;Sawrina;x;
3605;3;165;130;Baileet;x;
3606;45;168;3;Abella;x;
3607;87;171;131;Ador;x;
3608;129;174;4;Barseen;x;
3609;171;177;132;Demtu;x;
3610;3;180;5;Empty_3610;x;
3611;45;183;133;Empty_3611;x;
3612;87;186;6;Empty_3612;x;
3613;129;189;134;Empty_3613;x;
3614;171;192;7;Empty_3614;x;
3615;3;195;135;Empty_3615;x;
3616;45;198;8;Empty_3616;x;
3617;87;201;136;Empty_3617;x;
3618;129;204;9;Empty_3618;x;
3619;171;207;137;Empty_3619;x;
3620;3;210;10;Empty_3620;x;
3621;45;0;138;Empty_3621;x;
3622;87;3;11;Empty_3622;x;
3623;129;6;139;Empty_3623;x;
3624;171;9;12;Empty_3624;x;
3625;3;12;140;Empty_3625;x;
3626;45;15;13;Empty_3626;x;
3627;87;18;141;Empty_3627;x;
3628;129;21;14;Empty_3628;x;
3629;171;24;142;Empty_3629;x;
3630;3;27;15;Empty_3630;x;
3631;45;30;143;Empty_3631;x;
3632;87;33;16;Empty_3632;x;
3633;129;36;144;Empty_3633;x;
3634;171;39;17;Empty_3634;x;
3635;3;42;145;Empty_3635;x;
3636;45;45;18;Empty_3636;x;
3637;87;48;146;Empty_3637;x;
3638;129;51;19;Empty_3638;x;
3639;171;54;147;Empty_3639;x;
3640;3;57;20;Empty_3640;x;
3641;45;60;148;Empty_3641;x;
3642;87;63;21;Empty_3642;x;
3643;129;66;149;Empty_3643;x;
3644;171;69;22;Empty_3644;x;
3645;3;72;150;Empty_3645;x;
3646;45;75;23;Empty_3646;x;
3647;87;78;151;Empty_3647;x;
3648;129;81;24;Empty_3648;x;
3649;171;84;152;Empty_3649;x;
3650;3;87;25;Empty_3650;x;
3651;45;90;153;Empty_3651;x;
3652;87;93;26;Empty_3652;x;
3653;129;96;154;Empty_3653;x;
3654;171;99;27;Empty_3654;x;
3655;3;102;155;Empty_3655;x;
3656;45;105;28;Empty_3656;x;
3657;87;108;156;Empty_3657;x;
3658;129;111;29;Empty_3658;x;
3659;171;114;157;Empty_3659;x;
3660;3;117;30;Empty_3660;x;
3661;45;120;158;Empty_3661;x;
3662;87;123;31;Empty_3662;x;
3663;129;126;159;Empty_3663;x;
3664;171;129;32;Empty_3664;x;
3665;3;132;160;Empty_3665;x;
3666;45;135;33;Empty_3666;x;
3667;87;138;161;Empty_3667;x;
3668;129;141;34;Empty_3668;x;
3669;171;144;162;Empty_3669;x;
3670;3;147;35;Empty_3670;x;
3671;45;150;163;Empty_3671;x;
3672;87;153;36;Empty_3672;x;
3673;129;156;164;Empty_3673;x;
3674;171;159;37;Empty_3674;x;
3675;3;162;165;Empty_3675;x;
3676;45;165;38;Empty_3676;x;
3677;87;168;166;Empty_3677;x;
3678;129;171;39;Empty_3678;x;
3679;171;174;167;Empty_3679;x;
3680;3;177;40;Empty_3680;x;
3681;45;180;168;Empty_3681;x;
3682;87;183;41;Empty_3682;x;
3683;129;186;169;Empty_3683;x;
3684;171;189;42;Empty_3684;x;
3685;3;192;170;Empty_3685;x;
3686;45;195;43;Empty_3686;x;
3687;87;198;171;Empty_3687;x;
3688;129;201;44;Empty_3688;x;
3689;171;204;172;Empty_3689;x;
3690;3;207;45;Empty_3690;x;
3691;45;210;173;Empty_3691;x;
3692;87;0;46;Empty_3692;x;
3693;129;3;174;Empty_3693;x;
3694;171;6;47;Empty_3694;x;
3695;3;9;175;Empty_3695;x;
3696;45;12;48;Empty_3696;x;
3697;87;15;176;Empty_3697;x;
3698;129;18;49;Empty_3698;x;
3699;171;21;177;Empty_3699;x;
3700;3;24;50;Empty_3700;x;
3701;45;27;178;Empty_3701;x;
3702;87;30;51;Empty_3702;x;
3703;129;33;179;Empty_3703;x;
3704;171;36;52;Empty_3704;x;
3705;3;39;180;Empty_3705;x;
3706;45;42;53;Empty_3706;x;
3707;87;45;181;Empty_3707;x;
3708;129;48;54;Empty_3708;x;
3709;171;51;182;Empty_3709;x;
3710;3;54;55;Empty_3710;x;
3711;45;57;183;Empty_3711;x;
3712;87;60;56;Empty_3712;x;
3713;129;63;184;Empty_3713;x;
3714;171;66;57;Empty_3714;x;
3715;3;69;185;Empty_3715;x;
3716;45;72;58;Empty_3716;x;
3717;87;75;186;Empty_3717;x;
3718;129;78;59;Empty_3718;x;
3719;171;81;187;Empty_3719;x;
3720;3;84;60;Empty_3720;x;
3721;45;87;188;Empty_3721;x;
3722;87;90;61;Empty_3722;x;
3723;129;93;189;Empty_3723;x;
3724;171;96;62;Empty_3724;x;
3725;3;99;190;Empty_3725;x;
3726;45;102;63;Empty_3726;x;
3727;87;105;191;Empty_3727;x;
3728;129;108;64;Empty_3728;x;
3729;171;111;192;Empty_3729;x;
3730;3;114;65;Empty_3730;x;
3731;45;117;193;Ebesus;x;
3732;87;120;66;Mago;x;
3733;129;123;194;Palmaria;x;
3734;171;126;67;Pollentia;x;
3735;3;129;195;Kada;x;
3736;45;132;68;Maszane;x;
3737;87;135;196;Manusa;x;
3738;129;138;69;Arae;x;
3739;171;141;197;Budarif;x;
3740;3;144;70;Matham;x;
3741;45;147;198;Monazis;x;
3742;87;150;71;Macomedes;x;
3743;129;153;199;Larya;x;
3744;171;156;72;Waruk;x;
3745;3;159;200;Kiksaid;x;
3746;45;162;73;Khemissa;x;
3747;87;165;201;Melnit;x;
3748;129;168;74;Dadeda;x;
3749;171;171;202;Thubactis;x;
3750;3;174;75;Lepicis Magna;x;
3751;45;177;203;Leptis;x;
3752;87;180;76;Nalualkon;x;
3753;129;183;204;Khesouk;x;
3754;171;186;77;Oea;x;
3755;3;189;205;Ghegel;x;
3756;45;192;78;Sabratha;x;
3757;87;195;206;Guelza;x;
3758;129;198;79;Ghacheira;x;
3759;171;201;207;Shahtan;x;
3760;3;204;80;Meninx;x;
3761;45;207;208;Bensliri;x;
3762;87;210;81;Megil;x;
3763;129;0;209;Gightis;x;
3764;171;3;82;Abderraref;x;
3765;3;6;210;Hafline;x;
3766;45;9;83;Bararar;x;
3767;87;12;211;Afsat;x;
3768;129;15;84;Naluna;x;
3769;171;18;212;Qarbat;x;
3770;3;21;85;Yamara;x;
3771;45;24;213;Empty_3771;x;
3772;87;27;86;Empty_3772;x;
3773;129;30;214;Empty_3773;x;
3774;171;33;87;Empty_3774;x;
3775;3;36;215;Empty_3775;x;
3776;45;39;88;Empty_3776;x;
3777;87;42;216;Tacapae;x;
3778;129;45;89;Molimane;x;
3779;171;48;217;Turris;x;
3780;3;51;90;Ubago;x;
3781;45;54;218;Gekin;x;
3782;87;57;91;Ksoubili;x;
3783;129;60;219;Menlienne;x;
3784;171;63;92;Tougueur;x;
3785;3;66;220;Gonaba;x;
3786;45;69;93;Empty_3786;x;
3787;87;72;221;Rayakat;x;
3788;129;75;94;Ghlaten;x;
3789;171;78;222;Tizmara;x;
3790;3;81;95;Yaloul;x;
3791;45;84;223;Gafada;x;
3792;87;87;96;Dongoshir;x;
3793;129;90;224;Gougareb;x;
3794;171;93;97;Guetine;x;
3795;3;96;225;Khesa;x;
3796;45;99;98;Bougara;x;
3797;87;102;226;Zawimayl;x;
3798;129;105;99;Rajmayl;x;
3799;171;108;227;Thaenae;x;
3800;3;111;0;Oujgha;x;
3801;45;114;128;Chefgora;x;
3802;87;117;1;Kosnagil;x;
3803;129;120;129;Alneina;x;
3804;171;123;2;Capsa;x;
3805;3;126;130;Monanah;x;
3806;45;129;3;Abdekalta;x;
3807;87;132;131;Afset;x;
3808;129;135;4;Smasourah;x;
3809;171;138;132;Dameita;x;
3810;3;141;5;Beniliya;x;
3811;45;144;133;Empty_3811;x;
3812;87;147;6;Bekesh;x;
3813;129;150;134;Tezilal;x;
3814;171;153;7;Shendarif;x;
3815;3;156;135;Thapsus;x;
3816;45;159;8;Hadrumentum;x;
3817;87;162;136;Saiyarif;x;
3818;129;165;9;Tenan;x;
3819;171;168;137;Clipea;x;
3820;3;171;10;Curubis;x;
3821;45;174;138;Neapolis;x;
3822;87;177;11;Garrouan;x;
3823;129;180;139;Carthago;x;
3824;171;183;12;Utica;x;
3825;3;186;140;Diarrhytus;x;
3826;45;189;13;Boudia;x;
3827;87;192;141;Tripobu;x;
3828;129;195;14;Batsat;x;
3829;171;198;142;Thusdrus;x;
3830;3;201;15;Mediougora;x;
3831;45;204;143;Tarouhna;x;
3832;87;207;16;Thabraca;x;
3833;129;210;144;Deman;x;
3834;171;0;17;Ruabelat;x;
3835;3;3;145;Meldour;x;
3836;45;6;18;Bekra;x;
3837;87;9;146;Khenher;x;
3838;129;12;19;Befroun;x;
3839;171;15;147;Batrata;x;
3840;3;18;20;Qamisha;x;
3841;45;21;148;Khemisfra;x;
3842;87;24;21;Khenizane;x;
3843;129;27;149;Uthina;x;
3844;171;30;22;Sainusa;x;
3845;3;33;150;Tuburbo;x;
3846;45;36;23;Qadazin;x;
3847;87;39;151;Salibia;x;
3848;129;42;24;Solida;x;
3849;171;45;152;Tiaki;x;
3850;3;48;25;Bulla Regia;x;
3851;45;51;153;Zama;x;
3852;87;54;26;Afmene;x;
3853;129;57;154;Mactaris;x;
3854;171;60;27;Qasha;x;
3855;3;63;155;Sufetula;x;
3856;45;66;28;Thelepte;x;
3857;87;69;156;Asga;x;
3858;129;72;29;Berirt;x;
3859;171;75;157;Yakech;x;
3860;3;78;30;Assuras;x;
3861;45;81;158;Musti;x;
3862;87;84;31;Neyala;x;
3863;129;87;159;Gebara;x;
3864;171;90;32;Thugga;x;
3865;3;93;160;Thevessa;x;
3866;45;96;33;Filroma;x;
3867;87;99;161;Filgiers;x;
3868;129;102;34;Nedroridj;x;
3869;171;105;162;Sabrazougha;x;
3870;3;108;35;Awjituba;x;
3871;45;111;163;Yaribga;x;
3872;87;114;36;Hori;x;
3873;129;117;164;Mugduqli;x;
3874;171;120;37;Sentiu;x;
3875;3;123;165;Zesouk;x;
3876;45;126;38;Thaguiba;x;
3877;87;129;166;Mouhadem;x;
3878;129;132;39;Fisaoud;x;
3879;171;135;167;Abyahat;x;
3880;3;138;40;Baywoon;x;
3881;45;141;168;Tanha;x;
3882;87;144;41;Casalanca;x;
3883;129;147;169;Taiyabo;x;
3884;171;150;42;Sindbelat;x;
3885;3;153;170;Bratour;x;
3886;45;156;43;Sayanin;x;
3887;87;159;171;Frenghouat;x;
3888;129;162;44;Larmis;x;
3889;171;165;172;Mascula;x;
3890;3;168;45;Tarhucheira;x;
3891;45;171;173;Akhyrata;x;
3892;87;174;46;Lambaesis;x;
3893;129;177;174;Kenitnit;x;
3894;171;180;47;Mediourada;x;
3895;3;183;175;Kabat;x;
3896;45;186;48;Taiyabir;x;
3897;87;189;176;Cirta;x;
3898;129;192;49;Djelouret;x;
3899;171;195;177;Fouliana;x;
3900;3;198;50;Bayachent;x;
3901;45;201;178;Chullu;x;
3902;87;204;51;Hadghoum;x;
3903;129;207;179;Ashrata;x;
3904;171;210;52;Benishita;x;
3905;3;0;180;Hoda;x;
3906;45;3;53;Berkatouan;x;
3907;87;6;181;Shangil;x;
3908;129;9;54;Muti;x;
3909;171;12;182;Ghedanin;x;
3910;3;15;55;Jiljiche;x;
3911;45;18;183;Mosras;x;
3912;87;21;56;Kesa;x;
3913;129;24;184;Ashwara;x;
3914;171;27;57;Regius;x;
3915;3;30;185;Laracem;x;
3916;45;33;58;Melloul;x;
3917;87;36;186;Dongodhaa;x;
3918;129;39;59;Bahyid;x;
3919;171;42;187;Empty_3919;x;
3920;3;45;60;Empty_3920;x;
3921;45;48;188;Empty_3921;x;
3922;87;51;61;Empty_3922;x;
3923;129;54;189;Empty_3923;x;
3924;171;57;62;Empty_3924;x;
3925;3;60;190;Empty_3925;x;
3926;45;63;63;Empty_3926;x;
3927;87;66;191;Empty_3927;x;
3928;129;69;64;Empty_3928;x;
3929;171;72;192;Empty_3929;x;
3930;3;75;65;Empty_3930;x;
3931;45;78;193;Empty_3931;x;
3932;87;81;66;Gafloula;x;
3933;129;84;194;Igilgili;x;
3934;171;87;67;Cebbahad;x;
3935;3;90;195;Frenlia;x;
3936;45;93;68;Cherania;x;
3937;87;96;196;Qubayada;x;
3938;129;99;69;Kiya;x;
3939;171;102;197;Yager;x;
3940;3;105;70;Zarai;x;
3941;45;108;198;Masgadir;x;
3942;87;111;71;Gafayala;x;
3943;129;114;199;Zabi;x;
3944;171;117;72;Stifis;x;
3945;3;120;200;Todada;x;
3946;45;123;73;Abdesi;x;
3947;87;126;201;Guezouna;x;
3948;129;129;74;Saldae;x;
3949;171;132;202;Rusazus;x;
3950;3;135;75;Iomnium;x;
3951;45;138;203;Bida;x;
3952;87;141;76;Rusuccuru;x;
3953;129;144;204;Icosium;x;
3954;171;147;77;Tebesbira;x;
3955;3;150;205;Awjiya;x;
3956;45;153;78;Iol;x;
3957;87;156;206;Qatmayl;x;
3958;129;159;79;Zagonate;x;
3959;171;162;207;Yari;x;
3960;3;165;80;Nahuqa;x;
3961;45;168;208;Bahshir;x;
3962;87;171;81;Rakiet;x;
3963;129;174;209;Auzia;x;
3964;171;177;82;Essouadeyef;x;
3965;3;180;210;Uzinaza;x;
3966;45;183;83;Tesem;x;
3967;87;186;211;Djelrasset;x;
3968;129;189;84;Riwad;x;
3969;171;192;212;Rayames;x;
3970;3;195;85;Horou;x;
3971;45;198;213;Marane;x;
3972;87;201;86;Tubunae;x;
3973;129;204;214;Kaduri;x;
3974;171;207;87;Kaduqbak;x;
3975;3;210;215;Sobous;x;
3976;45;0;88;Khaficha;x;
3977;87;3;216;Empty_3977;x;
3978;129;6;89;Empty_3978;x;
3979;171;9;217;Larkra;x;
3980;3;12;90;Sedgiers;x;
3981;45;15;218;Columnata;x;
3982;87;18;91;Martuyada;x;
3983;129;21;219;Cartenna;x;
3984;171;24;92;Banina;x;
3985;3;27;220;Quiza;x;
3986;45;30;93;Tigava;x;
3987;87;33;221;Bounate;x;
3988;129;36;94;Sidor;x;
3989;171;39;222;Khagana;x;
3990;3;42;95;Halaber;x;
3991;45;45;223;Garliana;x;
3992;87;48;96;Mina;x;
3993;129;51;224;Thareb;x;
3994;171;54;97;Mahdouche;x;
3995;3;57;225;Okzou;x;
3996;45;60;98;Martuzirbu;x;
3997;87;63;226;Wazuk;x;
3998;129;66;99;Chaoute;x;
3999;171;69;227;Caset;x;
4000;0;39;205;Kamahmood;x;
4001;42;42;78;Abefa;x;
4002;84;45;206;Bizerliman;x;
4003;126;48;79;Meznan;x;
4004;168;51;207;Tamabah;x;
4005;0;54;80;Miroun;x;
4006;42;57;208;Muan;x;
4007;84;60;81;Bredu;x;
4008;126;63;209;Aziza;x;
4009;168;66;82;Tizgha;x;
4010;4;102;5;Bandhaa;x;
4011;46;105;133;Sindhaa;x;
4012;88;108;6;Kairia;x;
4013;130;111;134;Altava;x;
4014;172;114;7;Mounah;x;
4015;4;117;135;Siga;x;
4016;46;120;8;Khenjout;x;
4017;88;123;136;Pomaria;x;
4018;130;126;9;Affghaia;x;
4019;172;129;137;Gharwoon;x;
4020;4;132;10;Qaytuba;x;
4021;46;135;138;Sefsift;x;
4022;88;138;11;Kaceur;x;
4023;130;141;139;Umm Bala;x;
4024;172;144;12;Rayei;x;
4025;4;147;140;Kaizid;x;
4026;46;150;13;Gomani;x;
4027;88;153;141;Barasa;x;
4028;130;156;14;Serata;x;
4029;172;159;142;Ghate;x;
4030;4;162;15;Ajhada;x;
4031;46;165;143;Empty_4031;x;
4032;88;168;16;Empty_4032;x;
4033;130;171;144;Empty_4033;x;
4034;172;174;17;Empty_4034;x;
4035;4;177;145;Empty_4035;x;
4036;46;180;18;Empty_4036;x;
4037;88;183;146;Empty_4037;x;
4038;130;186;19;Empty_4038;x;
4039;172;189;147;Empty_4039;x;
4040;4;192;20;Empty_4040;x;
4041;46;195;148;Empty_4041;x;
4042;88;198;21;Empty_4042;x;
4043;130;201;149;Empty_4043;x;
4044;172;204;22;Empty_4044;x;
4045;4;207;150;Empty_4045;x;
4046;46;210;23;Empty_4046;x;
4047;88;0;151;Empty_4047;x;
4048;130;3;24;Empty_4048;x;
4049;172;6;152;Empty_4049;x;
4050;4;9;25;Empty_4050;x;
4051;46;12;153;Empty_4051;x;
4052;88;15;26;Tafichaouen;x;
4053;130;18;154;Russadir;x;
4054;172;21;27;Kezilal;x;
4055;4;24;155;Abenagil;x;
4056;46;27;28;Namahmood;x;
4057;88;30;156;Hamliman;x;
4058;130;33;29;Razahra;x;
4059;172;36;157;Azazkra;x;
4060;4;39;30;Mizouar;x;
4061;46;42;158;Tazirliya;x;
4062;88;45;31;Wadan;x;
4063;130;48;159;Yamane;x;
4064;172;51;32;Tanhna;x;
4065;4;54;160;Descha;x;
4066;46;57;33;Senda;x;
4067;88;60;161;Madour;x;
4068;130;63;34;Moknides;x;
4069;172;66;162;Arraga;x;
4070;4;69;35;Ghargla;x;
4071;46;72;163;Qaniya;x;
4072;88;75;36;Tegjila;x;
4073;130;78;164;Inezlé;x;
4074;172;81;37;Kenitgane;x;
4075;4;84;165;Rawaba;x;
4076;46;87;38;Kadubelat;x;
4077;88;90;166;Khastouia;x;
4078;130;93;39;Thamuda;x;
4079;172;96;167;Sbeiret;x;
4080;4;99;40;Tingis;x;
4081;46;102;168;Zilis;x;
4082;88;105;41;Birkras;x;
4083;130;108;169;Annarata;x;
4084;172;111;42;Sabrayan;x;
4085;4;114;170;Ajdaan;x;
4086;46;117;43;Kada;x;
4087;88;120;171;Sefca;x;
4088;130;123;44;Babba;x;
4089;172;126;172;Mebelat;x;
4090;4;129;45;Abyela;x;
4091;46;132;173;Lixus;x;
4092;88;135;46;Banasa;x;
4093;130;138;174;Soulat;x;
4094;172;141;47;Hebiloula;x;
4095;4;144;175;Baled;x;
4096;46;147;48;Volubilis;x;
4097;89;151;176;Zlitrun;x;
4098;130;153;49;Awjian;x;
4099;172;156;177;Taoulal;x;
4100;4;159;50;Melnifra;x;
4101;46;162;178;Mukon;x;
4102;88;165;51;Sbibika;x;
4103;130;168;179;Sala;x;
4104;172;171;52;Empty_4104;x;
4105;4;174;180;Empty_4105;x;
4106;46;177;53;Empty_4106;x;
4107;88;180;181;Empty_4107;x;
4108;130;183;54;Empty_4108;x;
4109;172;186;182;Empty_4109;x;
4110;4;189;55;Empty_4110;x;
4111;46;192;183;Empty_4111;x;
4112;88;195;56;Empty_4112;x;
