object={
	name="tree_leaf_01_single_generator_1_0"
	render_pass=Map
	clamp_to_water_level=no
	generated_content=yes
	layer="tree_high_layer"
	pdxmesh="tree_leaf_01_single_a_mesh"
	count=9794
	transform="1340.301392 0.000000 2859.122070 0.000000 0.625919 0.000000 -0.779888 0.904778 0.904778 0.904778
1337.513306 0.000000 2863.007324 0.000000 0.254631 0.000000 -0.967038 0.784921 0.784921 0.784921
1343.432861 0.000000 2862.162842 0.000000 0.939514 0.000000 -0.342510 0.739100 0.739100 0.739100
1336.131958 0.000000 2859.070557 0.000000 0.979518 0.000000 0.201356 0.685119 0.685119 0.685119
1340.735352 0.000000 2863.636230 0.000000 0.784835 0.000000 -0.619705 0.860020 0.860020 0.860020
1343.463379 0.000000 2859.022217 0.000000 0.931747 0.000000 -0.363108 0.724028 0.724028 0.724028
1338.259766 0.000000 2857.198486 0.000000 0.550524 0.000000 0.834819 0.632675 0.632675 0.632675
1339.570190 0.000000 2861.502441 0.000000 0.929271 0.000000 0.369398 0.590899 0.590899 0.590899
1341.720947 0.000000 2860.785156 0.000000 0.972397 0.000000 0.233334 0.632092 0.632092 0.632092
1340.642334 0.000000 2856.989014 0.000000 0.924629 0.000000 -0.380869 0.725265 0.725265 0.725265
1337.522949 0.000000 2860.842041 0.000000 0.953974 0.000000 -0.299891 0.731937 0.731937 0.731937
1338.328613 0.000000 2859.047607 0.000000 0.356218 0.000000 -0.934403 0.984661 0.984661 0.984661
1341.872437 0.000000 2862.490723 0.000000 0.942962 0.000000 -0.332900 0.781253 0.781253 0.781253
1341.871826 0.000000 2858.924561 0.000000 0.422611 0.000000 0.906311 0.440281 0.440281 0.440281
1343.269653 0.000000 2860.647949 0.000000 0.868257 0.000000 0.496115 0.626516 0.626516 0.626516
1339.098755 0.000000 2862.805908 0.000000 0.891184 0.000000 0.453643 0.592207 0.592207 0.592207
1339.320435 0.000000 2860.149414 0.000000 0.176288 0.000000 0.984339 0.298159 0.298159 0.298159
1340.542114 0.000000 2862.368896 0.000000 0.638059 0.000000 -0.769987 0.910407 0.910407 0.910407
1340.489258 0.000000 2860.621094 0.000000 0.991808 0.000000 0.127739 0.663065 0.663065 0.663065
1338.204346 0.000000 2861.924805 0.000000 0.914321 0.000000 0.404989 0.579767 0.579767 0.579767
1340.964233 0.000000 2858.100098 0.000000 0.711272 0.000000 0.702917 0.521549 0.521549 0.521549
1338.606689 0.000000 2860.955811 0.000000 0.828795 0.000000 -0.559552 0.871236 0.871236 0.871236
1400.476196 0.000000 2867.666748 0.000000 0.999748 0.000000 0.022443 0.693528 0.693528 0.693528
1345.811890 0.000000 2858.323975 0.000000 0.311574 0.000000 -0.950222 0.728488 0.728488 0.728488
1381.040771 0.000000 2861.230225 0.000000 0.204212 0.000000 -0.978927 0.971969 0.971969 0.971969
1384.157593 0.000000 2877.253174 0.000000 0.878002 0.000000 0.478658 0.556077 0.556077 0.556077
1370.805664 0.000000 2857.117920 0.000000 0.892516 0.000000 -0.451016 0.723713 0.723713 0.723713
1389.479370 0.000000 2867.767822 0.000000 0.983828 0.000000 0.179113 0.680173 0.680173 0.680173
1394.197876 0.000000 2875.705078 0.000000 0.999635 0.000000 -0.027027 0.701701 0.701701 0.701701
1352.397217 0.000000 2865.180664 0.000000 0.290440 0.000000 -0.956893 1.012215 1.012215 1.012215
1374.551758 0.000000 2851.121338 0.000000 0.921901 0.000000 0.387425 0.585283 0.585283 0.585283
1374.534790 0.000000 2863.979736 0.000000 0.698847 0.000000 0.715271 0.679107 0.679107 0.679107
1382.787964 0.000000 2867.700928 0.000000 0.996894 0.000000 -0.078751 0.722731 0.722731 0.722731
1352.092896 0.000000 2858.804932 0.000000 0.420481 0.000000 0.907301 0.620532 0.620532 0.620532
1395.011719 0.000000 2869.877930 0.000000 0.106810 0.000000 -0.994279 1.209058 1.209058 1.209058
1377.503418 0.000000 2856.181152 0.000000 0.211451 0.000000 -0.977389 0.866093 0.866093 0.866093
1406.003174 0.000000 2866.398682 0.000000 0.938024 0.000000 -0.346571 0.781023 0.781023 0.781023
1388.782715 0.000000 2873.534180 0.000000 0.630624 0.000000 0.776089 0.432949 0.432949 0.432949
1378.086914 0.000000 2876.465576 0.000000 0.714809 0.000000 0.699319 0.503756 0.503756 0.503756
1399.490234 0.000000 2873.062988 0.000000 0.077839 0.000000 -0.996966 0.799139 0.799139 0.799139
1369.243164 0.000000 2852.043213 0.000000 0.682020 0.000000 0.731333 0.652695 0.652695 0.652695
1407.194824 0.000000 2871.382324 0.000000 0.603150 0.000000 -0.797628 0.966250 0.966250 0.966250
1381.819946 0.000000 2872.737305 0.000000 0.338271 0.000000 -0.941049 1.053437 1.053437 1.053437
1348.747437 0.000000 2868.733398 0.000000 0.987677 0.000000 -0.156507 0.702472 0.702472 0.702472
1348.093506 0.000000 2862.673584 0.000000 0.044368 0.000000 0.999015 0.467924 0.467924 0.467924
1401.505493 0.000000 2863.007324 0.000000 0.963710 0.000000 0.266951 0.678277 0.678277 0.678277
1371.404663 0.000000 2847.562744 0.000000 0.999945 0.000000 0.010466 0.698976 0.698976 0.698976
1378.269287 0.000000 2867.307373 0.000000 0.979864 0.000000 0.199664 0.690515 0.690515 0.690515
1374.562378 0.000000 2859.506592 0.000000 0.092648 0.000000 0.995699 0.601848 0.601848 0.601848
1407.425049 0.000000 2862.162842 0.000000 0.980889 0.000000 -0.194568 0.704449 0.704449 0.704449
1379.849731 0.000000 2852.453125 0.000000 0.724310 0.000000 0.689474 0.625548 0.625548 0.625548
1403.020264 0.000000 2870.873779 0.000000 0.639965 0.000000 -0.768404 0.755133 0.755133 0.755133
1396.344971 0.000000 2865.858154 0.000000 0.826566 0.000000 -0.562840 0.805518 0.805518 0.805518
1385.529175 0.000000 2870.872559 0.000000 0.557761 0.000000 0.830002 0.311585 0.311585 0.311585
1388.376953 0.000000 2878.077881 0.000000 0.919180 0.000000 -0.393837 0.798332 0.798332 0.798332
1397.825073 0.000000 2877.378662 0.000000 0.489127 0.000000 -0.872213 1.005568 1.005568 1.005568
1373.931641 0.000000 2854.885010 0.000000 0.935772 0.000000 0.352606 0.596091 0.596091 0.596091
1391.467651 0.000000 2870.848877 0.000000 0.036647 0.000000 0.999328 0.257628 0.257628 0.257628
1349.104614 0.000000 2856.986816 0.000000 0.831535 0.000000 -0.555472 0.764840 0.764840 0.764840
1377.581055 0.000000 2862.265625 0.000000 0.857388 0.000000 0.514671 0.618748 0.618748 0.618748
1378.743652 0.000000 2871.009277 0.000000 0.997193 0.000000 0.074869 0.696333 0.696333 0.696333
1394.689087 0.000000 2879.287598 0.000000 0.983731 0.000000 -0.179646 0.752084 0.752084 0.752084
1383.066162 0.000000 2864.010498 0.000000 0.379654 0.000000 -0.925129 1.040651 1.040651 1.040651
1401.355713 0.000000 2877.646973 0.000000 0.606542 0.000000 0.795051 0.434979 0.434979 0.434979
1386.193115 0.000000 2866.837158 0.000000 0.295462 0.000000 -0.955355 0.906547 0.906547 0.906547
1393.111206 0.000000 2866.869141 0.000000 0.587413 0.000000 0.809287 0.428103 0.428103 0.428103
1351.418945 0.000000 2861.960938 0.000000 0.273844 0.000000 -0.961774 1.034530 1.034530 1.034530
1376.039429 0.000000 2879.061768 0.000000 0.827509 0.000000 0.561452 0.639575 0.639575 0.639575
1391.544189 0.000000 2877.513672 0.000000 0.012203 0.000000 -0.999926 0.759923 0.759923 0.759923
1385.078003 0.000000 2874.244873 0.000000 0.233044 0.000000 0.972466 0.298543 0.298543 0.298543
1398.205811 0.000000 2870.087646 0.000000 0.447438 0.000000 -0.894315 0.841211 0.841211 0.841211
1396.203369 0.000000 2873.128174 0.000000 0.357717 0.000000 0.933830 0.586287 0.586287 0.586287
1379.987915 0.000000 2864.286865 0.000000 0.768259 0.000000 0.640139 0.578599 0.578599 0.578599
1349.244873 0.000000 2865.605713 0.000000 0.950152 0.000000 -0.311787 0.745991 0.745991 0.745991
1378.587646 0.000000 2859.341309 0.000000 0.429642 0.000000 -0.902999 0.772853 0.772853 0.772853
1381.169678 0.000000 2876.742188 0.000000 0.490226 0.000000 0.871595 0.394796 0.394796 0.394796
1404.727539 0.000000 2863.636230 0.000000 0.170912 0.000000 -0.985286 0.775793 0.775793 0.775793
1376.781006 0.000000 2853.230225 0.000000 0.557254 0.000000 0.830342 0.417496 0.417496 0.417496
1376.975830 0.000000 2873.718506 0.000000 0.693482 0.000000 -0.720474 0.728118 0.728118 0.728118
1391.715820 0.000000 2873.937744 0.000000 0.356780 0.000000 0.934189 0.453417 0.453417 0.453417
1402.983276 0.000000 2866.038818 0.000000 0.856895 0.000000 -0.515491 0.856166 0.856166 0.856166
1398.594849 0.000000 2863.837402 0.000000 0.585205 0.000000 -0.810885 0.751231 0.751231 0.751231
1402.390503 0.000000 2873.740723 0.000000 0.878107 0.000000 -0.478464 0.717438 0.717438 0.717438
1368.665771 0.000000 2848.983643 0.000000 0.999987 0.000000 0.005114 0.699669 0.699669 0.699669
1372.129883 0.000000 2852.643799 0.000000 0.729760 0.000000 -0.683703 0.917078 0.917078 0.917078
1388.462891 0.000000 2870.580566 0.000000 0.845831 0.000000 -0.533451 0.862248 0.862248 0.862248
1374.228760 0.000000 2846.633057 0.000000 0.990003 0.000000 -0.141050 0.710140 0.710140 0.710140
1377.883545 0.000000 2850.331055 0.000000 0.026045 0.000000 0.999661 0.281566 0.281566 0.281566
1348.520508 0.000000 2859.833496 0.000000 0.737552 0.000000 -0.675290 0.913771 0.913771 0.913771
1351.376709 0.000000 2867.920898 0.000000 0.842579 0.000000 -0.538573 0.824241 0.824241 0.824241
1405.058838 0.000000 2873.101562 0.000000 0.823577 0.000000 -0.567204 0.780103 0.780103 0.780103
1404.714355 0.000000 2868.774658 0.000000 0.983182 0.000000 -0.182629 0.752958 0.752958 0.752958
1381.274292 0.000000 2870.091064 0.000000 0.400495 0.000000 0.916299 0.485351 0.485351 0.485351
1387.147095 0.000000 2875.800049 0.000000 0.538347 0.000000 0.842723 0.419737 0.419737 0.419737
1372.145874 0.000000 2850.028564 0.000000 0.972277 0.000000 -0.233830 0.768055 0.768055 0.768055
1379.813965 0.000000 2874.509521 0.000000 0.823123 0.000000 -0.567863 0.835088 0.835088 0.835088
1377.386230 0.000000 2864.892822 0.000000 0.995166 0.000000 -0.098206 0.706188 0.706188 0.706188
1399.825684 0.000000 2875.613525 0.000000 0.232421 0.000000 -0.972615 1.003573 1.003573 1.003573
1393.661133 0.000000 2872.251953 0.000000 0.669724 0.000000 0.742610 0.654658 0.654658 0.654658
1372.012817 0.000000 2859.313721 0.000000 0.870481 0.000000 -0.492202 0.725181 0.725181 0.725181
1389.735718 0.000000 2875.819336 0.000000 0.932976 0.000000 0.359939 0.639514 0.639514 0.639514
1346.327881 0.000000 2860.779541 0.000000 0.095133 0.000000 -0.995465 0.890816 0.890816 0.890816
1407.467896 0.000000 2873.831055 0.000000 0.837340 0.000000 -0.546683 0.866782 0.866782 0.866782
1380.589844 0.000000 2866.704346 0.000000 0.861015 0.000000 0.508579 0.600234 0.600234 0.600234
1373.351562 0.000000 2857.235107 0.000000 0.778242 0.000000 -0.627965 0.832888 0.832888 0.832888
1398.019287 0.000000 2867.659180 0.000000 0.998456 0.000000 -0.055551 0.716803 0.716803 0.716803
1385.760376 0.000000 2879.243652 0.000000 0.221272 0.000000 -0.975212 1.057987 1.057987 1.057987
1353.428101 0.000000 2860.711670 0.000000 0.702604 0.000000 0.711582 0.629434 0.629434 0.629434
1382.798706 0.000000 2875.031006 0.000000 0.667607 0.000000 -0.744513 0.909871 0.909871 0.909871
1379.289062 0.000000 2878.558594 0.000000 0.671637 0.000000 0.740880 0.459405 0.459405 0.459405
1396.546875 0.000000 2875.394043 0.000000 0.204105 0.000000 -0.978949 0.888485 0.888485 0.888485
1400.539185 0.000000 2865.160645 0.000000 0.779017 0.000000 0.627003 0.522349 0.522349 0.522349
1374.834473 0.000000 2848.862061 0.000000 0.397971 0.000000 -0.917398 0.933428 0.933428 0.933428
1384.839844 0.000000 2868.625244 0.000000 0.999779 0.000000 -0.021002 0.706901 0.706901 0.706901
1406.942993 0.000000 2869.143311 0.000000 0.193236 0.000000 0.981152 0.303131 0.303131 0.303131
1375.645874 0.000000 2857.534180 0.000000 0.446699 0.000000 -0.894684 0.959403 0.959403 0.959403
1391.098511 0.000000 2865.775391 0.000000 0.108531 0.000000 -0.994093 0.863524 0.863524 0.863524
1406.922485 0.000000 2864.318848 0.000000 0.887058 0.000000 0.461658 0.643814 0.643814 0.643814
1387.006226 0.000000 2868.928467 0.000000 0.685208 0.000000 -0.728347 0.936694 0.936694 0.936694
1391.529907 0.000000 2868.543701 0.000000 0.243612 0.000000 0.969873 0.318019 0.318019 0.318019
1386.789307 0.000000 2872.681396 0.000000 0.489945 0.000000 -0.871753 1.090411 1.090411 1.090411
1383.378296 0.000000 2871.167480 0.000000 0.921608 0.000000 -0.388122 0.824687 0.824687 0.824687
1371.601196 0.000000 2854.774658 0.000000 0.944263 0.000000 0.329193 0.644309 0.644309 0.644309
1355.861938 0.000000 2865.878906 0.000000 0.790804 0.000000 0.612070 0.652805 0.652805 0.652805
1402.593994 0.000000 2868.233154 0.000000 0.952439 0.000000 -0.304731 0.752492 0.752492 0.752492
1385.016357 0.000000 2864.896973 0.000000 0.252731 0.000000 0.967536 0.451753 0.451753 0.451753
1395.114136 0.000000 2867.657959 0.000000 0.757321 0.000000 -0.653043 0.930061 0.930061 0.930061
1343.944580 0.000000 2859.306152 0.000000 0.820841 0.000000 -0.571157 0.739308 0.739308 0.739308
1395.641235 0.000000 2877.345703 0.000000 0.712230 0.000000 -0.701946 0.875419 0.875419 0.875419
1350.136963 0.000000 2863.691895 0.000000 0.991012 0.000000 -0.133774 0.730248 0.730248 0.730248
1406.507080 0.000000 2875.791748 0.000000 0.869067 0.000000 0.494695 0.624035 0.624035 0.624035
1376.593018 0.000000 2860.141846 0.000000 0.977089 0.000000 0.212832 0.675637 0.675637 0.675637
1405.230713 0.000000 2870.841309 0.000000 0.591477 0.000000 -0.806322 0.911440 0.911440 0.911440
1353.079834 0.000000 2863.115234 0.000000 0.957507 0.000000 -0.288409 0.738857 0.738857 0.738857
1402.232910 0.000000 2875.813965 0.000000 0.995822 0.000000 0.091311 0.691211 0.691211 0.691211
1350.556885 0.000000 2860.132324 0.000000 0.729936 0.000000 0.683515 0.505354 0.505354 0.505354
1351.329102 0.000000 2856.979736 0.000000 0.497610 0.000000 -0.867401 0.789909 0.789909 0.789909
1390.218872 0.000000 2878.969971 0.000000 0.927691 0.000000 0.373349 0.644502 0.644502 0.644502
1370.152710 0.000000 2850.289062 0.000000 0.632656 0.000000 -0.774433 0.907437 0.907437 0.907437
1390.426270 0.000000 2872.482666 0.000000 0.502865 0.000000 0.864365 0.486559 0.486559 0.486559
1393.091187 0.000000 2869.812256 0.000000 0.745636 0.000000 -0.666353 0.910297 0.910297 0.910297
1374.874268 0.000000 2853.033691 0.000000 0.999405 0.000000 -0.034486 0.709946 0.709946 0.709946
1382.379395 0.000000 2865.823486 0.000000 0.942591 0.000000 0.333950 0.601819 0.601819 0.601819
1397.837402 0.000000 2871.990967 0.000000 0.958664 0.000000 0.284539 0.615291 0.615291 0.615291
1375.814087 0.000000 2855.218994 0.000000 0.257221 0.000000 -0.966352 1.077928 1.077928 1.077928
1393.451904 0.000000 2877.673828 0.000000 0.535051 0.000000 -0.844820 0.791440 0.791440 0.791440
1398.119019 0.000000 2874.385010 0.000000 0.998645 0.000000 0.052035 0.688173 0.688173 0.688173
1379.466675 0.000000 2862.447510 0.000000 0.941802 0.000000 -0.336167 0.798859 0.798859 0.798859
1378.744141 0.000000 2872.942627 0.000000 0.257528 0.000000 0.966271 0.480168 0.480168 0.480168
1386.157104 0.000000 2877.395752 0.000000 0.881559 0.000000 -0.472075 0.841766 0.841766 0.841766
1393.471069 0.000000 2864.973145 0.000000 0.029692 0.000000 -0.999559 0.953161 0.953161 0.953161
1398.784180 0.000000 2865.953857 0.000000 0.309146 0.000000 -0.951015 0.961305 0.961305 0.961305
1396.603882 0.000000 2868.860352 0.000000 0.901489 0.000000 -0.432801 0.899465 0.899465 0.899465
1396.551880 0.000000 2864.039795 0.000000 0.989046 0.000000 -0.147610 0.726150 0.726150 0.726150
1390.039062 0.000000 2869.641113 0.000000 0.126135 0.000000 0.992013 0.283527 0.283527 0.283527
1381.531616 0.000000 2863.007812 0.000000 0.402171 0.000000 0.915565 0.366403 0.366403 0.366403
1384.295898 0.000000 2866.577148 0.000000 0.335829 0.000000 -0.941923 1.054185 1.054185 1.054185
1347.648438 0.000000 2858.088623 0.000000 0.975877 0.000000 0.218320 0.668845 0.668845 0.668845
1376.402466 0.000000 2851.428955 0.000000 0.972626 0.000000 -0.232377 0.763526 0.763526 0.763526
1399.594482 0.000000 2878.041504 0.000000 0.132090 0.000000 -0.991238 1.049388 1.049388 1.049388
1373.077393 0.000000 2848.460205 0.000000 0.843334 0.000000 -0.537389 0.863593 0.863593 0.863593
1396.157959 0.000000 2871.294678 0.000000 0.948970 0.000000 0.315367 0.605802 0.605802 0.605802
1387.984131 0.000000 2866.685547 0.000000 0.774842 0.000000 0.632155 0.588779 0.588779 0.588779
1384.669678 0.000000 2872.495850 0.000000 0.563145 0.000000 0.826358 0.343060 0.343060 0.343060
1349.583618 0.000000 2861.642822 0.000000 0.770698 0.000000 -0.637201 0.893174 0.893174 0.893174
1394.518799 0.000000 2873.928467 0.000000 0.732166 0.000000 -0.681126 0.773330 0.773330 0.773330
1377.505371 0.000000 2857.940430 0.000000 0.974415 0.000000 0.224757 0.672268 0.672268 0.672268
1377.575073 0.000000 2878.204590 0.000000 0.671096 0.000000 -0.741370 0.784647 0.784647 0.784647
1370.534302 0.000000 2853.381348 0.000000 0.612599 0.000000 0.790394 0.504081 0.504081 0.504081
1402.842407 0.000000 2864.163818 0.000000 0.929601 0.000000 0.368567 0.601052 0.601052 0.601052
1350.220093 0.000000 2858.350830 0.000000 0.949481 0.000000 0.313825 0.623573 0.623573 0.623573
1380.307861 0.000000 2871.796143 0.000000 0.024253 0.000000 -0.999706 0.986487 0.986487 0.986487
1350.890991 0.000000 2866.212402 0.000000 0.981637 0.000000 0.190757 0.658073 0.658073 0.658073
1378.927246 0.000000 2865.648438 0.000000 0.994024 0.000000 0.109158 0.680886 0.680886 0.680886
1376.300171 0.000000 2863.483643 0.000000 0.528245 0.000000 0.849092 0.547564 0.547564 0.547564
1400.740967 0.000000 2874.187988 0.000000 0.840401 0.000000 0.541966 0.557862 0.557862 0.557862
1404.554810 0.000000 2865.321777 0.000000 0.085507 0.000000 -0.996338 1.003672 1.003672 1.003672
1383.148926 0.000000 2869.493652 0.000000 0.682829 0.000000 0.730578 0.470950 0.470950 0.470950
1392.039185 0.000000 2879.150391 0.000000 0.998421 0.000000 0.056172 0.685464 0.685464 0.685464
1404.397705 0.000000 2867.091553 0.000000 0.456612 0.000000 -0.889666 1.016210 1.016210 1.016210
1399.432495 0.000000 2871.343262 0.000000 0.543585 0.000000 0.839354 0.572925 0.572925 0.572925
1385.330933 0.000000 2875.888184 0.000000 0.655654 0.000000 0.755061 0.442776 0.442776 0.442776
1382.462646 0.000000 2877.785645 0.000000 0.965417 0.000000 -0.260711 0.745172 0.745172 0.745172
1399.314697 0.000000 2868.855713 0.000000 0.997846 0.000000 -0.065605 0.718931 0.718931 0.718931
1378.705200 0.000000 2860.983398 0.000000 0.719189 0.000000 -0.694814 0.877200 0.877200 0.877200
1397.355469 0.000000 2878.943848 0.000000 0.844740 0.000000 0.535177 0.537163 0.537163 0.537163
1372.643066 0.000000 2846.403564 0.000000 0.381919 0.000000 0.924196 0.539299 0.539299 0.539299
1383.309082 0.000000 2873.498779 0.000000 0.088082 0.000000 0.996113 0.246581 0.246581 0.246581
1378.430664 0.000000 2863.652344 0.000000 0.797340 0.000000 0.603530 0.513171 0.513171 0.513171
1379.631958 0.000000 2876.177979 0.000000 0.722270 0.000000 -0.691611 0.893526 0.893526 0.893526
1387.224854 0.000000 2874.207275 0.000000 0.838321 0.000000 0.545178 0.538775 0.538775 0.538775
1394.769775 0.000000 2866.052734 0.000000 0.424170 0.000000 -0.905583 1.066222 1.066222 1.066222
1378.192139 0.000000 2874.733154 0.000000 0.993387 0.000000 0.114818 0.674260 0.674260 0.674260
1352.433472 0.000000 2866.741699 0.000000 0.428740 0.000000 0.903428 0.493071 0.493071 0.493071
1380.961548 0.000000 2878.260986 0.000000 0.282435 0.000000 -0.959287 1.070377 1.070377 1.070377
1388.527710 0.000000 2869.033203 0.000000 0.270392 0.000000 -0.962750 1.028659 1.028659 1.028659
1371.068726 0.000000 2851.550049 0.000000 0.723906 0.000000 0.689899 0.521710 0.521710 0.521710
1351.715576 0.000000 2863.797363 0.000000 0.937044 0.000000 0.349211 0.619579 0.619579 0.619579
1401.440796 0.000000 2866.384766 0.000000 0.962122 0.000000 -0.272621 0.779618 0.779618 0.779618
1389.800659 0.000000 2877.400146 0.000000 0.999413 0.000000 -0.034260 0.704372 0.704372 0.704372
1373.663452 0.000000 2849.865234 0.000000 0.298233 0.000000 0.954493 0.334383 0.334383 0.334383
1393.624878 0.000000 2868.301270 0.000000 0.361317 0.000000 0.932443 0.353656 0.353656 0.353656
1372.485229 0.000000 2856.024414 0.000000 0.866659 0.000000 0.498900 0.597765 0.597765 0.597765
1371.017700 0.000000 2849.020752 0.000000 0.992540 0.000000 0.121921 0.671805 0.671805 0.671805
1381.547607 0.000000 2864.574951 0.000000 0.993866 0.000000 -0.110593 0.731955 0.731955 0.731955
1381.199585 0.000000 2875.092041 0.000000 0.987251 0.000000 0.159174 0.653906 0.653906 0.653906
1373.105225 0.000000 2851.489502 0.000000 0.964150 0.000000 -0.265356 0.777443 0.777443 0.777443
1373.409058 0.000000 2853.443115 0.000000 0.942829 0.000000 -0.333278 0.797975 0.797975 0.797975
1388.230225 0.000000 2872.102783 0.000000 0.954175 0.000000 -0.299248 0.791349 0.791349 0.791349
1387.046631 0.000000 2871.193604 0.000000 0.969552 0.000000 -0.244886 0.781283 0.781283 0.781283
1406.481812 0.000000 2872.736328 0.000000 0.994230 0.000000 0.107270 0.669009 0.669009 0.669009
1377.191040 0.000000 2854.655518 0.000000 0.999910 0.000000 0.013407 0.697891 0.697891 0.697891
1398.229492 0.000000 2875.920654 0.000000 0.262769 0.000000 -0.964859 0.996456 0.996456 0.996456
1407.207275 0.000000 2867.518555 0.000000 0.946050 0.000000 -0.324021 0.775543 0.775543 0.775543
1374.692871 0.000000 2856.268555 0.000000 0.276409 0.000000 -0.961040 1.002261 1.002261 1.002261
1346.928223 0.000000 2859.424561 0.000000 0.604669 0.000000 -0.796477 0.830435 0.830435 0.830435
1383.765015 0.000000 2878.676025 0.000000 0.173741 0.000000 -0.984791 0.900074 0.900074 0.900074
1388.424927 0.000000 2875.044922 0.000000 0.996851 0.000000 0.079296 0.686960 0.686960 0.686960
1402.114502 0.000000 2869.615479 0.000000 0.896361 0.000000 0.443324 0.622141 0.622141 0.622141
1397.681030 0.000000 2865.044189 0.000000 0.995480 0.000000 0.094970 0.683212 0.683212 0.683212
1390.850464 0.000000 2867.233887 0.000000 0.999995 0.000000 -0.003297 0.700951 0.700951 0.700951
1389.964966 0.000000 2871.137451 0.000000 0.877921 0.000000 -0.478806 0.843972 0.843972 0.843972
1405.843262 0.000000 2867.874268 0.000000 0.693731 0.000000 -0.720235 0.931875 0.931875 0.931875
1370.559448 0.000000 2855.738770 0.000000 0.990621 0.000000 -0.136639 0.722756 0.722756 0.722756
1386.964966 0.000000 2878.548828 0.000000 0.718311 0.000000 -0.695722 0.921865 0.921865 0.921865
1403.462036 0.000000 2869.349365 0.000000 0.805890 0.000000 -0.592066 0.807408 0.807408 0.807408
1372.079956 0.000000 2857.760498 0.000000 0.259078 0.000000 0.965856 0.443843 0.443843 0.443843
1380.536987 0.000000 2873.332031 0.000000 0.493235 0.000000 0.869896 0.395792 0.395792 0.395792
1394.619873 0.000000 2871.202393 0.000000 0.828475 0.000000 0.560026 0.528599 0.528599 0.528599
1382.472534 0.000000 2876.340576 0.000000 0.255427 0.000000 -0.966828 0.924784 0.924784 0.924784
1381.953003 0.000000 2871.375977 0.000000 0.853672 0.000000 -0.520810 0.801477 0.801477 0.801477
1350.815063 0.000000 2864.823975 0.000000 0.191038 0.000000 0.981583 0.302486 0.302486 0.302486
1384.294922 0.000000 2870.151367 0.000000 0.707284 0.000000 0.706929 0.388531 0.388531 0.388531
1400.933716 0.000000 2876.336670 0.000000 0.886829 0.000000 -0.462097 0.838512 0.838512 0.838512
1401.001221 0.000000 2868.881592 0.000000 0.484686 0.000000 -0.874688 0.886081 0.886081 0.886081
1384.026367 0.000000 2875.638672 0.000000 0.666245 0.000000 -0.745733 0.952982 0.952982 0.952982
1383.685059 0.000000 2865.271240 0.000000 0.656339 0.000000 -0.754466 0.946494 0.946494 0.946494
1397.558838 0.000000 2866.380371 0.000000 0.028323 0.000000 0.999599 0.109665 0.109665 0.109665
1392.859497 0.000000 2871.145020 0.000000 0.347457 0.000000 0.937696 0.472630 0.472630 0.472630
1401.941650 0.000000 2865.100586 0.000000 0.449823 0.000000 0.893118 0.410540 0.410540 0.410540
1395.896240 0.000000 2878.721436 0.000000 0.465149 0.000000 -0.885232 1.013436 1.013436 1.013436
1379.917114 0.000000 2860.467041 0.000000 0.038744 0.000000 -0.999249 1.053413 1.053413 1.053413
1385.757812 0.000000 2869.589844 0.000000 0.192728 0.000000 0.981252 0.247640 0.247640 0.247640
1396.430786 0.000000 2867.314941 0.000000 0.907744 0.000000 0.419525 0.534312 0.534312 0.534312
1400.078003 0.000000 2866.407715 0.000000 0.471489 0.000000 0.881872 0.388633 0.388633 0.388633
1375.611328 0.000000 2850.419922 0.000000 0.964061 0.000000 -0.265681 0.777541 0.777541 0.777541
1405.746338 0.000000 2864.818115 0.000000 0.749304 0.000000 -0.662226 0.847991 0.847991 0.847991
1395.417480 0.000000 2876.063721 0.000000 0.657256 0.000000 -0.753668 0.892440 0.892440 0.892440
1399.440674 0.000000 2874.404297 0.000000 0.832186 0.000000 0.554496 0.566470 0.566470 0.566470
1399.888184 0.000000 2864.007568 0.000000 0.539595 0.000000 -0.841925 0.908137 0.908137 0.908137
1386.156616 0.000000 2874.910645 0.000000 0.449157 0.000000 0.893453 0.391034 0.391034 0.391034
1406.425781 0.000000 2870.360596 0.000000 0.947658 0.000000 -0.319289 0.793708 0.793708 0.793708
1383.427734 0.000000 2862.746582 0.000000 0.247980 0.000000 0.968765 0.411605 0.411605 0.411605
1399.223511 0.000000 2876.814209 0.000000 0.996738 0.000000 -0.080708 0.723298 0.723298 0.723298
1396.853394 0.000000 2870.237549 0.000000 0.038968 0.000000 0.999240 0.250267 0.250267 0.250267
1399.256958 0.000000 2867.387939 0.000000 0.276136 0.000000 -0.961119 1.090318 1.090318 1.090318
1404.575928 0.000000 2871.911621 0.000000 0.132512 0.000000 -0.991181 1.024156 1.024156 1.024156
1396.737915 0.000000 2876.747803 0.000000 0.750826 0.000000 0.660500 0.491959 0.491959 0.491959
1386.074829 0.000000 2868.098145 0.000000 0.996742 0.000000 -0.080661 0.723425 0.723425 0.723425
1379.826538 0.000000 2877.422119 0.000000 0.974773 0.000000 0.223199 0.642961 0.642961 0.642961
1385.119141 0.000000 2878.206543 0.000000 0.456598 0.000000 -0.889673 0.991300 0.991300 0.991300
1353.784180 0.000000 2864.187744 0.000000 0.999995 0.000000 0.003304 0.699192 0.699192 0.699192
1380.682739 0.000000 2865.442627 0.000000 0.699489 0.000000 -0.714644 0.929561 0.929561 0.929561
1399.864258 0.000000 2879.279541 0.000000 0.996926 0.000000 0.078348 0.680949 0.680949 0.680949
1394.484009 0.000000 2876.956787 0.000000 0.905342 0.000000 -0.424684 0.798880 0.798880 0.798880
1375.735229 0.000000 2853.939941 0.000000 0.160127 0.000000 0.987096 0.293431 0.293431 0.293431
1382.008545 0.000000 2873.957275 0.000000 0.957392 0.000000 -0.288793 0.789597 0.789597 0.789597
1378.603394 0.000000 2877.554443 0.000000 0.956433 0.000000 0.291952 0.624926 0.624926 0.624926
1382.984619 0.000000 2872.327148 0.000000 0.551385 0.000000 0.834251 0.398218 0.398218 0.398218
1348.809204 0.000000 2858.390381 0.000000 0.204385 0.000000 -0.978891 1.093588 1.093588 1.093588
1398.465942 0.000000 2878.506836 0.000000 0.960442 0.000000 0.278482 0.631446 0.631446 0.631446
1397.853760 0.000000 2868.842529 0.000000 0.133230 0.000000 -0.991085 1.340451 1.340451 1.340451
1392.059082 0.000000 2867.446045 0.000000 0.590309 0.000000 0.807177 0.429136 0.429136 0.429136
1374.031616 0.000000 2852.202881 0.000000 0.622292 0.000000 0.782785 0.440735 0.440735 0.440735
1383.990234 0.000000 2867.811279 0.000000 0.645069 0.000000 0.764124 0.449226 0.449226 0.449226
1387.323730 0.000000 2877.123535 0.000000 0.361038 0.000000 0.932551 0.353570 0.353570 0.353570
1385.709595 0.000000 2873.214844 0.000000 0.892964 0.000000 0.450128 0.528648 0.528648 0.528648
1401.119507 0.000000 2864.142334 0.000000 0.015040 0.000000 -0.999887 1.107822 1.107822 1.107822
1403.231689 0.000000 2867.205078 0.000000 0.646846 0.000000 0.762620 0.449897 0.449897 0.449897
1405.779785 0.000000 2869.331787 0.000000 0.171525 0.000000 -0.985180 1.103236 1.103236 1.103236
1372.757202 0.000000 2854.561523 0.000000 0.306331 0.000000 0.951925 0.336833 0.336833 0.336833
1385.108398 0.000000 2867.429688 0.000000 0.054249 0.000000 -0.998527 1.137291 1.137291 1.137291
1382.028076 0.000000 2869.147461 0.000000 0.957923 0.000000 -0.287026 0.781401 0.781401 0.781401
1385.832642 0.000000 2872.003662 0.000000 0.069997 0.000000 0.997547 0.149239 0.149239 0.149239
1404.216675 0.000000 2870.277588 0.000000 0.099291 0.000000 0.995058 0.368303 0.368303 0.368303
1391.247192 0.000000 2869.714844 0.000000 0.844075 0.000000 -0.536225 0.863195 0.863195 0.863195
1387.399170 0.000000 2870.087402 0.000000 0.427489 0.000000 0.904021 0.329045 0.329045 0.329045
1350.383179 0.000000 2862.469971 0.000000 0.953903 0.000000 -0.300115 0.768716 0.768716 0.768716
1393.151489 0.000000 2878.804932 0.000000 0.701779 0.000000 0.712394 0.494921 0.494921 0.494921
1349.613159 0.000000 2859.403076 0.000000 0.393334 0.000000 0.919396 0.363626 0.363626 0.363626
1380.298462 0.000000 2879.213867 0.000000 0.268563 0.000000 0.963262 0.325462 0.325462 0.325462
1396.828491 0.000000 2877.900879 0.000000 0.825856 0.000000 0.563882 0.527255 0.527255 0.527255
1394.665161 0.000000 2868.801758 0.000000 0.812156 0.000000 0.583440 0.483354 0.483354 0.483354
1383.890747 0.000000 2874.516846 0.000000 0.750270 0.000000 0.661131 0.519488 0.519488 0.519488
1375.418945 0.000000 2851.981445 0.000000 0.563554 0.000000 0.826079 0.419690 0.419690 0.419690
1406.070435 0.000000 2871.651367 0.000000 0.833736 0.000000 0.552164 0.531327 0.531327 0.531327
1401.196533 0.000000 2875.218262 0.000000 0.042699 0.000000 -0.999088 1.079205 1.079205 1.079205
1389.331055 0.000000 2872.167725 0.000000 0.837539 0.000000 -0.546378 0.873748 0.873748 0.873748
1349.498291 0.000000 2860.510742 0.000000 0.751083 0.000000 0.660208 0.498372 0.498372 0.498372
1384.468750 0.000000 2871.327393 0.000000 0.394168 0.000000 -0.919038 1.162409 1.162409 1.162409
1380.369019 0.000000 2863.169922 0.000000 0.129474 0.000000 -0.991583 1.115502 1.115502 1.115502
1401.692261 0.000000 2867.472656 0.000000 0.800541 0.000000 -0.599278 0.885294 0.885294 0.885294
1403.487427 0.000000 2865.057861 0.000000 0.428014 0.000000 0.903772 0.404177 0.404177 0.404177
1382.353760 0.000000 2870.304688 0.000000 0.986868 0.000000 -0.161531 0.750752 0.750752 0.750752
1406.326660 0.000000 2873.904785 0.000000 0.751572 0.000000 0.659651 0.492285 0.492285 0.492285
1394.692017 0.000000 2878.071777 0.000000 0.783914 0.000000 0.620869 0.506848 0.506848 0.506848
1383.163818 0.000000 2866.606689 0.000000 0.158273 0.000000 -0.987395 1.107110 1.107110 1.107110
1378.280029 0.000000 2879.070801 0.000000 0.595745 0.000000 -0.803173 0.968917 0.968917 0.968917
1390.413696 0.000000 2868.587891 0.000000 0.528976 0.000000 -0.848637 0.992216 0.992216 0.992216
1353.190063 0.000000 2865.945068 0.000000 0.318600 0.000000 -0.947889 1.004982 1.004982 1.004982
1389.127686 0.000000 2878.979248 0.000000 0.699470 0.000000 0.714662 0.506606 0.506606 0.506606
1351.057983 0.000000 2859.123047 0.000000 0.913629 0.000000 -0.406549 0.800238 0.800238 0.800238
1392.601440 0.000000 2868.734863 0.000000 0.722715 0.000000 0.691146 0.479967 0.479967 0.479967
1387.766602 0.000000 2873.170166 0.000000 0.101186 0.000000 0.994868 0.158159 0.158159 0.158159
1376.766846 0.000000 2850.377197 0.000000 0.896377 0.000000 -0.443292 0.824405 0.824405 0.824405
1377.850586 0.000000 2853.275146 0.000000 0.357031 0.000000 0.934093 0.352332 0.352332 0.352332
1394.117676 0.000000 2867.241455 0.000000 0.506055 0.000000 0.862501 0.363703 0.363703 0.363703
1377.512573 0.000000 2851.331543 0.000000 0.714802 0.000000 -0.699327 0.909781 0.909781 0.909781
1372.005249 0.000000 2848.522217 0.000000 0.555696 0.000000 0.831386 0.416955 0.416955 0.416955
1350.579834 0.000000 2861.218750 0.000000 0.985630 0.000000 0.168916 0.656101 0.656101 0.656101
1372.100098 0.000000 2851.159180 0.000000 0.985866 0.000000 0.167536 0.651462 0.651462 0.651462
1386.261841 0.000000 2876.364746 0.000000 0.892492 0.000000 0.451063 0.565064 0.565064 0.565064
1400.272583 0.000000 2877.259766 0.000000 0.984203 0.000000 0.177043 0.648679 0.648679 0.648679
1385.150513 0.000000 2876.938477 0.000000 0.404095 0.000000 -0.914717 1.032990 1.032990 1.032990
1395.543091 0.000000 2866.710205 0.000000 0.866135 0.000000 -0.499810 0.869210 0.869210 0.869210
1397.605103 0.000000 2871.000000 0.000000 0.864060 0.000000 0.503389 0.545124 0.545124 0.545124
1374.418701 0.000000 2853.987305 0.000000 0.112845 0.000000 -0.993613 1.120332 1.120332 1.120332
1401.987915 0.000000 2876.822021 0.000000 0.986345 0.000000 -0.164694 0.747707 0.747707 0.747707
1394.066528 0.000000 2870.315674 0.000000 0.984775 0.000000 -0.173833 0.750381 0.750381 0.750381
1385.252563 0.000000 2866.267822 0.000000 0.937147 0.000000 0.348934 0.597222 0.597222 0.597222
1380.780762 0.000000 2862.243652 0.000000 0.875756 0.000000 -0.482755 0.845271 0.845271 0.845271
1377.023804 0.000000 2852.226074 0.000000 0.086840 0.000000 -0.996222 1.127869 1.127869 1.127869
1386.441040 0.000000 2870.320312 0.000000 0.242752 0.000000 0.970088 0.264482 0.264482 0.264482
1384.310791 0.000000 2873.580322 0.000000 0.985325 0.000000 -0.170688 0.762950 0.762950 0.762950
1389.745361 0.000000 2873.270996 0.000000 0.344490 0.000000 -0.938790 1.066443 1.066443 1.066443
1397.084839 0.000000 2868.011475 0.000000 0.691676 0.000000 -0.722208 1.059621 1.059621 1.059621
1395.655762 0.000000 2869.158936 0.000000 0.780081 0.000000 0.625678 0.464908 0.464908 0.464908
1384.071899 0.000000 2869.219238 0.000000 0.806825 0.000000 0.590791 0.492346 0.492346 0.492346
1386.301758 0.000000 2873.982910 0.000000 0.623630 0.000000 0.781719 0.369086 0.369086 0.369086
1395.941162 0.000000 2868.197510 0.000000 0.481292 0.000000 0.876560 0.328350 0.328350 0.328350
1397.324097 0.000000 2869.522949 0.000000 0.505572 0.000000 -0.862784 1.163794 1.163794 1.163794
1396.283813 0.000000 2869.675293 0.000000 0.986430 0.000000 0.164182 0.626502 0.626502 0.626502
1392.114136 0.000000 2901.240234 0.000000 0.261917 0.000000 0.965090 0.323474 0.323474 0.323474
1398.889160 0.000000 2880.049072 0.000000 0.470374 0.000000 0.882467 0.622539 0.622539 0.622539
1395.532837 0.000000 2916.131348 0.000000 0.858391 0.000000 0.512996 0.696235 0.696235 0.696235
1386.821167 0.000000 2887.243408 0.000000 0.402808 0.000000 0.915285 0.580786 0.580786 0.580786
1402.246704 0.000000 2892.822266 0.000000 0.918069 0.000000 0.396421 0.622355 0.622355 0.622355
1403.105469 0.000000 2905.889893 0.000000 0.894272 0.000000 0.447525 0.643239 0.643239 0.643239
1379.331787 0.000000 2879.859375 0.000000 0.999090 0.000000 -0.042659 0.712305 0.712305 0.712305
1393.594727 0.000000 2892.778564 0.000000 0.956130 0.000000 0.292942 0.636094 0.636094 0.636094
1385.377563 0.000000 2895.708984 0.000000 0.987510 0.000000 -0.157557 0.745622 0.745622 0.745622
1379.358643 0.000000 2890.441650 0.000000 0.084274 0.000000 0.996443 0.632461 0.632461 0.632461
1391.385986 0.000000 2880.725098 0.000000 0.997637 0.000000 0.068705 0.684859 0.684859 0.684859
1399.207764 0.000000 2899.823242 0.000000 0.665890 0.000000 -0.746050 0.839807 0.839807 0.839807
1396.720215 0.000000 2886.600098 0.000000 0.999893 0.000000 -0.014619 0.704394 0.704394 0.704394
1405.265747 0.000000 2900.120605 0.000000 0.486777 0.000000 0.873526 0.393656 0.393656 0.393656
1385.270874 0.000000 2881.368164 0.000000 0.996745 0.000000 0.080614 0.686602 0.686602 0.686602
1381.263062 0.000000 2885.041016 0.000000 0.271768 0.000000 -0.962363 0.980750 0.980750 0.980750
1396.287598 0.000000 2904.399414 0.000000 0.632433 0.000000 0.774615 0.661286 0.661286 0.661286
1387.043335 0.000000 2901.076660 0.000000 0.942730 0.000000 -0.333556 0.727932 0.727932 0.727932
1391.689087 0.000000 2888.171143 0.000000 0.443278 0.000000 0.896384 0.379485 0.379485 0.379485
1380.125000 0.000000 2895.846924 0.000000 0.865953 0.000000 0.500126 0.585589 0.585589 0.585589
1390.408936 0.000000 2896.627686 0.000000 0.961121 0.000000 -0.276126 0.780670 0.780670 0.780670
1388.469604 0.000000 2891.955322 0.000000 0.355311 0.000000 0.934748 0.351801 0.351801 0.351801
1397.948608 0.000000 2895.077881 0.000000 0.820496 0.000000 0.571652 0.504328 0.504328 0.504328
1382.322510 0.000000 2899.970459 0.000000 0.398730 0.000000 0.917069 0.655376 0.655376 0.655376
1384.070801 0.000000 2891.331787 0.000000 0.078634 0.000000 0.996904 0.267149 0.267149 0.267149
1389.256836 0.000000 2905.166992 0.000000 0.999779 0.000000 0.021019 0.697098 0.697098 0.697098
1405.617188 0.000000 2895.762939 0.000000 0.371111 0.000000 0.928589 0.356691 0.356691 0.356691
1398.531982 0.000000 2890.560791 0.000000 0.560777 0.000000 -0.827967 1.134703 1.134703 1.134703
1394.890137 0.000000 2898.026367 0.000000 0.474883 0.000000 -0.880049 0.967008 0.967008 0.967008
1395.055420 0.000000 2882.746094 0.000000 0.993007 0.000000 0.118052 0.665880 0.665880 0.665880
1393.535400 0.000000 2907.680420 0.000000 0.987507 0.000000 0.157576 0.696405 0.696405 0.696405
1389.359619 0.000000 2884.222900 0.000000 0.019988 0.000000 0.999800 0.583463 0.583463 0.583463
1401.938843 0.000000 2897.088379 0.000000 0.593043 0.000000 0.805171 0.448106 0.448106 0.448106
1399.740967 0.000000 2883.851074 0.000000 0.072658 0.000000 0.997357 0.548155 0.548155 0.548155
1402.193604 0.000000 2902.237549 0.000000 0.976942 0.000000 -0.213503 0.755273 0.755273 0.755273
1399.453857 0.000000 2906.455566 0.000000 0.704300 0.000000 0.709902 0.665513 0.665513 0.665513
1406.495117 0.000000 2903.612549 0.000000 0.925612 0.000000 0.378474 0.691182 0.691182 0.691182
1400.343262 0.000000 2887.490234 0.000000 0.142680 0.000000 -0.989769 1.031822 1.031822 1.031822
1382.710083 0.000000 2888.157227 0.000000 0.972838 0.000000 0.231487 0.627332 0.627332 0.627332
1394.844727 0.000000 2889.468750 0.000000 0.615897 0.000000 0.787827 0.425703 0.425703 0.425703
1388.151855 0.000000 2879.449707 0.000000 0.727851 0.000000 0.685736 0.516451 0.516451 0.516451
1384.504639 0.000000 2884.586182 0.000000 0.839642 0.000000 -0.543141 0.794321 0.794321 0.794321
1382.010010 0.000000 2881.810791 0.000000 0.985462 0.000000 -0.169894 0.749228 0.749228 0.749228
1392.892822 0.000000 2885.048828 0.000000 0.287604 0.000000 0.957749 0.295413 0.295413 0.295413
1378.816528 0.000000 2883.002686 0.000000 0.655762 0.000000 0.754967 0.511600 0.511600 0.511600
1396.049072 0.000000 2901.026123 0.000000 0.824427 0.000000 0.565968 0.619045 0.619045 0.619045
1392.376343 0.000000 2904.453369 0.000000 0.630265 0.000000 0.776380 0.586599 0.586599 0.586599
1387.545288 0.000000 2897.973877 0.000000 0.725857 0.000000 -0.687846 0.808697 0.808697 0.808697
1381.425415 0.000000 2893.029297 0.000000 0.947514 0.000000 0.319713 0.635736 0.635736 0.635736
1379.034180 0.000000 2887.183105 0.000000 0.826636 0.000000 0.562737 0.656130 0.656130 0.656130
1406.692749 0.000000 2892.687744 0.000000 0.463686 0.000000 -0.885999 0.909275 0.909275 0.909275
1399.066528 0.000000 2903.078125 0.000000 0.585165 0.000000 0.810914 0.465315 0.465315 0.465315
1395.776733 0.000000 2879.733643 0.000000 0.977429 0.000000 0.211264 0.638619 0.638619 0.638619
1402.816162 0.000000 2889.850098 0.000000 0.997889 0.000000 0.064936 0.692164 0.692164 0.692164
1397.470581 0.000000 2918.549561 0.000000 0.968562 0.000000 0.248773 0.613445 0.613445 0.613445
1376.411621 0.000000 2881.102295 0.000000 0.417707 0.000000 0.908582 0.582470 0.582470 0.582470
1396.440796 0.000000 2892.576416 0.000000 0.937974 0.000000 -0.346706 0.857780 0.857780 0.857780
1391.306152 0.000000 2891.071777 0.000000 0.996996 0.000000 0.077449 0.680490 0.680490 0.680490
1388.971680 0.000000 2889.158447 0.000000 0.919504 0.000000 0.393080 0.583512 0.583512 0.583512
1393.442261 0.000000 2895.594482 0.000000 0.236831 0.000000 0.971551 0.316004 0.316004 0.316004
1389.682129 0.000000 2899.855469 0.000000 0.983533 0.000000 0.180731 0.650139 0.650139 0.650139
1382.807983 0.000000 2897.145752 0.000000 0.765546 0.000000 0.643381 0.577860 0.577860 0.577860
1386.742920 0.000000 2903.913818 0.000000 0.994956 0.000000 0.100312 0.693854 0.693854 0.693854
1388.075317 0.000000 2894.832031 0.000000 0.944701 0.000000 0.327934 0.603657 0.603657 0.603657
1407.815430 0.000000 2901.166260 0.000000 0.881644 0.000000 -0.471915 0.764415 0.764415 0.764415
1390.925171 0.000000 2893.931641 0.000000 0.847494 0.000000 0.530804 0.559188 0.559188 0.559188
1383.266113 0.000000 2879.350830 0.000000 0.995093 0.000000 0.098945 0.685798 0.685798 0.685798
1386.430298 0.000000 2889.955811 0.000000 0.752702 0.000000 0.658361 0.496547 0.496547 0.496547
1392.223755 0.000000 2898.614502 0.000000 0.944016 0.000000 0.329898 0.603057 0.603057 0.603057
1389.194092 0.000000 2902.566895 0.000000 0.662873 0.000000 -0.748732 0.887796 0.887796 0.887796
1390.933105 0.000000 2907.119385 0.000000 0.914276 0.000000 0.405093 0.681049 0.681049 0.681049
1387.778564 0.000000 2882.007080 0.000000 0.825339 0.000000 -0.564637 0.735650 0.735650 0.735650
1386.098755 0.000000 2893.016602 0.000000 0.045681 0.000000 -0.998956 1.139764 1.139764 1.139764
1402.699707 0.000000 2899.641113 0.000000 0.045976 0.000000 0.998943 0.260321 0.260321 0.260321
1399.660522 0.000000 2892.988770 0.000000 0.515631 0.000000 -0.856811 1.158581 1.158581 1.158581
1397.509888 0.000000 2897.706299 0.000000 0.104771 0.000000 -0.994496 0.846015 0.846015 0.846015
1394.609131 0.000000 2918.497070 0.000000 0.555938 0.000000 -0.831223 0.749732 0.749732 0.749732
1397.558105 0.000000 2882.339844 0.000000 0.279672 0.000000 0.960096 0.328793 0.328793 0.328793
1394.298340 0.000000 2902.846680 0.000000 0.790305 0.000000 0.612714 0.610104 0.610104 0.610104
1389.440674 0.000000 2886.717529 0.000000 0.471856 0.000000 0.881676 0.594365 0.594365 0.594365
1401.048462 0.000000 2904.561768 0.000000 0.073716 0.000000 0.997279 0.359900 0.359900 0.359900
1406.717041 0.000000 2897.889404 0.000000 0.938020 0.000000 0.346582 0.599182 0.599182 0.599182
1383.809448 0.000000 2893.782959 0.000000 0.225454 0.000000 0.974254 0.324371 0.324371 0.324371
1404.449829 0.000000 2891.740967 0.000000 0.014261 0.000000 0.999898 0.618395 0.618395 0.618395
1393.984375 0.000000 2887.226318 0.000000 0.127182 0.000000 0.991879 0.278787 0.278787 0.278787
1403.225586 0.000000 2895.035400 0.000000 0.201101 0.000000 -0.979570 1.104120 1.104120 1.104120
1404.363159 0.000000 2897.938477 0.000000 0.116508 0.000000 -0.993190 1.119270 1.119270 1.119270
1400.544678 0.000000 2895.201660 0.000000 0.171533 0.000000 0.985178 0.235670 0.235670 0.235670
1381.829834 0.000000 2890.433838 0.000000 0.999969 0.000000 -0.007913 0.701715 0.701715 0.701715
1404.490112 0.000000 2902.515869 0.000000 0.494597 0.000000 -0.869122 0.806775 0.806775 0.806775
1391.538330 0.000000 2883.201904 0.000000 0.105803 0.000000 -0.994387 1.122375 1.122375 1.122375
1395.738647 0.000000 2895.825684 0.000000 0.990314 0.000000 0.138846 0.664946 0.664946 0.664946
1400.739868 0.000000 2890.937256 0.000000 0.780498 0.000000 0.625159 0.420292 0.420292 0.420292
1398.169189 0.000000 2888.319092 0.000000 0.929327 0.000000 0.369259 0.557894 0.557894 0.557894
1393.524170 0.000000 2879.956299 0.000000 0.995300 0.000000 0.096839 0.674914 0.674914 0.674914
1399.814819 0.000000 2897.712891 0.000000 0.133349 0.000000 0.991069 0.473977 0.473977 0.473977
1397.655151 0.000000 2884.605713 0.000000 0.539395 0.000000 0.842053 0.481317 0.481317 0.481317
1401.182739 0.000000 2879.367432 0.000000 0.888414 0.000000 -0.459043 0.770010 0.770010 0.770010
1394.024170 0.000000 2900.126465 0.000000 0.166125 0.000000 -0.986105 1.014039 1.014039 1.014039
1384.499390 0.000000 2886.906006 0.000000 0.831406 0.000000 -0.555665 0.805020 0.805020 0.805020
1395.055176 0.000000 2885.042725 0.000000 0.037514 0.000000 -0.999296 1.211789 1.211789 1.211789
1401.363037 0.000000 2885.623047 0.000000 0.813732 0.000000 -0.581240 0.741190 0.741190 0.741190
1407.665649 0.000000 2894.657227 0.000000 0.160746 0.000000 -0.986996 1.106388 1.106388 1.106388
1380.574341 0.000000 2888.647461 0.000000 0.559052 0.000000 -0.829132 0.957962 0.957962 0.957962
1384.410034 0.000000 2889.268799 0.000000 0.598292 0.000000 -0.801278 0.974499 0.974499 0.974499
1404.856445 0.000000 2893.826660 0.000000 0.997642 0.000000 0.068637 0.686075 0.686075 0.686075
1393.063477 0.000000 2881.902832 0.000000 0.250089 0.000000 -0.968223 1.080054 1.080054 1.080054
1381.312988 0.000000 2879.937744 0.000000 0.513436 0.000000 -0.858128 0.997467 0.997467 0.997467
1398.705200 0.000000 2886.360840 0.000000 0.999999 0.000000 -0.001049 0.700304 0.700304 0.700304
1382.204590 0.000000 2894.989258 0.000000 0.779363 0.000000 0.626573 0.504743 0.504743 0.504743
1400.337524 0.000000 2901.485596 0.000000 0.177751 0.000000 0.984075 0.298587 0.298587 0.298587
1389.700684 0.000000 2882.305664 0.000000 0.868432 0.000000 -0.495809 0.769807 0.769807 0.769807
1398.194580 0.000000 2904.831299 0.000000 0.984197 0.000000 -0.177077 0.731421 0.731421 0.731421
1392.940552 0.000000 2889.934814 0.000000 0.394068 0.000000 -0.919081 1.036143 1.036143 1.036143
1396.651733 0.000000 2890.224609 0.000000 0.944211 0.000000 0.329342 0.550442 0.550442 0.550442
1382.869751 0.000000 2883.539551 0.000000 0.477010 0.000000 -0.878898 1.009559 1.009559 1.009559
1391.026855 0.000000 2903.070557 0.000000 0.631701 0.000000 -0.775212 0.955782 0.955782 0.955782
1397.950806 0.000000 2901.343750 0.000000 0.866962 0.000000 -0.498374 0.770205 0.770205 0.770205
1391.017456 0.000000 2885.180420 0.000000 0.018743 0.000000 0.999824 0.298574 0.298574 0.298574
1382.984375 0.000000 2885.743652 0.000000 0.435723 0.000000 -0.900081 1.022940 1.022940 1.022940
1397.271240 0.000000 2899.583252 0.000000 0.801796 0.000000 0.597598 0.629482 0.629482 0.629482
1394.945679 0.000000 2894.087158 0.000000 0.416068 0.000000 0.909333 0.412694 0.412694 0.412694
1395.003662 0.000000 2891.408936 0.000000 0.543761 0.000000 -0.839240 1.002828 1.002828 1.002828
1380.136963 0.000000 2881.682373 0.000000 0.495005 0.000000 0.868890 0.396379 0.396379 0.396379
1385.917969 0.000000 2885.696777 0.000000 0.641027 0.000000 0.767518 0.556268 0.556268 0.556268
1378.219238 0.000000 2881.319336 0.000000 0.993859 0.000000 -0.110657 0.731973 0.731973 0.731973
1386.304810 0.000000 2879.899414 0.000000 0.146722 0.000000 0.989178 0.289520 0.289520 0.289520
1384.633179 0.000000 2897.389648 0.000000 0.551697 0.000000 0.834044 0.544857 0.544857 0.544857
1381.400391 0.000000 2886.942871 0.000000 0.909576 0.000000 -0.415538 0.805595 0.805595 0.805595
1403.118774 0.000000 2903.906982 0.000000 0.997536 0.000000 -0.070150 0.718036 0.718036 0.718036
1399.795410 0.000000 2889.286133 0.000000 0.982744 0.000000 0.184970 0.630098 0.630098 0.630098
1400.987671 0.000000 2899.218994 0.000000 0.015361 0.000000 0.999882 0.251488 0.251488 0.251488
1406.092896 0.000000 2901.773193 0.000000 0.763910 0.000000 -0.645322 0.791938 0.791938 0.791938
1389.555176 0.000000 2880.526855 0.000000 0.929187 0.000000 0.369610 0.618621 0.618621 0.618621
1380.557495 0.000000 2883.397949 0.000000 0.735977 0.000000 -0.677007 0.876753 0.876753 0.876753
1385.584229 0.000000 2883.112061 0.000000 0.995118 0.000000 0.098697 0.683415 0.683415 0.683415
1396.811157 0.000000 2902.634277 0.000000 0.201938 0.000000 0.979398 0.561394 0.561394 0.561394
1389.298584 0.000000 2898.104980 0.000000 0.594723 0.000000 0.803930 0.443772 0.443772 0.443772
1396.449219 0.000000 2888.298340 0.000000 0.879371 0.000000 -0.476138 0.877787 0.877787 0.877787
1397.243042 0.000000 2880.626953 0.000000 0.382752 0.000000 0.923851 0.444722 0.444722 0.444722
1392.409546 0.000000 2896.939209 0.000000 0.825489 0.000000 -0.564418 0.872932 0.872932 0.872932
1388.532959 0.000000 2896.483154 0.000000 0.773044 0.000000 0.634353 0.513862 0.513862 0.513862
1406.876221 0.000000 2899.632812 0.000000 0.884534 0.000000 0.466476 0.585506 0.585506 0.585506
1381.019531 0.000000 2897.314697 0.000000 0.239488 0.000000 -0.970899 0.867217 0.867217 0.867217
1401.500732 0.000000 2888.797363 0.000000 0.040666 0.000000 -0.999173 1.159930 1.159930 1.159930
1392.327026 0.000000 2886.632080 0.000000 0.116977 0.000000 -0.993135 1.124214 1.124214 1.124214
1390.287231 0.000000 2892.392090 0.000000 0.951046 0.000000 -0.309049 0.779067 0.779067 0.779067
1383.636230 0.000000 2881.026855 0.000000 0.979515 0.000000 0.201370 0.641535 0.641535 0.641535
1390.474243 0.000000 2901.444336 0.000000 0.987887 0.000000 -0.155175 0.744926 0.744926 0.744926
1390.923096 0.000000 2905.345947 0.000000 0.982564 0.000000 0.185925 0.664376 0.664376 0.664376
1383.727539 0.000000 2895.624512 0.000000 0.732425 0.000000 0.680847 0.484048 0.484048 0.484048
1390.663818 0.000000 2889.566895 0.000000 0.960094 0.000000 0.279679 0.618264 0.618264 0.618264
1399.177856 0.000000 2896.166992 0.000000 0.218059 0.000000 -0.975936 0.912484 0.912484 0.912484
1391.846313 0.000000 2895.270752 0.000000 0.333862 0.000000 -0.942622 1.054787 1.054787 1.054787
1398.051392 0.000000 2892.763916 0.000000 0.786798 0.000000 -0.617210 0.996432 0.996432 0.996432
1394.889648 0.000000 2881.109375 0.000000 0.016392 0.000000 -0.999866 1.148214 1.148214 1.148214
1389.711304 0.000000 2895.087646 0.000000 0.797529 0.000000 -0.603281 0.886739 0.886739 0.886739
1386.829102 0.000000 2891.552734 0.000000 0.691811 0.000000 0.722079 0.449028 0.449028 0.449028
1380.161987 0.000000 2894.199219 0.000000 0.735488 0.000000 0.677538 0.537385 0.537385 0.537385
1389.157715 0.000000 2893.547363 0.000000 0.250680 0.000000 -0.968070 1.068366 1.068366 1.068366
1403.567993 0.000000 2901.050781 0.000000 0.817510 0.000000 0.575914 0.523032 0.523032 0.523032
1396.243286 0.000000 2883.836182 0.000000 0.276050 0.000000 -0.961143 1.072295 1.072295 1.072295
1386.999023 0.000000 2896.025391 0.000000 0.700781 0.000000 0.713376 0.586175 0.586175 0.586175
1389.526855 0.000000 2890.765869 0.000000 0.962165 0.000000 -0.272468 0.779572 0.779572 0.779572
1393.686646 0.000000 2883.650879 0.000000 0.980182 0.000000 0.198101 0.642497 0.642497 0.642497
1382.549927 0.000000 2891.884521 0.000000 0.895154 0.000000 -0.445757 0.823535 0.823535 0.823535
1400.746094 0.000000 2903.014160 0.000000 0.514216 0.000000 0.857661 0.402795 0.402795 0.402795
1404.120239 0.000000 2896.321777 0.000000 0.946285 0.000000 0.323333 0.605060 0.605060 0.605060
1386.485474 0.000000 2894.544434 0.000000 0.815145 0.000000 0.579257 0.521852 0.521852 0.521852
1387.437622 0.000000 2888.699463 0.000000 0.157712 0.000000 -0.987485 1.099869 1.099869 1.099869
1388.010254 0.000000 2890.422852 0.000000 0.946997 0.000000 0.321243 0.605697 0.605697 0.605697
1384.117188 0.000000 2882.578125 0.000000 0.979563 0.000000 0.201140 0.666023 0.666023 0.666023
1385.673706 0.000000 2888.295410 0.000000 0.893830 0.000000 0.448405 0.562672 0.562672 0.562672
1384.741577 0.000000 2879.891357 0.000000 0.952748 0.000000 -0.303761 0.781984 0.781984 0.781984
1392.575317 0.000000 2902.734131 0.000000 0.995727 0.000000 -0.092343 0.726665 0.726665 0.726665
1391.894653 0.000000 2892.655518 0.000000 0.228315 0.000000 -0.973587 1.037327 1.037327 1.037327
1395.476929 0.000000 2899.556396 0.000000 0.777749 0.000000 -0.628576 0.868677 0.868677 0.868677
1396.550903 0.000000 2894.225098 0.000000 0.990489 0.000000 0.137593 0.655615 0.655615 0.655615
1388.322632 0.000000 2903.918945 0.000000 0.695057 0.000000 0.718954 0.521936 0.521936 0.521936
1401.812500 0.000000 2894.325684 0.000000 0.475108 0.000000 0.879927 0.342820 0.342820 0.342820
1387.584839 0.000000 2893.373535 0.000000 0.999058 0.000000 0.043398 0.687482 0.687482 0.687482
1388.595825 0.000000 2901.078369 0.000000 0.263400 0.000000 -0.964687 1.048731 1.048731 1.048731
1402.864136 0.000000 2891.428955 0.000000 0.354206 0.000000 -0.935167 0.902786 0.902786 0.902786
1391.238403 0.000000 2899.962402 0.000000 0.243202 0.000000 0.969976 0.317897 0.317897 0.317897
1386.128174 0.000000 2897.321533 0.000000 0.032838 0.000000 0.999461 0.479609 0.479609 0.479609
1392.848389 0.000000 2891.423340 0.000000 0.744435 0.000000 0.667695 0.551790 0.551790 0.551790
1401.678833 0.000000 2900.756836 0.000000 0.940438 0.000000 -0.339966 0.800024 0.800024 0.800024
1390.123047 0.000000 2888.056641 0.000000 0.812509 0.000000 0.582949 0.520544 0.520544 0.520544
1390.750732 0.000000 2898.534668 0.000000 0.979928 0.000000 -0.199353 0.757871 0.757871 0.757871
1392.184937 0.000000 2879.327148 0.000000 0.988088 0.000000 -0.153893 0.739962 0.739962 0.739962
1393.144287 0.000000 2888.459473 0.000000 0.996135 0.000000 0.087834 0.674640 0.674640 0.674640
1392.906128 0.000000 2894.095947 0.000000 0.830990 0.000000 -0.556287 0.870101 0.870101 0.870101
1406.948730 0.000000 2896.441650 0.000000 0.855072 0.000000 -0.518509 0.855277 0.855277 0.855277
1390.644897 0.000000 2879.362549 0.000000 0.081151 0.000000 0.996702 0.483941 0.483941 0.483941
1393.593140 0.000000 2901.548340 0.000000 0.703524 0.000000 0.710671 0.472072 0.472072 0.472072
1396.204468 0.000000 2881.783447 0.000000 0.966608 0.000000 -0.256259 0.756158 0.756158 0.756158
1380.162476 0.000000 2886.184326 0.000000 0.579526 0.000000 -0.814954 0.934742 0.934742 0.934742
1406.239136 0.000000 2894.340820 0.000000 0.378812 0.000000 0.925474 0.359087 0.359087 0.359087
1399.617676 0.000000 2905.018311 0.000000 0.467726 0.000000 0.883873 0.508653 0.508653 0.508653
1397.425781 0.000000 2891.471924 0.000000 0.552639 0.000000 0.833421 0.260931 0.260931 0.260931
1389.878052 0.000000 2903.908203 0.000000 0.205604 0.000000 0.978635 0.397333 0.397333 0.397333
1402.963501 0.000000 2898.085693 0.000000 0.850356 0.000000 -0.526208 0.859785 0.859785 0.859785
1403.435791 0.000000 2893.578857 0.000000 0.982675 0.000000 0.185340 0.664490 0.664490 0.664490
1399.307739 0.000000 2894.378174 0.000000 0.892405 0.000000 0.451236 0.510193 0.510193 0.510193
1394.552612 0.000000 2896.578369 0.000000 0.964084 0.000000 -0.265597 0.762952 0.762952 0.762952
1383.107910 0.000000 2889.799316 0.000000 0.949113 0.000000 -0.314936 0.799664 0.799664 0.799664
1390.900391 0.000000 2886.827393 0.000000 0.823296 0.000000 -0.567612 0.837130 0.837130 0.837130
1395.321899 0.000000 2886.693115 0.000000 0.634555 0.000000 -0.772878 0.990226 0.990226 0.990226
1399.514160 0.000000 2891.573975 0.000000 0.928656 0.000000 -0.370942 0.869351 0.869351 0.869351
1384.637329 0.000000 2892.650391 0.000000 0.711642 0.000000 0.702542 0.484914 0.484914 0.484914
1393.514038 0.000000 2898.121094 0.000000 0.061332 0.000000 0.998117 0.264755 0.264755 0.264755
1398.619751 0.000000 2898.525635 0.000000 0.188287 0.000000 0.982114 0.470663 0.470663 0.470663
1385.451660 0.000000 2891.499268 0.000000 0.978345 0.000000 0.206982 0.639517 0.639517 0.639517
1400.913330 0.000000 2892.337158 0.000000 0.708810 0.000000 -0.705400 1.048925 1.048925 1.048925
1385.125000 0.000000 2894.298584 0.000000 0.994254 0.000000 -0.107045 0.730926 0.730926 0.730926
1405.607422 0.000000 2898.788574 0.000000 0.082328 0.000000 -0.996605 1.116169 1.116169 1.116169
1387.412720 0.000000 2880.679199 0.000000 0.315793 0.000000 -0.948828 0.972951 0.972951 0.972951
1392.699585 0.000000 2900.040527 0.000000 0.580036 0.000000 0.814591 0.425483 0.425483 0.425483
1381.146118 0.000000 2891.608643 0.000000 0.994110 0.000000 -0.108373 0.723531 0.723531 0.723531
1396.379028 0.000000 2885.280273 0.000000 0.133509 0.000000 -0.991048 1.013885 1.013885 1.013885
1404.018066 0.000000 2899.585938 0.000000 0.897657 0.000000 0.440695 0.572392 0.572392 0.572392
1405.546875 0.000000 2897.113037 0.000000 0.319392 0.000000 -0.947623 1.059202 1.059202 1.059202
1395.058960 0.000000 2892.726807 0.000000 0.190316 0.000000 -0.981723 1.097726 1.097726 1.097726
1393.921265 0.000000 2885.902100 0.000000 0.990571 0.000000 0.136998 0.656529 0.656529 0.656529
1395.865356 0.000000 2897.134766 0.000000 0.248311 0.000000 0.968680 0.390920 0.390920 0.390920
1400.444824 0.000000 2896.541504 0.000000 0.079888 0.000000 0.996804 0.298778 0.298778 0.298778
1395.075806 0.000000 2888.176025 0.000000 0.957205 0.000000 0.289410 0.611232 0.611232 0.611232
1386.469849 0.000000 2881.986328 0.000000 0.925066 0.000000 0.379807 0.614895 0.614895 0.614895
1397.622681 0.000000 2879.350586 0.000000 0.990592 0.000000 0.136846 0.660416 0.660416 0.660416
1405.427734 0.000000 2892.583984 0.000000 0.987392 0.000000 0.158291 0.667776 0.667776 0.667776
1390.951416 0.000000 2882.041016 0.000000 0.798131 0.000000 -0.602484 0.886451 0.886451 0.886451
1381.837158 0.000000 2889.163086 0.000000 0.802654 0.000000 0.596445 0.531360 0.531360 0.531360
1404.495850 0.000000 2895.083740 0.000000 0.270048 0.000000 0.962847 0.325906 0.325906 0.325906
1380.603638 0.000000 2890.068604 0.000000 0.974528 0.000000 -0.224265 0.749015 0.749015 0.749015
1394.981201 0.000000 2901.707520 0.000000 0.237676 0.000000 0.971344 0.402307 0.402307 0.402307
1382.437256 0.000000 2880.553223 0.000000 0.909002 0.000000 0.416792 0.576034 0.576034 0.576034
1402.199585 0.000000 2895.847412 0.000000 0.710386 0.000000 -0.703812 0.930588 0.930588 0.930588
1382.476685 0.000000 2893.717529 0.000000 0.978764 0.000000 -0.204992 0.757728 0.757728 0.757728
1394.014893 0.000000 2890.566406 0.000000 0.895177 0.000000 0.445712 0.559525 0.559525 0.559525
1401.055542 0.000000 2897.970947 0.000000 0.961010 0.000000 0.276514 0.624600 0.624600 0.624600
1385.202759 0.000000 2890.237793 0.000000 0.939113 0.000000 -0.343609 0.801754 0.801754 0.801754
1399.135254 0.000000 2901.702881 0.000000 0.997978 0.000000 -0.063565 0.715562 0.715562 0.715562
1400.688599 0.000000 2893.814941 0.000000 0.993799 0.000000 0.111188 0.650348 0.650348 0.650348
1383.959717 0.000000 2888.128662 0.000000 0.714140 0.000000 -0.700003 0.941204 0.941204 0.941204
1397.735352 0.000000 2889.507080 0.000000 0.986943 0.000000 0.161067 0.642044 0.642044 0.642044
1382.765015 0.000000 2886.940674 0.000000 0.366401 0.000000 -0.930457 1.044770 1.044770 1.044770
1401.935181 0.000000 2903.464355 0.000000 0.846934 0.000000 0.531698 0.538349 0.538349 0.538349
1380.257935 0.000000 2887.420410 0.000000 0.996481 0.000000 0.083818 0.679322 0.679322 0.679322
1381.739746 0.000000 2883.076172 0.000000 0.589849 0.000000 0.807514 0.476607 0.476607 0.476607
1404.783081 0.000000 2901.317627 0.000000 0.995772 0.000000 0.091855 0.673476 0.673476 0.673476
1396.224609 0.000000 2891.397461 0.000000 0.996980 0.000000 0.077665 0.665355 0.665355 0.665355
1390.322876 0.000000 2883.386963 0.000000 0.950036 0.000000 -0.312142 0.791536 0.791536 0.791536
1394.633301 0.000000 2895.314697 0.000000 0.637260 0.000000 -0.770649 0.921418 0.921418 0.921418
1388.515869 0.000000 2881.063721 0.000000 0.942088 0.000000 0.335367 0.626487 0.626487 0.626487
1399.965942 0.000000 2903.897461 0.000000 0.339119 0.000000 -0.940744 1.003947 1.003947 1.003947
1400.371582 0.000000 2900.222900 0.000000 0.919825 0.000000 -0.392330 0.816253 0.816253 0.816253
1397.614624 0.000000 2885.774170 0.000000 0.428872 0.000000 -0.903365 0.946312 0.946312 0.946312
1401.651489 0.000000 2889.989258 0.000000 0.981967 0.000000 0.189051 0.642830 0.642830 0.642830
1382.450439 0.000000 2884.690918 0.000000 0.526644 0.000000 0.850086 0.406992 0.406992 0.406992
1392.427612 0.000000 2883.976562 0.000000 0.886625 0.000000 -0.462489 0.838639 0.838639 0.838639
1400.592651 0.000000 2905.692383 0.000000 0.195557 0.000000 0.980692 0.387853 0.387853 0.387853
1391.328247 0.000000 2897.459473 0.000000 0.455792 0.000000 -0.890087 1.016476 1.016476 1.016476
1383.400269 0.000000 2892.708496 0.000000 0.382377 0.000000 -0.924006 1.029504 1.029504 1.029504
1397.822632 0.000000 2887.159668 0.000000 0.017031 0.000000 0.999855 0.232963 0.232963 0.232963
1391.775879 0.000000 2889.995361 0.000000 0.604652 0.000000 0.796490 0.434294 0.434294 0.434294
1399.201904 0.000000 2887.625732 0.000000 0.292614 0.000000 0.956231 0.330461 0.330461 0.330461
1403.286743 0.000000 2902.754639 0.000000 0.766643 0.000000 -0.642073 0.879107 0.879107 0.879107
1392.689087 0.000000 2880.775391 0.000000 0.641100 0.000000 0.767458 0.447731 0.447731 0.447731
1402.000854 0.000000 2898.679199 0.000000 0.989751 0.000000 -0.142803 0.741319 0.741319 0.741319
1381.073853 0.000000 2894.949219 0.000000 0.999963 0.000000 0.008596 0.698122 0.698122 0.698122
1397.325439 0.000000 2883.476318 0.000000 0.965141 0.000000 -0.261730 0.776360 0.776360 0.776360
1403.013794 0.000000 2896.644043 0.000000 0.949030 0.000000 -0.315187 0.792461 0.792461 0.792461
1398.212769 0.000000 2893.904785 0.000000 0.680271 0.000000 -0.732960 1.066607 1.066607 1.066607
1394.257690 0.000000 2899.002197 0.000000 0.912499 0.000000 0.409079 0.595416 0.595416 0.595416
1380.348999 0.000000 2880.523682 0.000000 0.991013 0.000000 0.133766 0.661313 0.661313 0.661313
1400.415771 0.000000 2886.347168 0.000000 0.883975 0.000000 0.467533 0.586924 0.586924 0.586924
1383.104736 0.000000 2882.064453 0.000000 0.155267 0.000000 0.987873 0.292012 0.292012 0.292012
1394.678467 0.000000 2880.024902 0.000000 0.647387 0.000000 -0.762161 0.949898 0.949898 0.949898
1394.194824 0.000000 2881.986816 0.000000 0.996801 0.000000 0.079925 0.676929 0.676929 0.676929
1390.764648 0.000000 2895.587402 0.000000 0.951340 0.000000 0.308144 0.609676 0.609676 0.609676
1406.668335 0.000000 2895.353760 0.000000 0.126162 0.000000 -0.992010 1.116465 1.116465 1.116465
1397.817749 0.000000 2919.630371 0.000000 0.416799 0.000000 -0.908998 1.092773 1.092773 1.092773
1398.223511 0.000000 2900.295898 0.000000 0.945677 0.000000 -0.325106 0.781013 0.781013 0.781013
1398.148071 0.000000 2902.422607 0.000000 0.937414 0.000000 -0.348217 0.788262 0.788262 0.788262
1395.553711 0.000000 2890.350830 0.000000 0.942967 0.000000 0.332885 0.596807 0.596807 0.596807
1393.958862 0.000000 2884.730469 0.000000 0.996407 0.000000 -0.084690 0.726821 0.726821 0.726821
1389.404297 0.000000 2879.449463 0.000000 0.861969 0.000000 -0.506961 0.829147 0.829147 0.829147
1394.896362 0.000000 2883.876709 0.000000 0.994393 0.000000 -0.105750 0.730550 0.730550 0.730550
1381.585571 0.000000 2888.087402 0.000000 0.336943 0.000000 -0.941525 1.023821 1.023821 1.023821
1401.785889 0.000000 2891.399902 0.000000 0.856200 0.000000 -0.516644 0.924868 0.924868 0.924868
1393.500854 0.000000 2896.960205 0.000000 0.439085 0.000000 -0.898445 1.021862 1.021862 1.021862
1396.027832 0.000000 2889.292480 0.000000 0.970178 0.000000 0.242395 0.612287 0.612287 0.612287
1380.295898 0.000000 2879.356934 0.000000 0.764426 0.000000 -0.644712 0.902032 0.902032 0.902032
1379.324097 0.000000 2880.975342 0.000000 0.181520 0.000000 0.983387 0.299692 0.299692 0.299692
1399.789062 0.000000 2890.452393 0.000000 0.421052 0.000000 -0.907036 1.206325 1.206325 1.206325
1382.977295 0.000000 2890.899902 0.000000 0.558892 0.000000 -0.829241 0.961430 0.961430 0.961430
1392.686279 0.000000 2882.942871 0.000000 0.739728 0.000000 -0.672906 0.912841 0.912841 0.912841
1388.829224 0.000000 2899.076660 0.000000 0.268876 0.000000 -0.963175 1.056290 1.056290 1.056290
1393.947388 0.000000 2894.456543 0.000000 0.851594 0.000000 0.524202 0.540894 0.540894 0.540894
1392.275635 0.000000 2889.031738 0.000000 0.429611 0.000000 -0.903014 1.024895 1.024895 1.024895
1397.220581 0.000000 2893.408203 0.000000 0.924296 0.000000 -0.381677 0.874515 0.874515 0.874515
1391.441406 0.000000 2902.035400 0.000000 0.081249 0.000000 0.996694 0.270513 0.270513 0.270513
1383.238770 0.000000 2894.664062 0.000000 0.124325 0.000000 0.992242 0.283001 0.283001 0.283001
1398.446167 0.000000 2891.665527 0.000000 0.492371 0.000000 0.870385 0.229418 0.229418 0.229418
1395.808350 0.000000 2893.503662 0.000000 0.999974 0.000000 0.007265 0.697905 0.697905 0.697905
1384.087646 0.000000 2890.269775 0.000000 0.649895 0.000000 0.760024 0.449543 0.449543 0.449543
1389.435425 0.000000 2897.067139 0.000000 0.901063 0.000000 -0.433687 0.821510 0.821510 0.821510
1393.803711 0.000000 2889.360107 0.000000 0.352196 0.000000 -0.935926 1.049159 1.049159 1.049159
1396.509399 0.000000 2882.802002 0.000000 0.487292 0.000000 -0.873239 1.006175 1.006175 1.006175
1383.482422 0.000000 2884.810547 0.000000 0.660368 0.000000 0.750942 0.455049 0.455049 0.455049
1381.264893 0.000000 2881.023438 0.000000 0.192016 0.000000 0.981392 0.302773 0.302773 0.302773
1391.598877 0.000000 2896.287354 0.000000 0.985869 0.000000 0.167515 0.651468 0.651468 0.651468
1393.831543 0.000000 2880.972168 0.000000 0.289450 0.000000 -0.957193 1.068266 1.068266 1.068266
1395.868408 0.000000 2880.749268 0.000000 0.905592 0.000000 -0.424150 0.826305 0.826305 0.826305
1393.143066 0.000000 2899.114502 0.000000 0.705703 0.000000 -0.708508 0.927042 0.927042 0.927042
1398.772217 0.000000 2889.290283 0.000000 0.967134 0.000000 0.254268 0.603403 0.603403 0.603403
1379.060913 0.000000 2881.996338 0.000000 0.391572 0.000000 -0.920148 1.036926 1.036926 1.036926
1396.710693 0.000000 2895.234375 0.000000 0.182524 0.000000 -0.983201 1.146075 1.146075 1.146075
1385.602783 0.000000 2889.326904 0.000000 0.937312 0.000000 -0.348491 0.805130 0.805130 0.805130
1382.745972 0.000000 2895.875732 0.000000 0.661625 0.000000 -0.749835 0.944468 0.944468 0.944468
1378.458618 0.000000 2879.352783 0.000000 0.986483 0.000000 -0.163862 0.747464 0.747464 0.747464
1390.295776 0.000000 2897.628662 0.000000 0.611366 0.000000 -0.791348 0.963268 0.963268 0.963268
1401.307129 0.000000 2901.742188 0.000000 0.194357 0.000000 0.980931 0.303461 0.303461 0.303461
1387.473389 0.000000 2892.340576 0.000000 0.155722 0.000000 -0.987801 1.107855 1.107855 1.107855
1396.044922 0.000000 2887.388672 0.000000 0.788296 0.000000 -0.615296 0.899216 0.899216 0.899216
1400.489502 0.000000 2888.474854 0.000000 0.907737 0.000000 0.419541 0.569865 0.569865 0.569865
1400.684937 0.000000 2889.855225 0.000000 0.266083 0.000000 -0.963950 1.091201 1.091201 1.091201
1401.237915 0.000000 2895.971436 0.000000 0.349290 0.000000 -0.937015 1.103092 1.103092 1.103092
1396.916870 0.000000 2919.291016 0.000000 0.846338 0.000000 0.532647 0.506613 0.506613 0.506613
1401.403320 0.000000 2893.222412 0.000000 0.945288 0.000000 -0.326238 0.848093 0.848093 0.848093
1398.972290 0.000000 2895.267822 0.000000 0.569433 0.000000 -0.822038 1.091241 1.091241 1.091241
1397.514038 0.000000 2890.524902 0.000000 0.982280 0.000000 -0.187418 0.784017 0.784017 0.784017
1399.269531 0.000000 2888.561035 0.000000 0.498779 0.000000 -0.866729 1.093994 1.093994 1.093994
1399.012817 0.000000 2892.340088 0.000000 0.967876 0.000000 0.251426 0.586741 0.586741 0.586741
1397.282715 0.000000 2892.328613 0.000000 0.868368 0.000000 0.495921 0.468763 0.468763 0.468763
1398.825439 0.000000 2893.245117 0.000000 0.809058 0.000000 0.587729 0.420031 0.420031 0.420031
1428.794189 0.000000 2874.358887 0.000000 0.334510 0.000000 -0.942392 0.764471 0.764471 0.764471
1413.389771 0.000000 2873.868408 0.000000 0.631118 0.000000 -0.775687 0.934278 0.934278 0.934278
1448.149780 0.000000 2877.253174 0.000000 0.160111 0.000000 -0.987099 1.271667 1.271667 1.271667
1453.471558 0.000000 2867.767822 0.000000 0.999771 0.000000 -0.021397 0.700262 0.700262 0.700262
1468.379272 0.000000 2876.033203 0.000000 0.969071 0.000000 0.246782 0.686491 0.686491 0.686491
1458.190063 0.000000 2875.705078 0.000000 0.762787 0.000000 0.646650 0.691398 0.691398 0.691398
1408.329102 0.000000 2866.429199 0.000000 0.469202 0.000000 0.883091 0.630011 0.630011 0.630011
1421.255859 0.000000 2871.760498 0.000000 0.585373 0.000000 -0.810764 0.709914 0.709914 0.709914
1436.332397 0.000000 2878.285889 0.000000 0.864208 0.000000 -0.503135 0.771866 0.771866 0.771866
1446.780151 0.000000 2867.700928 0.000000 0.237329 0.000000 -0.971429 0.711632 0.711632 0.711632
1407.930176 0.000000 2876.384033 0.000000 0.796391 0.000000 0.604783 0.681839 0.681839 0.681839
1418.189941 0.000000 2877.010498 0.000000 0.225392 0.000000 0.974268 0.312614 0.312614 0.312614
1452.774902 0.000000 2873.534180 0.000000 0.258817 0.000000 -0.965926 0.823530 0.823530 0.823530
1442.079102 0.000000 2876.465576 0.000000 0.993884 0.000000 -0.110429 0.701934 0.701934 0.701934
1424.200928 0.000000 2877.453857 0.000000 0.813851 0.000000 0.581074 0.683746 0.683746 0.683746
1433.532715 0.000000 2871.104248 0.000000 0.957445 0.000000 -0.288615 0.804890 0.804890 0.804890
1413.405884 0.000000 2879.250244 0.000000 0.854966 0.000000 0.518683 0.680940 0.680940 0.680940
1412.739624 0.000000 2868.733398 0.000000 0.390175 0.000000 0.920741 0.552787 0.552787 0.552787
1409.128174 0.000000 2871.858398 0.000000 0.915235 0.000000 0.402920 0.581869 0.581869 0.581869
1417.089111 0.000000 2870.139160 0.000000 0.495791 0.000000 -0.868442 0.909594 0.909594 0.909594
1433.024292 0.000000 2875.397217 0.000000 0.296616 0.000000 0.954997 0.404897 0.404897 0.404897
1449.521362 0.000000 2870.872559 0.000000 0.979203 0.000000 -0.202885 0.769622 0.769622 0.769622
1452.369141 0.000000 2878.077881 0.000000 0.989185 0.000000 0.146676 0.692282 0.692282 0.692282
1430.311523 0.000000 2878.020020 0.000000 0.618042 0.000000 -0.786145 0.960827 0.960827 0.960827
1436.538452 0.000000 2874.009277 0.000000 0.733026 0.000000 0.680200 0.645095 0.645095 0.645095
1455.459839 0.000000 2870.848877 0.000000 0.986240 0.000000 0.165322 0.691002 0.691002 0.691002
1458.681274 0.000000 2879.287598 0.000000 0.012475 0.000000 -0.999922 0.966883 0.966883 0.966883
1421.449463 0.000000 2875.332520 0.000000 0.763091 0.000000 -0.646291 0.781051 0.781051 0.781051
1416.734009 0.000000 2873.959229 0.000000 0.767991 0.000000 0.640461 0.499568 0.499568 0.499568
1450.185303 0.000000 2866.837158 0.000000 0.577054 0.000000 -0.816706 0.743423 0.743423 0.743423
1455.536377 0.000000 2877.513672 0.000000 0.393697 0.000000 0.919240 0.471751 0.471751 0.471751
1449.070190 0.000000 2874.244873 0.000000 0.567249 0.000000 -0.823546 1.100772 1.100772 1.100772
1415.081177 0.000000 2876.609131 0.000000 0.301406 0.000000 0.953496 0.470155 0.470155 0.470155
1427.301147 0.000000 2877.158203 0.000000 0.745945 0.000000 0.666008 0.605745 0.605745 0.605745
1445.161865 0.000000 2876.742188 0.000000 0.324734 0.000000 0.945805 0.604647 0.604647 0.604647
1433.496216 0.000000 2868.003662 0.000000 0.034879 0.000000 -0.999392 0.871784 0.871784 0.871784
1430.950195 0.000000 2872.387695 0.000000 0.999926 0.000000 0.012204 0.697761 0.697761 0.697761
1452.455078 0.000000 2870.580566 0.000000 0.394119 0.000000 0.919059 0.408690 0.408690 0.408690
1409.462524 0.000000 2869.032227 0.000000 0.943053 0.000000 -0.332642 0.745631 0.745631 0.745631
1421.527710 0.000000 2878.176514 0.000000 0.835049 0.000000 0.550175 0.664367 0.664367 0.664367
1414.354126 0.000000 2871.192627 0.000000 0.223283 0.000000 0.974754 0.311990 0.311990 0.311990
1409.778076 0.000000 2874.473145 0.000000 0.998807 0.000000 -0.048826 0.709390 0.709390 0.709390
1411.673828 0.000000 2871.194580 0.000000 0.199153 0.000000 -0.979968 1.095129 1.095129 1.095129
1451.139282 0.000000 2875.800049 0.000000 0.955460 0.000000 -0.295121 0.769108 0.769108 0.769108
1433.640381 0.000000 2878.412598 0.000000 0.999442 0.000000 -0.033408 0.709285 0.709285 0.709285
1418.711548 0.000000 2872.384521 0.000000 0.294327 0.000000 0.955705 0.397671 0.397671 0.397671
1467.625977 0.000000 2878.478027 0.000000 0.767661 0.000000 -0.640856 0.946775 0.946775 0.946775
1453.727905 0.000000 2875.819336 0.000000 0.535331 0.000000 -0.844642 0.754494 0.754494 0.754494
1449.752563 0.000000 2879.243652 0.000000 0.176406 0.000000 0.984317 0.142341 0.142341 0.142341
1446.790894 0.000000 2875.031006 0.000000 0.325764 0.000000 0.945451 0.533278 0.533278 0.533278
1443.281250 0.000000 2878.558594 0.000000 0.784831 0.000000 -0.619710 0.779427 0.779427 0.779427
1419.064453 0.000000 2874.862549 0.000000 0.633886 0.000000 -0.773426 0.954968 0.954968 0.954968
1435.173462 0.000000 2876.209717 0.000000 0.118711 0.000000 -0.992929 1.118630 1.118630 1.118630
1434.324097 0.000000 2873.415527 0.000000 0.930221 0.000000 -0.366999 0.740059 0.740059 0.740059
1448.832031 0.000000 2868.625244 0.000000 0.931547 0.000000 0.363620 0.613501 0.613501 0.613501
1416.406860 0.000000 2878.410889 0.000000 0.955601 0.000000 0.294664 0.622639 0.622639 0.622639
1419.399780 0.000000 2870.242188 0.000000 0.327431 0.000000 -0.944875 0.803782 0.803782 0.803782
1450.998413 0.000000 2868.928467 0.000000 0.930349 0.000000 -0.366677 0.787918 0.787918 0.787918
1430.804688 0.000000 2875.415039 0.000000 0.771227 0.000000 0.636560 0.640912 0.640912 0.640912
1450.781494 0.000000 2872.681396 0.000000 0.612233 0.000000 0.790677 0.446610 0.446610 0.446610
1447.370483 0.000000 2871.167480 0.000000 0.972359 0.000000 -0.233490 0.723063 0.723063 0.723063
1459.633423 0.000000 2877.345703 0.000000 0.510343 0.000000 -0.859971 0.783220 0.783220 0.783220
1407.829834 0.000000 2873.701416 0.000000 0.528051 0.000000 -0.849212 0.992530 0.992530 0.992530
1413.162109 0.000000 2875.840332 0.000000 0.019621 0.000000 -0.999807 0.827408 0.827408 0.827408
1416.151367 0.000000 2872.049072 0.000000 0.249814 0.000000 -0.968294 1.080136 1.080136 1.080136
1454.211060 0.000000 2878.969971 0.000000 0.990292 0.000000 0.139003 0.667099 0.667099 0.667099
1432.071045 0.000000 2877.130371 0.000000 0.392863 0.000000 0.919597 0.398150 0.398150 0.398150
1411.457397 0.000000 2873.232178 0.000000 0.996170 0.000000 -0.087438 0.724021 0.724021 0.724021
1420.115723 0.000000 2876.859375 0.000000 0.887869 0.000000 -0.460097 0.754309 0.754309 0.754309
1457.444092 0.000000 2877.673828 0.000000 0.798104 0.000000 -0.602520 0.881943 0.881943 0.881943
1429.042480 0.000000 2876.308350 0.000000 0.997090 0.000000 -0.076228 0.714668 0.714668 0.714668
1450.149292 0.000000 2877.395752 0.000000 0.827232 0.000000 0.561861 0.564453 0.564453 0.564453
1432.401123 0.000000 2873.615967 0.000000 0.293822 0.000000 -0.955860 1.040261 1.040261 1.040261
1416.761230 0.000000 2875.819580 0.000000 0.211398 0.000000 0.977400 0.308479 0.308479 0.308479
1448.661865 0.000000 2872.495850 0.000000 0.462395 0.000000 0.886674 0.374238 0.374238 0.374238
1415.053955 0.000000 2874.622803 0.000000 0.306422 0.000000 -0.951896 0.895875 0.895875 0.895875
1411.148926 0.000000 2869.500732 0.000000 0.936998 0.000000 0.349335 0.638883 0.638883 0.638883
1435.502808 0.000000 2872.107910 0.000000 0.874085 0.000000 0.485772 0.645926 0.645926 0.645926
1419.271729 0.000000 2878.333008 0.000000 0.931885 0.000000 0.362755 0.618259 0.618259 0.618259
1411.508179 0.000000 2874.916260 0.000000 0.965395 0.000000 -0.260793 0.729971 0.729971 0.729971
1414.906860 0.000000 2869.581299 0.000000 0.937951 0.000000 0.346769 0.661012 0.661012 0.661012
1456.031372 0.000000 2879.150391 0.000000 0.981814 0.000000 0.189848 0.618886 0.618886 0.618886
1449.323120 0.000000 2875.888184 0.000000 0.981150 0.000000 -0.193248 0.780546 0.780546 0.780546
1407.866699 0.000000 2868.588867 0.000000 0.232885 0.000000 -0.972504 1.085166 1.085166 1.085166
1437.958862 0.000000 2877.781006 0.000000 0.252163 0.000000 -0.967685 0.867872 0.867872 0.867872
1446.454834 0.000000 2877.785645 0.000000 0.230787 0.000000 0.973004 0.419427 0.419427 0.419427
1408.144165 0.000000 2870.232910 0.000000 0.123867 0.000000 -0.992299 1.112076 1.112076 1.112076
1413.001343 0.000000 2872.229980 0.000000 0.411581 0.000000 -0.911373 1.002573 1.002573 1.002573
1428.727905 0.000000 2878.338623 0.000000 0.363337 0.000000 0.931658 0.354281 0.354281 0.354281
1430.342163 0.000000 2873.860107 0.000000 0.243509 0.000000 -0.969899 0.943098 0.943098 0.943098
1430.769897 0.000000 2870.815674 0.000000 0.727119 0.000000 -0.686511 0.863973 0.863973 0.863973
1415.008301 0.000000 2879.156738 0.000000 0.339032 0.000000 0.940775 0.505203 0.505203 0.505203
1414.646851 0.000000 2872.805176 0.000000 0.960108 0.000000 0.279631 0.618278 0.618278 0.618278
1451.217041 0.000000 2874.207275 0.000000 0.990266 0.000000 0.139188 0.667787 0.667787 0.667787
1413.048340 0.000000 2870.250977 0.000000 0.399707 0.000000 0.916643 0.365628 0.365628 0.365628
1444.953735 0.000000 2878.260986 0.000000 0.617928 0.000000 0.786235 0.429645 0.429645 0.429645
1410.034790 0.000000 2870.534668 0.000000 0.929306 0.000000 0.369310 0.590926 0.590926 0.590926
1433.661865 0.000000 2876.752441 0.000000 0.996697 0.000000 -0.081210 0.721028 0.721028 0.721028
1451.038818 0.000000 2871.193604 0.000000 0.032930 0.000000 0.999458 0.146367 0.146367 0.146367
1434.922363 0.000000 2877.699219 0.000000 0.999749 0.000000 -0.022408 0.706462 0.706462 0.706462
1417.855835 0.000000 2878.745850 0.000000 0.880931 0.000000 -0.473244 0.827503 0.827503 0.827503
1447.757202 0.000000 2878.676025 0.000000 0.674780 0.000000 -0.738019 1.026412 1.026412 1.026412
1432.139893 0.000000 2871.580322 0.000000 0.961286 0.000000 0.275554 0.599988 0.599988 0.599988
1435.186401 0.000000 2874.712891 0.000000 0.681426 0.000000 0.731887 0.529245 0.529245 0.529245
1418.173340 0.000000 2873.737793 0.000000 0.459590 0.000000 0.888131 0.440163 0.440163 0.440163
1417.497192 0.000000 2871.563721 0.000000 0.092692 0.000000 0.995695 0.405552 0.405552 0.405552
1453.957153 0.000000 2871.137451 0.000000 0.939140 0.000000 -0.343535 0.787636 0.787636 0.787636
1410.518188 0.000000 2872.109375 0.000000 0.955754 0.000000 -0.294167 0.781923 0.781923 0.781923
1408.476807 0.000000 2875.020752 0.000000 0.282900 0.000000 -0.959149 0.946825 0.946825 0.946825
1433.204468 0.000000 2872.468506 0.000000 0.995980 0.000000 0.089578 0.676016 0.676016 0.676016
1415.744019 0.000000 2870.690918 0.000000 0.095921 0.000000 0.995389 0.274760 0.274760 0.274760
1446.464722 0.000000 2876.340576 0.000000 0.762762 0.000000 0.646680 0.552527 0.552527 0.552527
1409.623901 0.000000 2873.133789 0.000000 0.987003 0.000000 -0.160700 0.746540 0.746540 0.746540
1466.279419 0.000000 2878.641602 0.000000 0.997002 0.000000 0.077376 0.672523 0.672523 0.672523
1448.287109 0.000000 2870.151367 0.000000 0.999964 0.000000 0.008499 0.697104 0.697104 0.697104
1448.018555 0.000000 2875.638672 0.000000 0.794549 0.000000 -0.607201 0.970264 0.970264 0.970264
1416.382080 0.000000 2877.084473 0.000000 0.994291 0.000000 -0.106700 0.730826 0.730826 0.730826
1427.022339 0.000000 2878.493652 0.000000 0.298263 0.000000 -0.954484 1.050097 1.050097 1.050097
1459.888428 0.000000 2878.721436 0.000000 0.912784 0.000000 -0.408442 0.772058 0.772058 0.772058
1407.892090 0.000000 2872.336914 0.000000 0.407574 0.000000 -0.913172 1.031892 1.031892 1.031892
1449.750000 0.000000 2869.589844 0.000000 0.560223 0.000000 -0.828342 0.926883 0.926883 0.926883
1431.588989 0.000000 2878.789795 0.000000 0.081773 0.000000 -0.996651 1.129335 1.129335 1.129335
1415.227539 0.000000 2877.871094 0.000000 0.668181 0.000000 -0.743998 0.852493 0.852493 0.852493
1417.764648 0.000000 2875.013184 0.000000 0.945557 0.000000 0.325456 0.604413 0.604413 0.604413
1450.148804 0.000000 2874.910645 0.000000 0.936378 0.000000 0.350994 0.617270 0.617270 0.617270
1468.750732 0.000000 2879.086182 0.000000 0.051472 0.000000 -0.998674 1.021268 1.021268 1.021268
1450.067017 0.000000 2868.098145 0.000000 0.999987 0.000000 -0.005066 0.701186 0.701186 0.701186
1449.111328 0.000000 2878.206543 0.000000 0.743933 0.000000 0.668254 0.407112 0.407112 0.407112
1419.025391 0.000000 2876.078613 0.000000 0.467439 0.000000 0.884025 0.387311 0.387311 0.387311
1433.878540 0.000000 2874.524658 0.000000 0.998279 0.000000 0.058641 0.686362 0.686362 0.686362
1457.208008 0.000000 2876.475098 0.000000 0.015554 0.000000 -0.999879 1.137584 1.137584 1.137584
1417.420044 0.000000 2872.782959 0.000000 0.700259 0.000000 -0.713888 0.929249 0.929249 0.929249
1451.315918 0.000000 2877.123535 0.000000 0.164236 0.000000 0.986421 0.380619 0.380619 0.380619
1446.081909 0.000000 2878.917969 0.000000 0.995488 0.000000 0.094887 0.662634 0.662634 0.662634
1449.701782 0.000000 2873.214844 0.000000 0.513860 0.000000 0.857874 0.391864 0.391864 0.391864
1415.604492 0.000000 2873.557373 0.000000 0.771153 0.000000 0.636650 0.500995 0.500995 0.500995
1469.881104 0.000000 2878.747314 0.000000 0.936975 0.000000 0.349397 0.624525 0.624525 0.624525
1449.824829 0.000000 2872.003662 0.000000 0.995308 0.000000 -0.096760 0.728961 0.728961 0.728961
1451.391357 0.000000 2870.087402 0.000000 0.913497 0.000000 -0.406846 0.850841 0.850841 0.850841
1435.278320 0.000000 2878.833984 0.000000 0.999630 0.000000 0.027213 0.692152 0.692152 0.692152
1457.143677 0.000000 2878.804932 0.000000 0.094075 0.000000 0.995565 0.072951 0.072951 0.072951
1444.290649 0.000000 2879.213867 0.000000 0.996380 0.000000 0.085012 0.674565 0.674565 0.674565
1417.307983 0.000000 2877.770752 0.000000 0.469917 0.000000 0.882710 0.388119 0.388119 0.388119
1448.460938 0.000000 2871.327393 0.000000 0.874874 0.000000 0.484351 0.527695 0.527695 0.527695
1432.775146 0.000000 2870.298340 0.000000 0.906725 0.000000 0.421722 0.544036 0.544036 0.544036
1432.564087 0.000000 2878.169922 0.000000 0.413254 0.000000 -0.910616 1.018093 1.018093 1.018093
1419.248901 0.000000 2873.344727 0.000000 0.999934 0.000000 -0.011498 0.702733 0.702733 0.702733
1416.100952 0.000000 2874.912109 0.000000 0.760517 0.000000 0.649318 0.496226 0.496226 0.496226
1429.690674 0.000000 2878.923584 0.000000 0.965396 0.000000 -0.260790 0.776079 0.776079 0.776079
1451.758789 0.000000 2873.170166 0.000000 0.999385 0.000000 0.035076 0.690252 0.690252 0.690252
1411.837402 0.000000 2872.227295 0.000000 0.970730 0.000000 -0.240175 0.766548 0.766548 0.766548
1407.997803 0.000000 2871.257568 0.000000 0.875947 0.000000 -0.482407 0.845156 0.845156 0.845156
1408.893921 0.000000 2873.906250 0.000000 0.662621 0.000000 -0.748955 0.944085 0.944085 0.944085
1449.142700 0.000000 2876.938477 0.000000 0.208103 0.000000 0.978107 0.148132 0.148132 0.148132
1412.036865 0.000000 2870.014404 0.000000 0.999945 0.000000 -0.010534 0.703037 0.703037 0.703037
1456.327148 0.000000 2878.158447 0.000000 0.835102 0.000000 0.550094 0.452643 0.452643 0.452643
1417.749268 0.000000 2876.060303 0.000000 0.886694 0.000000 -0.462357 0.838596 0.838596 0.838596
1412.705444 0.000000 2871.256836 0.000000 0.804277 0.000000 0.594255 0.516511 0.516511 0.516511
1414.072998 0.000000 2870.168945 0.000000 0.120796 0.000000 0.992677 0.281976 0.281976 0.281976
1415.113770 0.000000 2871.882324 0.000000 0.945458 0.000000 -0.325743 0.795674 0.795674 0.795674
1409.013672 0.000000 2870.838379 0.000000 0.544806 0.000000 -0.838562 0.983329 0.983329 0.983329
1416.432739 0.000000 2873.005127 0.000000 0.009297 0.000000 0.999957 0.249740 0.249740 0.249740
1419.140503 0.000000 2877.322510 0.000000 0.457351 0.000000 0.889286 0.384030 0.384030 0.384030
1450.433228 0.000000 2870.320312 0.000000 0.980740 0.000000 -0.195318 0.770770 0.770770 0.770770
1448.302979 0.000000 2873.580322 0.000000 0.700768 0.000000 -0.713390 0.937373 0.937373 0.937373
1448.748169 0.000000 2875.100586 0.000000 0.261684 0.000000 0.965154 0.159072 0.159072 0.159072
1448.677612 0.000000 2879.012207 0.000000 0.371757 0.000000 0.928330 0.223808 0.223808 0.223808
1448.472656 0.000000 2876.391113 0.000000 0.022502 0.000000 -0.999747 1.327739 1.327739 1.327739
1512.141968 0.000000 2877.253174 0.000000 0.979614 0.000000 -0.200889 0.738175 0.738175 0.738175
1503.135010 0.000000 2871.246338 0.000000 0.674233 0.000000 0.738519 0.682576 0.682576 0.682576
1500.324585 0.000000 2878.285889 0.000000 0.522078 0.000000 -0.852898 0.848170 0.848170 0.848170
1506.071289 0.000000 2876.465576 0.000000 0.977674 0.000000 0.210126 0.673362 0.673362 0.673362
1509.804321 0.000000 2872.737305 0.000000 0.999070 0.000000 -0.043108 0.703843 0.703843 0.703843
1500.530640 0.000000 2874.009277 0.000000 0.735015 0.000000 -0.678051 0.771618 0.771618 0.771618
1506.728027 0.000000 2871.009277 0.000000 0.309091 0.000000 -0.951032 0.754899 0.754899 0.754899
1502.680786 0.000000 2876.282227 0.000000 0.170839 0.000000 0.985299 0.550851 0.550851 0.550851
1509.154053 0.000000 2876.742188 0.000000 0.792678 0.000000 0.609640 0.650734 0.650734 0.650734
1504.960205 0.000000 2873.718506 0.000000 0.884912 0.000000 -0.465758 0.857484 0.857484 0.857484
1497.632568 0.000000 2878.412598 0.000000 0.709927 0.000000 0.704275 0.663130 0.663130 0.663130
1513.744751 0.000000 2879.243652 0.000000 0.999665 0.000000 0.025863 0.690688 0.690688 0.690688
1510.783081 0.000000 2875.031006 0.000000 0.376495 0.000000 0.926419 0.621320 0.621320 0.621320
1502.603149 0.000000 2873.365967 0.000000 0.850448 0.000000 -0.526059 0.766798 0.766798 0.766798
1506.728516 0.000000 2872.942627 0.000000 0.661729 0.000000 0.749743 0.528160 0.528160 0.528160
1504.980347 0.000000 2871.755371 0.000000 0.086928 0.000000 -0.996215 0.832243 0.832243 0.832243
1507.616333 0.000000 2876.177979 0.000000 0.447461 0.000000 0.894303 0.560727 0.560727 0.560727
1502.020752 0.000000 2874.772949 0.000000 0.571050 0.000000 -0.820915 1.024808 1.024808 1.024808
1509.183960 0.000000 2875.092041 0.000000 0.982763 0.000000 -0.184868 0.749716 0.749716 0.749716
1514.949341 0.000000 2878.548828 0.000000 0.682952 0.000000 0.730463 0.552579 0.552579 0.552579
1503.497070 0.000000 2874.368652 0.000000 0.523339 0.000000 0.852125 0.355960 0.355960 0.355960
1513.103516 0.000000 2878.206543 0.000000 0.571771 0.000000 0.820413 0.353630 0.353630 0.353630
1505.602661 0.000000 2872.690430 0.000000 0.894572 0.000000 0.446923 0.549397 0.549397 0.549397
1503.053589 0.000000 2875.306641 0.000000 0.508848 0.000000 -0.860856 1.049746 1.049746 1.049746
1505.417603 0.000000 2875.452881 0.000000 0.553544 0.000000 0.832820 0.424809 0.424809 0.424809
1506.714355 0.000000 2875.633301 0.000000 0.116888 0.000000 -0.993145 1.279202 1.279202 1.279202
1505.973267 0.000000 2873.790039 0.000000 0.310476 0.000000 0.950581 0.292028 0.292028 0.292028
1409.330322 0.000000 2895.153320 0.000000 0.985576 0.000000 0.169232 0.678306 0.678306 0.678306
1430.801636 0.000000 2910.728760 0.000000 0.329344 0.000000 0.944210 0.574802 0.574802 0.574802
1436.195190 0.000000 2886.961670 0.000000 0.418591 0.000000 0.908175 0.421354 0.421354 0.421354
1462.881348 0.000000 2880.049072 0.000000 0.073969 0.000000 -0.997261 0.828170 0.828170 0.828170
1419.209839 0.000000 2880.083740 0.000000 0.645387 0.000000 -0.763856 0.816972 0.816972 0.816972
1424.894653 0.000000 2896.714355 0.000000 0.005562 0.000000 0.999985 0.426462 0.426462 0.426462
1450.813354 0.000000 2887.243408 0.000000 0.123210 0.000000 -0.992381 1.226080 1.226080 1.226080
1466.238892 0.000000 2892.822266 0.000000 0.387787 0.000000 0.921749 0.595493 0.595493 0.595493
1443.323975 0.000000 2879.859375 0.000000 0.412556 0.000000 -0.910932 0.836131 0.836131 0.836131
1417.503418 0.000000 2889.542236 0.000000 0.994698 0.000000 -0.102844 0.714404 0.714404 0.714404
1429.402588 0.000000 2879.650879 0.000000 0.947426 0.000000 -0.319975 0.793917 0.793917 0.793917
1431.499023 0.000000 2929.712402 0.000000 0.985275 0.000000 0.170975 0.681984 0.681984 0.681984
1427.467041 0.000000 2888.320557 0.000000 0.993599 0.000000 0.112963 0.687141 0.687141 0.687141
1457.586914 0.000000 2892.778564 0.000000 0.992920 0.000000 0.118784 0.662130 0.662130 0.662130
1449.369751 0.000000 2895.708984 0.000000 0.999146 0.000000 -0.041318 0.710906 0.710906 0.710906
1424.034058 0.000000 2905.884521 0.000000 0.081869 0.000000 -0.996643 1.129308 1.129308 1.129308
1443.350830 0.000000 2890.441650 0.000000 0.193710 0.000000 -0.981059 1.195310 1.195310 1.195310
1436.600708 0.000000 2894.607666 0.000000 0.258507 0.000000 0.966009 0.642796 0.642796 0.642796
1427.453491 0.000000 2917.516113 0.000000 0.273442 0.000000 -0.961888 0.980373 0.980373 0.980373
1455.378174 0.000000 2880.725098 0.000000 0.683857 0.000000 -0.729616 0.782888 0.782888 0.782888
1463.199951 0.000000 2899.823242 0.000000 0.203906 0.000000 0.978991 0.423196 0.423196 0.423196
1436.332397 0.000000 2942.270264 0.000000 0.955715 0.000000 -0.294293 0.703654 0.703654 0.703654
1467.492554 0.000000 2885.674316 0.000000 0.177203 0.000000 -0.984174 1.235431 1.235431 1.235431
1460.712402 0.000000 2886.600098 0.000000 0.992106 0.000000 -0.125404 0.745484 0.745484 0.745484
1410.145752 0.000000 2888.758789 0.000000 0.566173 0.000000 0.824286 0.637348 0.637348 0.637348
1423.411377 0.000000 2912.245850 0.000000 0.099056 0.000000 -0.995082 1.101186 1.101186 1.101186
1430.555786 0.000000 2893.616699 0.000000 0.937793 0.000000 0.347196 0.560577 0.560577 0.560577
1437.332764 0.000000 2881.020508 0.000000 0.753536 0.000000 -0.657406 0.801547 0.801547 0.801547
1469.257935 0.000000 2900.120605 0.000000 0.965726 0.000000 -0.259564 0.719731 0.719731 0.719731
1414.616577 0.000000 2883.984375 0.000000 0.755270 0.000000 0.655414 0.578842 0.578842 0.578842
1459.003906 0.000000 2933.862305 0.000000 0.999825 0.000000 -0.018719 0.704809 0.704809 0.704809
1424.421021 0.000000 2883.051514 0.000000 0.906383 0.000000 -0.422458 0.829577 0.829577 0.829577
1449.263062 0.000000 2881.368164 0.000000 0.109625 0.000000 -0.993973 0.888932 0.888932 0.888932
1469.995361 0.000000 2930.383057 0.000000 0.999663 0.000000 0.025943 0.697733 0.697733 0.697733
1469.475586 0.000000 2880.103516 0.000000 0.283778 0.000000 0.958890 0.356934 0.356934 0.356934
1419.686035 0.000000 2894.725586 0.000000 0.685343 0.000000 0.728220 0.660085 0.660085 0.660085
1445.255249 0.000000 2885.041016 0.000000 0.908375 0.000000 0.418157 0.635916 0.635916 0.635916
1431.309692 0.000000 2884.599854 0.000000 0.783727 0.000000 -0.621105 0.755044 0.755044 0.755044
1429.330688 0.000000 2905.561035 0.000000 0.949457 0.000000 0.313898 0.673216 0.673216 0.673216
1413.189209 0.000000 2903.623291 0.000000 0.986452 0.000000 -0.164050 0.709216 0.709216 0.709216
1422.567627 0.000000 2890.461914 0.000000 0.968058 0.000000 0.250726 0.632238 0.632238 0.632238
1418.999878 0.000000 2904.367920 0.000000 0.203037 0.000000 0.979171 0.523304 0.523304 0.523304
1427.703979 0.000000 2900.775635 0.000000 0.760980 0.000000 0.648776 0.503834 0.503834 0.503834
1455.681274 0.000000 2888.171143 0.000000 0.686593 0.000000 -0.727042 0.734141 0.734141 0.734141
1454.401123 0.000000 2896.627686 0.000000 0.957981 0.000000 -0.286833 0.821509 0.821509 0.821509
1452.461792 0.000000 2891.955322 0.000000 0.961221 0.000000 -0.275778 0.728808 0.728808 0.728808
1421.426270 0.000000 2900.080322 0.000000 0.976974 0.000000 -0.213359 0.708267 0.708267 0.708267
1419.931519 0.000000 2884.903076 0.000000 0.744664 0.000000 -0.667440 0.910717 0.910717 0.910717
1410.173096 0.000000 2899.875244 0.000000 0.692289 0.000000 -0.721620 0.712679 0.712679 0.712679
1423.196777 0.000000 2919.956787 0.000000 0.356059 0.000000 0.934464 0.613535 0.613535 0.613535
1461.940796 0.000000 2895.077881 0.000000 0.998694 0.000000 -0.051095 0.719564 0.719564 0.719564
1440.523315 0.000000 2885.342041 0.000000 0.884450 0.000000 0.466635 0.536255 0.536255 0.536255
1432.117432 0.000000 2889.220459 0.000000 0.661346 0.000000 0.750081 0.394652 0.394652 0.394652
1469.842529 0.000000 2889.564697 0.000000 0.568278 0.000000 0.822837 0.374054 0.374054 0.374054
1448.062988 0.000000 2891.331787 0.000000 0.243596 0.000000 -0.969877 1.213945 1.213945 1.213945
1420.434204 0.000000 2908.930664 0.000000 0.566785 0.000000 -0.823866 0.777832 0.777832 0.777832
1438.905396 0.000000 2890.709229 0.000000 0.999734 0.000000 -0.023064 0.702781 0.702781 0.702781
1469.609375 0.000000 2895.762939 0.000000 0.790053 0.000000 0.613038 0.530475 0.530475 0.530475
1462.524170 0.000000 2890.560791 0.000000 0.582360 0.000000 0.812931 0.660190 0.660190 0.660190
1426.202881 0.000000 2892.604980 0.000000 0.996422 0.000000 -0.084523 0.715528 0.715528 0.715528
1458.882324 0.000000 2898.026367 0.000000 0.984901 0.000000 0.173117 0.669593 0.669593 0.669593
1459.047607 0.000000 2882.746094 0.000000 0.944883 0.000000 -0.327408 0.804343 0.804343 0.804343
1427.376587 0.000000 2913.424072 0.000000 0.913226 0.000000 0.407453 0.578990 0.578990 0.578990
1426.777344 0.000000 2909.139648 0.000000 0.026119 0.000000 0.999659 0.284285 0.284285 0.284285
1453.351807 0.000000 2884.222900 0.000000 0.234538 0.000000 -0.972107 1.096333 1.096333 1.096333
1433.286377 0.000000 2880.959473 0.000000 0.177420 0.000000 0.984135 0.298490 0.298490 0.298490
1465.931030 0.000000 2897.088379 0.000000 0.542898 0.000000 0.839798 0.658188 0.658188 0.658188
1463.733154 0.000000 2883.851074 0.000000 0.929080 0.000000 0.369879 0.581480 0.581480 0.581480
1425.357910 0.000000 2879.302734 0.000000 0.354029 0.000000 -0.935234 0.805634 0.805634 0.805634
1440.490601 0.000000 2894.700439 0.000000 0.979159 0.000000 -0.203094 0.775771 0.775771 0.775771
1413.816162 0.000000 2890.468994 0.000000 0.997517 0.000000 -0.070419 0.704557 0.704557 0.704557
1423.870117 0.000000 2886.852783 0.000000 0.923150 0.000000 -0.384441 0.813784 0.813784 0.813784
1423.610474 0.000000 2916.195312 0.000000 0.950344 0.000000 0.311200 0.622575 0.622575 0.622575
1428.608398 0.000000 2897.140381 0.000000 0.117011 0.000000 -0.993131 0.740642 0.740642 0.740642
1411.109009 0.000000 2885.168213 0.000000 0.902879 0.000000 0.429895 0.685245 0.685245 0.685245
1407.948975 0.000000 2891.784424 0.000000 0.597954 0.000000 0.801530 0.656125 0.656125 0.656125
1471.014160 0.000000 2886.199707 0.000000 0.988882 0.000000 0.148705 0.663743 0.663743 0.663743
1435.156860 0.000000 2891.189453 0.000000 0.649243 0.000000 -0.760581 0.887274 0.887274 0.887274
1464.335449 0.000000 2887.490234 0.000000 0.989823 0.000000 -0.142302 0.716469 0.716469 0.716469
1424.436768 0.000000 2902.317139 0.000000 0.997139 0.000000 0.075595 0.678181 0.678181 0.678181
1428.191895 0.000000 2882.927490 0.000000 0.450913 0.000000 -0.892568 0.919746 0.919746 0.919746
1466.205566 0.000000 2881.265137 0.000000 0.879864 0.000000 -0.475225 0.880011 0.880011 0.880011
1446.702271 0.000000 2888.157227 0.000000 0.910082 0.000000 -0.414429 0.857568 0.857568 0.857568
1458.836914 0.000000 2889.468750 0.000000 0.832162 0.000000 -0.554532 0.895174 0.895174 0.895174
1415.912109 0.000000 2880.634766 0.000000 0.959433 0.000000 -0.281936 0.720978 0.720978 0.720978
1452.144043 0.000000 2879.449707 0.000000 0.786776 0.000000 0.617238 0.665124 0.665124 0.665124
1413.715942 0.000000 2887.192139 0.000000 0.959216 0.000000 0.282673 0.627381 0.627381 0.627381
1434.854248 0.000000 2883.843994 0.000000 0.107228 0.000000 -0.994234 1.121962 1.121962 1.121962
1448.496826 0.000000 2884.586182 0.000000 0.979550 0.000000 -0.201201 0.711329 0.711329 0.711329
1422.984009 0.000000 2893.926270 0.000000 0.290067 0.000000 -0.957006 1.068080 1.068080 1.068080
1446.002197 0.000000 2881.810791 0.000000 0.281556 0.000000 -0.959545 0.868473 0.868473 0.868473
1430.046631 0.000000 2915.564941 0.000000 0.905292 0.000000 0.424790 0.682365 0.682365 0.682365
1456.885010 0.000000 2885.048828 0.000000 0.867373 0.000000 -0.497658 0.817430 0.817430 0.817430
1442.808716 0.000000 2883.002686 0.000000 0.999752 0.000000 -0.022264 0.706965 0.706965 0.706965
1460.041260 0.000000 2901.026123 0.000000 0.814007 0.000000 0.580856 0.667507 0.667507 0.667507
1417.048950 0.000000 2886.196777 0.000000 0.969623 0.000000 0.244603 0.628745 0.628745 0.628745
1451.537476 0.000000 2897.973877 0.000000 0.973123 0.000000 -0.230286 0.773096 0.773096 0.773096
1422.235596 0.000000 2880.864990 0.000000 0.989349 0.000000 -0.145562 0.715062 0.715062 0.715062
1443.026367 0.000000 2887.183105 0.000000 0.097481 0.000000 -0.995237 1.032107 1.032107 1.032107
1420.313965 0.000000 2888.164307 0.000000 0.395769 0.000000 0.918350 0.541348 0.541348 0.541348
1470.684937 0.000000 2892.687744 0.000000 0.900277 0.000000 -0.435318 0.804684 0.804684 0.804684
1459.768921 0.000000 2879.733643 0.000000 0.990198 0.000000 0.139668 0.676002 0.676002 0.676002
1469.707275 0.000000 2883.453857 0.000000 0.997322 0.000000 -0.073135 0.722898 0.722898 0.722898
1466.808350 0.000000 2889.850098 0.000000 0.996441 0.000000 0.084292 0.691593 0.691593 0.691593
1440.403809 0.000000 2881.102295 0.000000 0.655335 0.000000 -0.755339 0.798751 0.798751 0.798751
1430.816040 0.000000 2899.334473 0.000000 0.176561 0.000000 -0.984290 1.191853 1.191853 1.191853
1407.899658 0.000000 2897.874268 0.000000 0.631869 0.000000 -0.775075 0.952620 0.952620 0.952620
1413.883667 0.000000 2900.737305 0.000000 0.996587 0.000000 -0.082550 0.734662 0.734662 0.734662
1421.746338 0.000000 2896.881592 0.000000 0.351125 0.000000 -0.936329 0.759307 0.759307 0.759307
1429.205688 0.000000 2890.922607 0.000000 0.994654 0.000000 0.103268 0.656248 0.656248 0.656248
1426.568726 0.000000 2885.339844 0.000000 0.653485 0.000000 -0.756939 0.821541 0.821541 0.821541
1417.489990 0.000000 2883.277344 0.000000 0.103701 0.000000 0.994609 0.323159 0.323159 0.323159
1421.870972 0.000000 2903.859863 0.000000 0.845746 0.000000 0.533586 0.674426 0.674426 0.674426
1426.665405 0.000000 2904.187744 0.000000 0.765407 0.000000 0.643546 0.510625 0.510625 0.510625
1433.632080 0.000000 2893.830566 0.000000 0.885107 0.000000 0.465387 0.487665 0.487665 0.487665
1423.799438 0.000000 2909.426514 0.000000 0.997112 0.000000 -0.075941 0.719793 0.719793 0.719793
1416.435791 0.000000 2902.605225 0.000000 0.570315 0.000000 -0.821426 1.050377 1.050377 1.050377
1437.972534 0.000000 2883.950928 0.000000 0.654647 0.000000 0.755935 0.595153 0.595153 0.595153
1460.432983 0.000000 2892.576416 0.000000 0.422886 0.000000 -0.906183 0.999290 0.999290 0.999290
1455.298340 0.000000 2891.071777 0.000000 0.999723 0.000000 0.023523 0.698191 0.698191 0.698191
1452.963867 0.000000 2889.158447 0.000000 0.759816 0.000000 -0.650138 0.790292 0.790292 0.790292
1420.997681 0.000000 2914.899902 0.000000 0.983421 0.000000 -0.181335 0.718801 0.718801 0.718801
1439.329590 0.000000 2887.888916 0.000000 0.891838 0.000000 -0.452354 0.896057 0.896057 0.896057
1457.434448 0.000000 2895.594482 0.000000 0.329359 0.000000 -0.944205 1.146823 1.146823 1.146823
1453.674316 0.000000 2899.855469 0.000000 0.309563 0.000000 0.950879 0.555125 0.555125 0.555125
1424.869751 0.000000 2899.534180 0.000000 0.699803 0.000000 -0.714336 0.929434 0.929434 0.929434
1441.711426 0.000000 2897.331543 0.000000 0.597255 0.000000 -0.802051 0.999279 0.999279 0.999279
1466.449829 0.000000 2914.490479 0.000000 0.986454 0.000000 0.164040 0.663715 0.663715 0.663715
1433.423706 0.000000 2886.610840 0.000000 0.228628 0.000000 0.973514 0.351044 0.351044 0.351044
1430.156494 0.000000 2887.220703 0.000000 0.177752 0.000000 0.984075 0.539435 0.539435 0.539435
1452.067505 0.000000 2894.832031 0.000000 0.166871 0.000000 0.985979 0.334636 0.334636 0.334636
1471.807617 0.000000 2901.166260 0.000000 0.998752 0.000000 0.049948 0.693189 0.693189 0.693189
1454.917358 0.000000 2893.931641 0.000000 0.231801 0.000000 -0.972763 0.814478 0.814478 0.814478
1447.258301 0.000000 2879.350830 0.000000 0.889055 0.000000 -0.457800 0.886977 0.886977 0.886977
1421.007324 0.000000 2906.362793 0.000000 0.873282 0.000000 0.487216 0.654643 0.654643 0.654643
1450.422485 0.000000 2889.955811 0.000000 0.633789 0.000000 -0.773506 1.001369 1.001369 1.001369
1425.159912 0.000000 2889.586426 0.000000 0.673078 0.000000 -0.739571 0.940033 0.940033 0.940033
1456.215942 0.000000 2898.614502 0.000000 0.222823 0.000000 -0.974859 0.895249 0.895249 0.895249
1443.979858 0.000000 2898.654541 0.000000 0.986046 0.000000 -0.166473 0.767226 0.767226 0.767226
1442.645874 0.000000 2893.294189 0.000000 0.358177 0.000000 -0.933654 1.188344 1.188344 1.188344
1427.026367 0.000000 2895.050049 0.000000 0.822423 0.000000 -0.568876 0.758164 0.758164 0.758164
1451.770752 0.000000 2882.007080 0.000000 0.851861 0.000000 0.523767 0.624856 0.624856 0.624856
1450.090942 0.000000 2893.016602 0.000000 0.998905 0.000000 0.046779 0.685280 0.685280 0.685280
1430.888672 0.000000 2882.011963 0.000000 0.540594 0.000000 -0.841283 0.937589 0.937589 0.937589
1463.652710 0.000000 2892.988770 0.000000 0.998828 0.000000 0.048397 0.696531 0.696531 0.696531
1461.502075 0.000000 2897.706299 0.000000 0.163936 0.000000 -0.986471 1.211120 1.211120 1.211120
1461.550293 0.000000 2882.339844 0.000000 0.121332 0.000000 -0.992612 1.203975 1.203975 1.203975
1422.376099 0.000000 2884.558350 0.000000 0.219542 0.000000 -0.975603 1.103266 1.103266 1.103266
1453.432861 0.000000 2886.717529 0.000000 0.644518 0.000000 0.764589 0.359273 0.359273 0.359273
1429.872803 0.000000 2913.029785 0.000000 0.182078 0.000000 -0.983284 1.100144 1.100144 1.100144
1432.279053 0.000000 2891.766846 0.000000 0.248975 0.000000 0.968510 0.275812 0.275812 0.275812
1426.017578 0.000000 2915.498535 0.000000 0.534409 0.000000 -0.845226 0.990366 0.990366 0.990366
1425.089478 0.000000 2918.266113 0.000000 0.164484 0.000000 -0.986380 0.795797 0.795797 0.795797
1436.796143 0.000000 2889.400391 0.000000 0.699203 0.000000 -0.714923 0.935244 0.935244 0.935244
1435.224609 0.000000 2879.417725 0.000000 0.326183 0.000000 0.945307 0.342867 0.342867 0.342867
1425.677246 0.000000 2911.333008 0.000000 0.063640 0.000000 -0.997973 1.134578 1.134578 1.134578
1438.539795 0.000000 2893.118164 0.000000 0.810171 0.000000 -0.586193 0.959421 0.959421 0.959421
1420.107422 0.000000 2882.338623 0.000000 0.454585 0.000000 -0.890703 0.918926 0.918926 0.918926
1427.140747 0.000000 2906.740234 0.000000 0.275220 0.000000 0.961381 0.352293 0.352293 0.352293
1430.950928 0.000000 2896.085449 0.000000 0.373182 0.000000 -0.927758 1.136119 1.136119 1.136119
1428.326416 0.000000 2911.006836 0.000000 0.875262 0.000000 0.483648 0.557964 0.557964 0.557964
1441.386230 0.000000 2889.107178 0.000000 0.571631 0.000000 0.820511 0.620960 0.620960 0.620960
1470.709229 0.000000 2897.889404 0.000000 0.815605 0.000000 -0.578609 0.893015 0.893015 0.893015
1447.801636 0.000000 2893.782959 0.000000 0.396824 0.000000 -0.917895 0.785344 0.785344 0.785344
1468.442017 0.000000 2891.740967 0.000000 0.334069 0.000000 -0.942549 1.134268 1.134268 1.134268
1457.976562 0.000000 2887.226318 0.000000 0.975725 0.000000 -0.219002 0.727395 0.727395 0.727395
1467.217773 0.000000 2895.035400 0.000000 0.510426 0.000000 0.859922 0.631260 0.631260 0.631260
1468.355347 0.000000 2897.938477 0.000000 0.213311 0.000000 0.976984 0.418038 0.418038 0.418038
1466.250977 0.000000 2883.593994 0.000000 0.373744 0.000000 0.927532 0.205984 0.205984 0.205984
1426.235474 0.000000 2881.458740 0.000000 0.996432 0.000000 -0.084394 0.724364 0.724364 0.724364
1468.199341 0.000000 2887.886963 0.000000 0.957580 0.000000 0.288167 0.594767 0.594767 0.594767
1445.822021 0.000000 2890.433838 0.000000 0.999839 0.000000 -0.017925 0.702600 0.702600 0.702600
1455.530518 0.000000 2883.201904 0.000000 0.758836 0.000000 0.651282 0.532666 0.532666 0.532666
1434.391357 0.000000 2888.907959 0.000000 0.121548 0.000000 -0.992586 1.168449 1.168449 1.168449
1429.017700 0.000000 2908.697998 0.000000 0.547779 0.000000 0.836623 0.554511 0.554511 0.554511
1459.730835 0.000000 2895.825684 0.000000 0.973607 0.000000 -0.228233 0.749495 0.749495 0.749495
1421.635132 0.000000 2910.815674 0.000000 0.933048 0.000000 0.359753 0.674918 0.674918 0.674918
1462.161377 0.000000 2888.319092 0.000000 0.242392 0.000000 -0.970178 0.806593 0.806593 0.806593
1415.339111 0.000000 2888.769531 0.000000 0.479049 0.000000 0.877788 0.422936 0.422936 0.422936
1457.516357 0.000000 2879.956299 0.000000 0.474264 0.000000 -0.880383 1.157221 1.157221 1.157221
1451.020020 0.000000 2884.206787 0.000000 0.414617 0.000000 0.909996 0.442262 0.442262 0.442262
1426.947876 0.000000 2898.644287 0.000000 0.692425 0.000000 0.721489 0.467603 0.467603 0.467603
1470.914673 0.000000 2928.303223 0.000000 0.880164 0.000000 0.474670 0.662834 0.662834 0.662834
1463.807007 0.000000 2897.712891 0.000000 0.957902 0.000000 0.287096 0.636898 0.636898 0.636898
1428.378662 0.000000 2892.963867 0.000000 0.588958 0.000000 0.808163 0.464833 0.464833 0.464833
1461.647339 0.000000 2884.605713 0.000000 0.827255 0.000000 -0.561826 0.788621 0.788621 0.788621
1431.677246 0.000000 2879.453369 0.000000 0.817476 0.000000 -0.575963 0.876985 0.876985 0.876985
1465.174927 0.000000 2879.367432 0.000000 0.928769 0.000000 0.370659 0.655540 0.655540 0.655540
1432.837402 0.000000 2883.081787 0.000000 0.800043 0.000000 0.599943 0.514466 0.514466 0.514466
1467.416016 0.000000 2879.413818 0.000000 0.248875 0.000000 0.968536 0.231973 0.231973 0.231973
1448.491577 0.000000 2886.906006 0.000000 0.247977 0.000000 0.968766 0.425447 0.425447 0.425447
1459.047363 0.000000 2885.042725 0.000000 0.494628 0.000000 0.869105 0.337345 0.337345 0.337345
1425.197388 0.000000 2913.561523 0.000000 0.417325 0.000000 -0.908757 1.028806 1.028806 1.028806
1429.640137 0.000000 2928.611328 0.000000 0.980830 0.000000 0.194867 0.640706 0.640706 0.640706
1465.355225 0.000000 2885.623047 0.000000 0.288701 0.000000 -0.957419 1.186856 1.186856 1.186856
1471.657837 0.000000 2894.657227 0.000000 0.799078 0.000000 -0.601227 0.870215 0.870215 0.870215
1424.216675 0.000000 2891.824951 0.000000 0.250045 0.000000 0.968234 0.319933 0.319933 0.319933
1444.566528 0.000000 2888.647461 0.000000 0.948091 0.000000 0.318000 0.599897 0.599897 0.599897
1435.358521 0.000000 2881.773926 0.000000 0.207200 0.000000 -0.978299 1.092759 1.092759 1.092759
1427.042114 0.000000 2890.580322 0.000000 0.915680 0.000000 0.401908 0.616155 0.616155 0.616155
1422.948730 0.000000 2898.645508 0.000000 0.997980 0.000000 0.063535 0.693222 0.693222 0.693222
1425.134033 0.000000 2907.766602 0.000000 0.574509 0.000000 0.818498 0.423531 0.423531 0.423531
1468.163940 0.000000 2882.055664 0.000000 0.015335 0.000000 0.999882 0.213425 0.213425 0.213425
1412.325073 0.000000 2888.955322 0.000000 0.429204 0.000000 0.903208 0.445889 0.445889 0.445889
1422.333008 0.000000 2907.935547 0.000000 0.658703 0.000000 -0.752403 0.938147 0.938147 0.938147
1438.284546 0.000000 2885.998535 0.000000 0.784472 0.000000 -0.620165 0.790017 0.790017 0.790017
1440.193726 0.000000 2883.149658 0.000000 0.771220 0.000000 -0.636569 0.837473 0.837473 0.837473
1471.114258 0.000000 2881.847168 0.000000 0.041679 0.000000 0.999131 0.507599 0.507599 0.507599
1421.687134 0.000000 2892.328613 0.000000 0.636460 0.000000 0.771310 0.518346 0.518346 0.518346
1425.062988 0.000000 2894.343262 0.000000 0.880881 0.000000 0.473338 0.578501 0.578501 0.578501
1448.402222 0.000000 2889.268799 0.000000 0.999793 0.000000 0.020355 0.692921 0.692921 0.692921
1421.845947 0.000000 2886.509521 0.000000 0.999567 0.000000 -0.029430 0.707613 0.707613 0.707613
1411.859863 0.000000 2901.111084 0.000000 0.227805 0.000000 -0.973707 1.089015 1.089015 1.089015
1443.234131 0.000000 2884.996094 0.000000 0.223182 0.000000 0.974777 0.236704 0.236704 0.236704
1468.848633 0.000000 2893.826660 0.000000 0.790811 0.000000 0.612061 0.490505 0.490505 0.490505
1457.055664 0.000000 2881.902832 0.000000 0.959861 0.000000 -0.280475 0.796383 0.796383 0.796383
1436.609253 0.000000 2892.551025 0.000000 0.918041 0.000000 0.396487 0.600967 0.600967 0.600967
1445.305176 0.000000 2879.937744 0.000000 0.549670 0.000000 -0.835382 0.995498 0.995498 0.995498
1462.697388 0.000000 2886.360840 0.000000 0.833434 0.000000 -0.552618 0.843250 0.843250 0.843250
1422.593140 0.000000 2888.366211 0.000000 0.762641 0.000000 -0.646822 0.902829 0.902829 0.902829
1422.952759 0.000000 2914.270264 0.000000 0.968305 0.000000 -0.249772 0.772793 0.772793 0.772793
1463.874756 0.000000 2881.857422 0.000000 0.230251 0.000000 0.973131 0.585385 0.585385 0.585385
1415.819336 0.000000 2890.742920 0.000000 0.661858 0.000000 -0.749629 0.766649 0.766649 0.766649
1418.991333 0.000000 2886.695312 0.000000 0.932898 0.000000 -0.360140 0.765672 0.765672 0.765672
1427.246948 0.000000 2879.768066 0.000000 0.709265 0.000000 0.704942 0.483981 0.483981 0.483981
1422.521729 0.000000 2901.889893 0.000000 0.942060 0.000000 0.335445 0.640817 0.640817 0.640817
1453.692871 0.000000 2882.305664 0.000000 0.569353 0.000000 0.822093 0.387987 0.387987 0.387987
1428.830688 0.000000 2899.159180 0.000000 0.480592 0.000000 -0.876944 0.855126 0.855126 0.855126
1456.932739 0.000000 2889.934814 0.000000 0.371320 0.000000 -0.928505 0.820655 0.820655 0.820655
1425.718506 0.000000 2887.470947 0.000000 0.673110 0.000000 0.739542 0.502165 0.502165 0.502165
1460.643921 0.000000 2890.224609 0.000000 0.786880 0.000000 0.617106 0.567504 0.567504 0.567504
1466.273315 0.000000 2887.295410 0.000000 0.860243 0.000000 -0.509885 0.782284 0.782284 0.782284
1434.395386 0.000000 2895.614990 0.000000 0.959969 0.000000 -0.280105 0.736715 0.736715 0.736715
1415.126953 0.000000 2885.845215 0.000000 0.196110 0.000000 -0.980582 1.096024 1.096024 1.096024
1424.336792 0.000000 2881.135986 0.000000 0.854760 0.000000 -0.519023 0.832560 0.832560 0.832560
1421.481445 0.000000 2912.896729 0.000000 0.999605 0.000000 0.028091 0.697594 0.697594 0.697594
1413.192505 0.000000 2885.325684 0.000000 0.920993 0.000000 0.389580 0.639857 0.639857 0.639857
1428.009399 0.000000 2915.259277 0.000000 0.999996 0.000000 0.002990 0.699498 0.699498 0.699498
1424.725708 0.000000 2884.890381 0.000000 0.939496 0.000000 0.342560 0.619345 0.619345 0.619345
1442.278076 0.000000 2895.357910 0.000000 0.405091 0.000000 0.914276 0.238286 0.238286 0.238286
1455.009644 0.000000 2885.180420 0.000000 0.957766 0.000000 -0.287547 0.772888 0.772888 0.772888
1429.270874 0.000000 2889.002441 0.000000 0.902552 0.000000 -0.430580 0.786348 0.786348 0.786348
1417.701782 0.000000 2881.301270 0.000000 0.609523 0.000000 -0.792768 0.843967 0.843967 0.843967
1461.263428 0.000000 2899.583252 0.000000 0.329833 0.000000 0.944039 0.400081 0.400081 0.400081
1458.937866 0.000000 2894.087158 0.000000 0.361646 0.000000 0.932315 0.441893 0.441893 0.441893
1426.250488 0.000000 2901.986816 0.000000 0.918031 0.000000 0.396510 0.586711 0.586711 0.586711
1458.995850 0.000000 2891.408936 0.000000 0.832271 0.000000 -0.554369 0.891001 0.891001 0.891001
1440.994995 0.000000 2887.112305 0.000000 0.527966 0.000000 0.849265 0.315241 0.315241 0.315241
1444.129150 0.000000 2881.682373 0.000000 0.932354 0.000000 0.361546 0.588806 0.588806 0.588806
1415.794922 0.000000 2882.509766 0.000000 0.999913 0.000000 -0.013154 0.702230 0.702230 0.702230
1426.288574 0.000000 2883.408447 0.000000 0.292787 0.000000 0.956178 0.332740 0.332740 0.332740
1422.610474 0.000000 2882.711914 0.000000 0.999703 0.000000 0.024353 0.694339 0.694339 0.694339
1433.174316 0.000000 2884.842285 0.000000 0.724710 0.000000 0.689054 0.572465 0.572465 0.572465
1469.174683 0.000000 2886.320557 0.000000 0.835093 0.000000 0.550108 0.490301 0.490301 0.490301
1442.211426 0.000000 2881.319336 0.000000 0.619967 0.000000 0.784628 0.361055 0.361055 0.361055
1450.296997 0.000000 2879.899414 0.000000 0.798142 0.000000 0.602470 0.603952 0.603952 0.603952
1423.322144 0.000000 2895.866699 0.000000 0.903256 0.000000 -0.429103 0.821683 0.821683 0.821683
1432.577271 0.000000 2895.293213 0.000000 0.956547 0.000000 0.291577 0.661737 0.661737 0.661737
1448.625366 0.000000 2897.389648 0.000000 0.090713 0.000000 0.995877 0.557751 0.557751 0.557751
1424.756226 0.000000 2904.092285 0.000000 0.915887 0.000000 0.401436 0.580887 0.580887 0.580887
1420.559204 0.000000 2889.989746 0.000000 0.758878 0.000000 -0.651233 0.796673 0.796673 0.796673
1445.392578 0.000000 2886.942871 0.000000 0.553075 0.000000 -0.833131 1.059673 1.059673 1.059673
1421.484375 0.000000 2894.902100 0.000000 0.672273 0.000000 -0.740303 0.861688 0.861688 0.861688
1429.517578 0.000000 2900.804688 0.000000 0.603962 0.000000 -0.797013 0.806382 0.806382 0.806382
1470.085083 0.000000 2901.773193 0.000000 0.777600 0.000000 0.628759 0.607314 0.607314 0.607314
1451.943848 0.000000 2885.694336 0.000000 0.203219 0.000000 0.979133 0.392017 0.392017 0.392017
1414.484009 0.000000 2902.425781 0.000000 0.386500 0.000000 -0.922289 0.937985 0.937985 0.937985
1428.478271 0.000000 2881.151611 0.000000 0.348177 0.000000 -0.937429 1.050396 1.050396 1.050396
1470.144897 0.000000 2887.814209 0.000000 0.945553 0.000000 0.325468 0.619472 0.619472 0.619472
1423.193115 0.000000 2917.978271 0.000000 0.006154 0.000000 0.999981 0.317192 0.317192 0.317192
1430.225708 0.000000 2897.718506 0.000000 0.472583 0.000000 0.881286 0.304170 0.304170 0.304170
1453.290771 0.000000 2898.104980 0.000000 0.919856 0.000000 -0.392256 0.746492 0.746492 0.746492
1433.427612 0.000000 2890.482666 0.000000 0.839204 0.000000 -0.543817 0.884888 0.884888 0.884888
1471.414551 0.000000 2884.137207 0.000000 0.998173 0.000000 -0.060426 0.713948 0.713948 0.713948
1431.901978 0.000000 2887.438721 0.000000 0.507232 0.000000 -0.861810 0.819819 0.819819 0.819819
1425.734741 0.000000 2905.660889 0.000000 0.977811 0.000000 0.209489 0.639143 0.639143 0.639143
1429.884766 0.000000 2883.643799 0.000000 0.426820 0.000000 0.904337 0.474912 0.474912 0.474912
1468.004395 0.000000 2884.008301 0.000000 0.795268 0.000000 -0.606258 0.931072 0.931072 0.931072
1460.441406 0.000000 2888.298340 0.000000 0.130120 0.000000 0.991498 0.272100 0.272100 0.272100
1416.328979 0.000000 2884.555420 0.000000 0.329079 0.000000 0.944302 0.343751 0.343751 0.343751
1461.235229 0.000000 2880.626953 0.000000 0.996709 0.000000 0.081057 0.688230 0.688230 0.688230
1443.903320 0.000000 2892.117432 0.000000 0.947691 0.000000 -0.319189 0.831716 0.831716 0.831716
1415.735962 0.000000 2901.067627 0.000000 0.863324 0.000000 -0.504651 0.811856 0.811856 0.811856
1456.401733 0.000000 2896.939209 0.000000 0.673610 0.000000 -0.739087 1.013954 1.013954 1.013954
1440.328857 0.000000 2892.947998 0.000000 0.567165 0.000000 -0.823604 0.862355 0.862355 0.862355
1452.525146 0.000000 2896.483154 0.000000 0.410542 0.000000 -0.911842 1.133250 1.133250 1.133250
1417.743896 0.000000 2887.864746 0.000000 0.289332 0.000000 -0.957229 1.068302 1.068302 1.068302
1418.182983 0.000000 2884.816895 0.000000 0.990914 0.000000 0.134495 0.661100 0.661100 0.661100
1436.590088 0.000000 2882.918457 0.000000 0.057206 0.000000 0.998362 0.514845 0.514845 0.514845
1470.868408 0.000000 2899.632812 0.000000 0.999968 0.000000 0.007973 0.697269 0.697269 0.697269
1423.319946 0.000000 2900.416748 0.000000 0.694764 0.000000 0.719237 0.561123 0.561123 0.561123
1437.677734 0.000000 2887.696289 0.000000 0.114644 0.000000 -0.993407 1.056203 1.056203 1.056203
1456.319214 0.000000 2886.632080 0.000000 0.918942 0.000000 -0.394392 0.750302 0.750302 0.750302
1434.842773 0.000000 2885.587646 0.000000 0.962484 0.000000 -0.271338 0.743219 0.743219 0.743219
1447.628418 0.000000 2881.026855 0.000000 0.103781 0.000000 -0.994600 0.892255 0.892255 0.892255
1471.246582 0.000000 2890.692383 0.000000 0.966069 0.000000 0.258284 0.647040 0.647040 0.647040
1426.769775 0.000000 2896.682129 0.000000 0.372168 0.000000 -0.928165 0.851743 0.851743 0.851743
1463.170044 0.000000 2896.166992 0.000000 0.648880 0.000000 0.760891 0.512623 0.512623 0.512623
1435.261841 0.000000 2893.635742 0.000000 0.683096 0.000000 -0.730328 0.956136 0.956136 0.956136
1417.048584 0.000000 2879.438477 0.000000 0.945007 0.000000 -0.327050 0.786175 0.786175 0.786175
1455.838501 0.000000 2895.270752 0.000000 0.999479 0.000000 0.032290 0.693284 0.693284 0.693284
1458.881836 0.000000 2881.109375 0.000000 0.327668 0.000000 0.944793 0.371422 0.371422 0.371422
1440.160645 0.000000 2896.881104 0.000000 0.933655 0.000000 0.358173 0.582211 0.582211 0.582211
1433.859497 0.000000 2892.164551 0.000000 0.849067 0.000000 -0.528286 0.944140 0.944140 0.944140
1453.703491 0.000000 2895.087646 0.000000 0.963550 0.000000 0.267530 0.629479 0.629479 0.629479
1407.895020 0.000000 2894.299072 0.000000 0.519626 0.000000 -0.854394 0.995382 0.995382 0.995382
1450.821289 0.000000 2891.552734 0.000000 0.127727 0.000000 0.991809 0.198267 0.198267 0.198267
1418.171387 0.000000 2902.923828 0.000000 0.697695 0.000000 0.716394 0.434825 0.434825 0.434825
1460.235474 0.000000 2883.836182 0.000000 0.841920 0.000000 -0.539602 0.898216 0.898216 0.898216
1437.233521 0.000000 2891.088623 0.000000 0.871956 0.000000 -0.489584 0.845736 0.845736 0.845736
1441.533203 0.000000 2884.016602 0.000000 0.114771 0.000000 -0.993392 1.191008 1.191008 1.191008
1450.991211 0.000000 2896.025391 0.000000 0.869945 0.000000 -0.493148 0.862223 0.862223 0.862223
1422.407837 0.000000 2905.593750 0.000000 0.931983 0.000000 0.362501 0.641008 0.641008 0.641008
1420.993042 0.000000 2883.714844 0.000000 0.814292 0.000000 -0.580455 0.823377 0.823377 0.823377
1457.678833 0.000000 2883.650879 0.000000 0.387938 0.000000 -0.921685 1.001184 1.001184 1.001184
1446.542114 0.000000 2891.884521 0.000000 0.898511 0.000000 -0.438951 0.797681 0.797681 0.797681
1419.393921 0.000000 2905.905762 0.000000 0.663266 0.000000 -0.748384 0.809357 0.809357 0.809357
1443.219482 0.000000 2900.080078 0.000000 0.984173 0.000000 -0.177211 0.722727 0.722727 0.722727
1419.097900 0.000000 2883.560791 0.000000 0.995894 0.000000 0.090529 0.677504 0.677504 0.677504
1443.357544 0.000000 2897.201660 0.000000 0.564272 0.000000 0.825589 0.348652 0.348652 0.348652
1438.121582 0.000000 2894.932861 0.000000 0.936067 0.000000 -0.351823 0.745865 0.745865 0.745865
1468.112427 0.000000 2896.321777 0.000000 0.854086 0.000000 -0.520132 0.813757 0.813757 0.813757
1420.507568 0.000000 2893.388916 0.000000 0.995168 0.000000 0.098191 0.679719 0.679719 0.679719
1438.343872 0.000000 2889.153809 0.000000 0.892864 0.000000 -0.450327 0.854290 0.854290 0.854290
1450.477661 0.000000 2894.544434 0.000000 0.328028 0.000000 -0.944668 1.153816 1.153816 1.153816
1451.429810 0.000000 2888.699463 0.000000 0.552910 0.000000 0.833241 0.364352 0.364352 0.364352
1449.665894 0.000000 2888.295410 0.000000 0.996667 0.000000 0.081572 0.671600 0.671600 0.671600
1448.733765 0.000000 2879.891357 0.000000 0.999954 0.000000 -0.009548 0.703821 0.703821 0.703821
1436.881958 0.000000 2879.500732 0.000000 0.412684 0.000000 0.910874 0.543869 0.543869 0.543869
1426.204956 0.000000 2900.365479 0.000000 0.083619 0.000000 0.996498 0.286792 0.286792 0.286792
1459.469116 0.000000 2899.556396 0.000000 0.454953 0.000000 0.890515 0.508032 0.508032 0.508032
1460.543091 0.000000 2894.225098 0.000000 0.008476 0.000000 -0.999964 1.297932 1.297932 1.297932
1416.009033 0.000000 2887.304199 0.000000 0.991582 0.000000 -0.129478 0.737440 0.737440 0.737440
1432.054688 0.000000 2885.927490 0.000000 0.523916 0.000000 -0.851770 0.871015 0.871015 0.871015
1469.913818 0.000000 2884.973389 0.000000 0.997904 0.000000 0.064710 0.677027 0.677027 0.677027
1442.021851 0.000000 2885.920410 0.000000 0.742917 0.000000 0.669383 0.447517 0.447517 0.447517
1430.273926 0.000000 2892.006836 0.000000 0.470505 0.000000 -0.882397 1.125030 1.125030 1.125030
1468.306519 0.000000 2889.586426 0.000000 0.094533 0.000000 -0.995522 1.197872 1.197872 1.197872
1442.897583 0.000000 2888.942139 0.000000 0.953937 0.000000 -0.300007 0.768691 0.768691 0.768691
1451.577026 0.000000 2893.373535 0.000000 0.983422 0.000000 -0.181331 0.757358 0.757358 0.757358
1423.378052 0.000000 2903.429688 0.000000 0.959228 0.000000 -0.282635 0.754582 0.754582 0.754582
1442.418701 0.000000 2898.740234 0.000000 1.000000 0.000000 -0.001003 0.700403 0.700403 0.700403
1455.230591 0.000000 2899.962402 0.000000 0.829429 0.000000 -0.558612 0.780793 0.780793 0.780793
1469.825928 0.000000 2891.169189 0.000000 0.839263 0.000000 -0.543725 0.902936 0.902936 0.902936
1425.297852 0.000000 2909.632812 0.000000 0.616574 0.000000 0.787297 0.438635 0.438635 0.438635
1427.069946 0.000000 2911.952148 0.000000 0.701977 0.000000 0.712199 0.471445 0.471445 0.471445
1424.331787 0.000000 2888.317627 0.000000 0.963695 0.000000 0.267006 0.622063 0.622063 0.622063
1425.590088 0.000000 2891.169189 0.000000 0.889593 0.000000 0.456753 0.563223 0.563223 0.563223
1424.195801 0.000000 2910.950195 0.000000 0.995946 0.000000 -0.089952 0.725973 0.725973 0.725973
1434.695068 0.000000 2887.427490 0.000000 0.327437 0.000000 -0.944873 1.106479 1.106479 1.106479
1439.885010 0.000000 2889.395508 0.000000 0.781605 0.000000 -0.623773 0.922473 0.922473 0.922473
1450.120361 0.000000 2897.321533 0.000000 0.875328 0.000000 -0.483530 0.858756 0.858756 0.858756
1456.840576 0.000000 2891.423340 0.000000 0.996975 0.000000 -0.077717 0.722161 0.722161 0.722161
1432.042969 0.000000 2893.864746 0.000000 0.808799 0.000000 0.588085 0.424230 0.424230 0.424230
1425.544067 0.000000 2898.094482 0.000000 0.214739 0.000000 0.976671 0.309465 0.309465 0.309465
1424.584473 0.000000 2914.944092 0.000000 0.996036 0.000000 -0.088950 0.725683 0.725683 0.725683
1425.079834 0.000000 2916.704590 0.000000 0.427636 0.000000 0.903951 0.435634 0.435634 0.435634
1454.742920 0.000000 2898.534668 0.000000 0.547131 0.000000 0.837047 0.564798 0.564798 0.564798
1456.177124 0.000000 2879.327148 0.000000 0.952028 0.000000 -0.306012 0.832071 0.832071 0.832071
1471.177246 0.000000 2888.957031 0.000000 0.904083 0.000000 0.427357 0.614344 0.614344 0.614344
1463.904053 0.000000 2885.344238 0.000000 0.319479 0.000000 -0.947593 1.187608 1.187608 1.187608
1465.305908 0.000000 2882.436279 0.000000 0.457249 0.000000 -0.889339 0.945142 0.945142 0.945142
1422.110474 0.000000 2909.435791 0.000000 0.947764 0.000000 -0.318973 0.784534 0.784534 0.784534
1428.163452 0.000000 2929.014893 0.000000 0.804976 0.000000 0.593307 0.507971 0.507971 0.507971
1413.763184 0.000000 2888.706055 0.000000 0.707887 0.000000 0.706325 0.523190 0.523190 0.523190
1464.998413 0.000000 2915.085205 0.000000 0.019978 0.000000 0.999800 0.426272 0.426272 0.426272
1414.976440 0.000000 2879.327637 0.000000 0.224049 0.000000 0.974578 0.486132 0.486132 0.486132
1456.898315 0.000000 2894.095947 0.000000 0.860714 0.000000 0.509090 0.506780 0.506780 0.506780
1427.724121 0.000000 2884.321777 0.000000 0.953215 0.000000 -0.302293 0.743471 0.743471 0.743471
1469.590576 0.000000 2881.706055 0.000000 0.535509 0.000000 -0.844530 0.968901 0.968901 0.968901
1470.940918 0.000000 2896.441650 0.000000 0.397204 0.000000 -0.917730 1.063597 1.063597 1.063597
1454.637085 0.000000 2879.362549 0.000000 0.814605 0.000000 -0.580016 0.845978 0.845978 0.845978
1471.199463 0.000000 2931.502930 0.000000 0.192482 0.000000 -0.981301 1.097090 1.097090 1.097090
1429.478516 0.000000 2910.102539 0.000000 0.728235 0.000000 -0.685327 0.912442 0.912442 0.912442
1429.094482 0.000000 2914.275879 0.000000 0.438892 0.000000 -0.898540 0.887302 0.887302 0.887302
1460.196655 0.000000 2881.783447 0.000000 0.926065 0.000000 -0.377365 0.756127 0.756127 0.756127
1444.154663 0.000000 2886.184326 0.000000 0.932353 0.000000 0.361549 0.564885 0.564885 0.564885
1470.231323 0.000000 2894.340820 0.000000 0.203893 0.000000 -0.978993 1.060326 1.060326 1.060326
1430.879272 0.000000 2888.462646 0.000000 0.628915 0.000000 -0.777474 1.033084 1.033084 1.033084
1428.528687 0.000000 2912.438477 0.000000 0.840380 0.000000 -0.541997 0.865171 0.865171 0.865171
1423.628540 0.000000 2907.256348 0.000000 0.965040 0.000000 -0.262104 0.774154 0.774154 0.774154
1461.417969 0.000000 2891.471924 0.000000 0.720244 0.000000 0.693721 0.547266 0.547266 0.547266
1460.290527 0.000000 2898.419678 0.000000 0.978827 0.000000 -0.204689 0.750076 0.750076 0.750076
1442.511475 0.000000 2891.648193 0.000000 0.355141 0.000000 -0.934813 1.134786 1.134786 1.134786
1458.544800 0.000000 2896.578369 0.000000 0.981642 0.000000 0.190731 0.630913 0.630913 0.630913
1435.746216 0.000000 2888.361816 0.000000 0.856464 0.000000 -0.516207 0.875365 0.875365 0.875365
1430.771729 0.000000 2880.593994 0.000000 0.780153 0.000000 -0.625588 0.886624 0.886624 0.886624
1429.497192 0.000000 2882.277588 0.000000 0.960387 0.000000 -0.278670 0.756263 0.756263 0.756263
1433.228638 0.000000 2888.066406 0.000000 0.583625 0.000000 0.812023 0.358858 0.358858 0.358858
1447.100098 0.000000 2889.799316 0.000000 0.053136 0.000000 0.998587 0.140387 0.140387 0.140387
1434.079834 0.000000 2882.369629 0.000000 0.650881 0.000000 -0.759180 0.948574 0.948574 0.948574
1433.730713 0.000000 2879.563232 0.000000 0.200839 0.000000 -0.979624 1.080282 1.080282 1.080282
1454.892578 0.000000 2886.827393 0.000000 0.885682 0.000000 -0.464293 0.788599 0.788599 0.788599
1424.816650 0.000000 2900.944824 0.000000 0.879757 0.000000 0.475423 0.557138 0.557138 0.557138
1459.314087 0.000000 2886.693115 0.000000 0.039831 0.000000 0.999206 0.154204 0.154204 0.154204
1426.930420 0.000000 2910.534668 0.000000 0.081294 0.000000 -0.996690 1.129474 1.129474 1.129474
1468.059570 0.000000 2880.683105 0.000000 0.660645 0.000000 -0.750698 0.927037 0.927037 0.927037
1420.494507 0.000000 2886.207764 0.000000 0.963408 0.000000 -0.268038 0.770184 0.770184 0.770184
1439.656372 0.000000 2886.484131 0.000000 0.512440 0.000000 -0.858723 1.131361 1.131361 1.131361
1424.209595 0.000000 2893.217041 0.000000 0.952326 0.000000 0.305083 0.610604 0.610604 0.610604
1448.629517 0.000000 2892.650391 0.000000 0.533433 0.000000 -0.845842 0.985414 0.985414 0.985414
1462.611938 0.000000 2898.525635 0.000000 0.687101 0.000000 0.726562 0.535127 0.535127 0.535127
1441.403442 0.000000 2882.481934 0.000000 0.093995 0.000000 -0.995573 0.994187 0.994187 0.994187
1454.515625 0.000000 2918.887451 0.000000 0.664131 0.000000 -0.747617 0.924318 0.924318 0.924318
1425.772095 0.000000 2895.617676 0.000000 0.357241 0.000000 0.934012 0.402957 0.402957 0.402957
1449.443848 0.000000 2891.499268 0.000000 0.984456 0.000000 -0.175633 0.768495 0.768495 0.768495
1461.086914 0.000000 2896.189453 0.000000 0.964033 0.000000 -0.265784 0.797787 0.797787 0.797787
1427.492432 0.000000 2905.388428 0.000000 0.882466 0.000000 0.470375 0.567348 0.567348 0.567348
1423.702515 0.000000 2889.583252 0.000000 0.659359 0.000000 -0.751828 0.945338 0.945338 0.945338
1427.643311 0.000000 2908.052734 0.000000 0.763353 0.000000 -0.645982 0.889011 0.889011 0.889011
1452.440186 0.000000 2887.753906 0.000000 0.644452 0.000000 -0.764645 1.040761 1.040761 1.040761
1427.471191 0.000000 2891.929688 0.000000 0.388144 0.000000 0.921599 0.462376 0.462376 0.462376
1435.472778 0.000000 2889.794678 0.000000 0.866396 0.000000 0.499358 0.530959 0.530959 0.530959
1423.458252 0.000000 2885.541504 0.000000 0.578990 0.000000 -0.815335 0.984883 0.984883 0.984883
1429.713623 0.000000 2911.603027 0.000000 0.445374 0.000000 0.895345 0.387913 0.387913 0.387913
1464.905640 0.000000 2880.836426 0.000000 0.833875 0.000000 0.551953 0.577381 0.577381 0.577381
1452.283936 0.000000 2883.392578 0.000000 0.470652 0.000000 -0.882319 1.049415 1.049415 1.049415
1434.623291 0.000000 2880.625488 0.000000 0.263693 0.000000 0.964607 0.324005 0.324005 0.324005
1449.117188 0.000000 2894.298584 0.000000 0.956756 0.000000 -0.290892 0.777888 0.777888 0.777888
1427.219482 0.000000 2893.697021 0.000000 0.759876 0.000000 0.650069 0.570144 0.570144 0.570144
1428.072021 0.000000 2889.649170 0.000000 0.438681 0.000000 -0.898643 0.916613 0.916613 0.916613
1423.039185 0.000000 2892.531494 0.000000 0.449281 0.000000 -0.893391 1.018581 1.018581 1.018581
1419.514404 0.000000 2903.048828 0.000000 0.818602 0.000000 0.574360 0.496850 0.496850 0.496850
1469.599609 0.000000 2898.788574 0.000000 0.138288 0.000000 0.990392 0.389671 0.389671 0.389671
1431.554199 0.000000 2897.323486 0.000000 0.752632 0.000000 0.658442 0.436225 0.436225 0.436225
1465.017944 0.000000 2884.295898 0.000000 0.372683 0.000000 0.927959 0.247062 0.247062 0.247062
1425.221436 0.000000 2886.146729 0.000000 0.516884 0.000000 0.856055 0.455772 0.455772 0.455772
1418.715576 0.000000 2882.238770 0.000000 0.194812 0.000000 0.980841 0.358851 0.358851 0.358851
1421.432861 0.000000 2882.041748 0.000000 0.336166 0.000000 0.941803 0.455362 0.455362 0.455362
1432.284302 0.000000 2881.872803 0.000000 0.140072 0.000000 0.990141 0.287582 0.287582 0.287582
1468.010254 0.000000 2899.585938 0.000000 0.978645 0.000000 -0.205559 0.744865 0.744865 0.744865
1431.503418 0.000000 2883.188232 0.000000 0.769909 0.000000 0.638154 0.535508 0.535508 0.535508
1410.376953 0.000000 2901.180664 0.000000 0.997977 0.000000 -0.063581 0.718457 0.718457 0.718457
1442.020264 0.000000 2890.270996 0.000000 0.497189 0.000000 0.867642 0.321839 0.321839 0.321839
1462.454468 0.000000 2883.424072 0.000000 0.876434 0.000000 0.481521 0.542844 0.542844 0.542844
1469.539062 0.000000 2897.113037 0.000000 0.799519 0.000000 0.600640 0.566009 0.566009 0.566009
1459.051147 0.000000 2892.726807 0.000000 0.728114 0.000000 -0.685456 0.908533 0.908533 0.908533
1466.116089 0.000000 2915.834717 0.000000 0.069686 0.000000 0.997569 0.369475 0.369475 0.369475
1457.913452 0.000000 2885.902100 0.000000 0.070446 0.000000 -0.997516 1.038223 1.038223 1.038223
1466.455078 0.000000 2884.871826 0.000000 0.242708 0.000000 -0.970100 1.209667 1.209667 1.209667
1425.777222 0.000000 2903.238525 0.000000 0.354617 0.000000 -0.935012 1.048412 1.048412 1.048412
1422.964844 0.000000 2910.467285 0.000000 0.737230 0.000000 0.675642 0.526280 0.526280 0.526280
1459.857544 0.000000 2897.134766 0.000000 0.304094 0.000000 -0.952642 1.154254 1.154254 1.154254
1423.614136 0.000000 2884.063721 0.000000 0.019511 0.000000 0.999810 0.236419 0.236419 0.236419
1424.757568 0.000000 2912.311279 0.000000 0.997088 0.000000 -0.076264 0.722012 0.722012 0.722012
1459.067993 0.000000 2888.176025 0.000000 0.816565 0.000000 -0.577253 0.904325 0.904325 0.904325
1441.171265 0.000000 2896.035645 0.000000 0.103768 0.000000 -0.994602 1.171671 1.171671 1.171671
1466.905518 0.000000 2882.426514 0.000000 0.999894 0.000000 0.014562 0.693943 0.693943 0.693943
1469.419922 0.000000 2892.583984 0.000000 0.062087 0.000000 -0.998071 1.179848 1.179848 1.179848
1454.943604 0.000000 2882.041016 0.000000 0.969359 0.000000 0.245649 0.641446 0.641446 0.641446
1427.174194 0.000000 2916.224609 0.000000 0.325826 0.000000 0.945430 0.431528 0.431528 0.431528
1445.829346 0.000000 2889.163086 0.000000 0.878069 0.000000 -0.478534 0.854347 0.854347 0.854347
1426.286865 0.000000 2914.230957 0.000000 0.679301 0.000000 -0.733860 0.937598 0.937598 0.937598
1468.488037 0.000000 2895.083740 0.000000 0.894467 0.000000 -0.447134 0.819086 0.819086 0.819086
1431.146851 0.000000 2894.785645 0.000000 0.444322 0.000000 0.895867 0.323547 0.323547 0.323547
1453.655396 0.000000 2885.465820 0.000000 0.471606 0.000000 0.881809 0.379237 0.379237 0.379237
1421.277588 0.000000 2885.141357 0.000000 0.374783 0.000000 0.927113 0.357833 0.357833 0.357833
1426.163208 0.000000 2917.619629 0.000000 0.995691 0.000000 -0.092731 0.720124 0.720124 0.720124
1427.465942 0.000000 2881.875732 0.000000 0.700495 0.000000 -0.713657 0.929154 0.929154 0.929154
1441.907349 0.000000 2887.972412 0.000000 0.277070 0.000000 -0.960850 1.189221 1.189221 1.189221
1458.007080 0.000000 2890.566406 0.000000 0.185512 0.000000 -0.982642 1.149936 1.149936 1.149936
1431.400757 0.000000 2892.684082 0.000000 0.995666 0.000000 -0.093000 0.736621 0.736621 0.736621
1424.313843 0.000000 2898.345215 0.000000 0.994135 0.000000 -0.108150 0.731246 0.731246 0.731246
1468.630249 0.000000 2885.158691 0.000000 0.997064 0.000000 -0.076575 0.727192 0.727192 0.727192
1449.194946 0.000000 2890.237793 0.000000 0.587831 0.000000 -0.808984 1.065625 1.065625 1.065625
1426.420532 0.000000 2907.758545 0.000000 0.750956 0.000000 0.660352 0.505881 0.505881 0.505881
1467.687134 0.000000 2914.871094 0.000000 0.806847 0.000000 0.590761 0.560836 0.560836 0.560836
1422.171875 0.000000 2915.276123 0.000000 0.995200 0.000000 0.097859 0.671737 0.671737 0.671737
1437.358521 0.000000 2893.619141 0.000000 0.999998 0.000000 -0.001865 0.700453 0.700453 0.700453
1426.052612 0.000000 2912.644287 0.000000 0.295657 0.000000 -0.955294 1.066394 1.066394 1.066394
1447.951904 0.000000 2888.128662 0.000000 0.999560 0.000000 0.029674 0.689056 0.689056 0.689056
1423.989014 0.000000 2913.384277 0.000000 0.502567 0.000000 -0.864538 0.984681 0.984681 0.984681
1466.234253 0.000000 2879.979492 0.000000 0.876524 0.000000 -0.481358 0.878162 0.878162 0.878162
1414.907471 0.000000 2889.923340 0.000000 0.304866 0.000000 0.952395 0.373852 0.373852 0.373852
1461.727539 0.000000 2889.507080 0.000000 0.544983 0.000000 -0.838447 0.995434 0.995434 0.995434
1415.974854 0.000000 2903.801514 0.000000 0.459272 0.000000 0.888296 0.478301 0.478301 0.478301
1421.516724 0.000000 2887.734131 0.000000 0.192230 0.000000 -0.981350 1.056244 1.056244 1.056244
1424.508057 0.000000 2895.499756 0.000000 0.957236 0.000000 -0.289307 0.772322 0.772322 0.772322
1444.250122 0.000000 2887.420410 0.000000 0.229979 0.000000 -0.973195 1.188968 1.188968 1.188968
1424.407593 0.000000 2890.606689 0.000000 0.351163 0.000000 0.936315 0.350523 0.350523 0.350523
1435.396362 0.000000 2892.387695 0.000000 0.355042 0.000000 0.934850 0.322167 0.322167 0.322167
1462.651001 0.000000 2897.306152 0.000000 0.446589 0.000000 -0.894739 0.940071 0.940071 0.940071
1460.216797 0.000000 2891.397461 0.000000 0.246089 0.000000 -0.969247 0.963405 0.963405 0.963405
1425.182983 0.000000 2882.030029 0.000000 0.762605 0.000000 -0.646864 0.908992 0.908992 0.908992
1432.848999 0.000000 2892.835938 0.000000 0.584174 0.000000 -0.811628 1.115366 1.115366 1.115366
1454.315063 0.000000 2883.386963 0.000000 0.997838 0.000000 0.065721 0.684484 0.684484 0.684484
1425.440552 0.000000 2880.522461 0.000000 0.420336 0.000000 0.907369 0.423811 0.423811 0.423811
1412.776489 0.000000 2886.457031 0.000000 0.945956 0.000000 -0.324295 0.783689 0.783689 0.783689
1414.850830 0.000000 2887.672119 0.000000 0.243233 0.000000 -0.969968 1.082094 1.082094 1.082094
1458.625488 0.000000 2895.314697 0.000000 0.795202 0.000000 0.606345 0.559968 0.559968 0.559968
1412.587891 0.000000 2887.765137 0.000000 0.349487 0.000000 -0.936941 1.007569 1.007569 1.007569
1430.308594 0.000000 2889.608643 0.000000 0.565955 0.000000 -0.824436 1.062466 1.062466 1.062466
1421.759399 0.000000 2893.748535 0.000000 0.795883 0.000000 0.605450 0.565892 0.565892 0.565892
1462.907715 0.000000 2884.722412 0.000000 0.213896 0.000000 0.976856 0.169482 0.169482 0.169482
1470.924683 0.000000 2883.056396 0.000000 0.023245 0.000000 -0.999730 1.070513 1.070513 1.070513
1427.605103 0.000000 2899.610596 0.000000 0.458411 0.000000 -0.888740 1.015626 1.015626 1.015626
1422.288940 0.000000 2911.797852 0.000000 0.942660 0.000000 -0.333755 0.779686 0.779686 0.779686
1411.394531 0.000000 2900.026611 0.000000 0.884454 0.000000 -0.466628 0.840836 0.840836 0.840836
1429.644043 0.000000 2880.980713 0.000000 0.994362 0.000000 -0.106042 0.730635 0.730635 0.730635
1456.419800 0.000000 2883.976562 0.000000 0.601250 0.000000 -0.799061 0.937816 0.937816 0.937816
1431.985596 0.000000 2880.719238 0.000000 0.740504 0.000000 -0.672052 0.903493 0.903493 0.903493
1437.091309 0.000000 2886.098145 0.000000 0.952116 0.000000 -0.305737 0.776019 0.776019 0.776019
1422.642456 0.000000 2913.133789 0.000000 0.010766 0.000000 -0.999942 1.125300 1.125300 1.125300
1469.160156 0.000000 2888.567139 0.000000 0.072938 0.000000 -0.997336 1.205181 1.205181 1.205181
1455.320435 0.000000 2897.459473 0.000000 0.828915 0.000000 0.559375 0.452056 0.452056 0.452056
1422.076416 0.000000 2906.809570 0.000000 0.945095 0.000000 -0.326796 0.793086 0.793086 0.793086
1452.206787 0.000000 2884.566895 0.000000 0.727642 0.000000 0.685957 0.475425 0.475425 0.475425
1416.910278 0.000000 2882.134521 0.000000 0.203335 0.000000 -0.979109 1.050927 1.050927 1.050927
1412.718750 0.000000 2900.305176 0.000000 0.904934 0.000000 0.425551 0.515635 0.515635 0.515635
1461.814819 0.000000 2887.159668 0.000000 0.871013 0.000000 0.491260 0.514229 0.514229 0.514229
1422.785156 0.000000 2887.227783 0.000000 0.256209 0.000000 0.966621 0.321770 0.321770 0.321770
1471.245850 0.000000 2887.457764 0.000000 0.329975 0.000000 0.943990 0.400118 0.400118 0.400118
1463.194092 0.000000 2887.625732 0.000000 0.979505 0.000000 0.201420 0.650381 0.650381 0.650381
1429.311890 0.000000 2893.770020 0.000000 0.591039 0.000000 0.806643 0.465477 0.465477 0.465477
1456.681274 0.000000 2880.775391 0.000000 0.926800 0.000000 0.375554 0.569475 0.569475 0.569475
1424.879272 0.000000 2906.653320 0.000000 0.654916 0.000000 0.755701 0.452962 0.452962 0.452962
1425.816406 0.000000 2884.442139 0.000000 0.684105 0.000000 0.729383 0.511437 0.511437 0.511437
1461.317627 0.000000 2883.476318 0.000000 0.380008 0.000000 -0.924983 1.110712 1.110712 1.110712
1442.968018 0.000000 2894.413818 0.000000 0.588948 0.000000 -0.808171 1.076601 1.076601 1.076601
1458.657349 0.000000 2932.786133 0.000000 0.031394 0.000000 -0.999507 1.095463 1.095463 1.095463
1424.065918 0.000000 2917.232666 0.000000 0.096094 0.000000 0.995372 0.354695 0.354695 0.354695
1426.945557 0.000000 2903.023682 0.000000 0.620178 0.000000 0.784461 0.498270 0.498270 0.498270
1422.175049 0.000000 2895.827148 0.000000 0.868108 0.000000 0.496375 0.557487 0.557487 0.557487
1430.555908 0.000000 2879.382568 0.000000 0.921999 0.000000 -0.387193 0.814644 0.814644 0.814644
1444.341187 0.000000 2880.523682 0.000000 0.082481 0.000000 0.996593 0.252664 0.252664 0.252664
1428.625488 0.000000 2891.882812 0.000000 0.612586 0.000000 0.790404 0.314526 0.314526 0.314526
1437.725342 0.000000 2890.070801 0.000000 0.651057 0.000000 -0.759029 0.945495 0.945495 0.945495
1425.942505 0.000000 2899.244141 0.000000 0.775856 0.000000 0.630910 0.503135 0.503135 0.503135
1458.670654 0.000000 2880.024902 0.000000 0.971347 0.000000 -0.237666 0.763742 0.763742 0.763742
1471.718994 0.000000 2893.202148 0.000000 0.902675 0.000000 -0.430323 0.803396 0.803396 0.803396
1424.054810 0.000000 2908.307373 0.000000 0.943316 0.000000 0.331896 0.602447 0.602447 0.602447
1428.303467 0.000000 2879.366211 0.000000 0.870164 0.000000 0.492762 0.551424 0.551424 0.551424
1435.423584 0.000000 2882.903320 0.000000 0.599691 0.000000 -0.800232 0.967498 0.967498 0.967498
1458.187012 0.000000 2881.986816 0.000000 0.021447 0.000000 0.999770 0.288443 0.288443 0.288443
1414.271362 0.000000 2885.035889 0.000000 0.986516 0.000000 0.163666 0.652593 0.652593 0.652593
1423.171265 0.000000 2891.388428 0.000000 0.821288 0.000000 0.570513 0.537665 0.537665 0.537665
1423.939087 0.000000 2894.478271 0.000000 0.169798 0.000000 -0.985479 1.084166 1.084166 1.084166
1432.071045 0.000000 2890.672607 0.000000 0.191092 0.000000 0.981572 0.256729 0.256729 0.256729
1470.660522 0.000000 2895.353760 0.000000 0.074931 0.000000 0.997189 0.305282 0.305282 0.305282
1413.996460 0.000000 2886.122070 0.000000 0.770905 0.000000 0.636950 0.525019 0.525019 0.525019
1468.647705 0.000000 2883.069336 0.000000 0.743229 0.000000 0.669037 0.470732 0.470732 0.470732
1425.109497 0.000000 2892.487061 0.000000 0.941077 0.000000 -0.338193 0.799480 0.799480 0.799480
1451.832397 0.000000 2886.808594 0.000000 0.492994 0.000000 -0.870033 1.083587 1.083587 1.083587
1459.545898 0.000000 2890.350830 0.000000 0.697628 0.000000 0.716460 0.440377 0.440377 0.440377
1422.804565 0.000000 2916.967529 0.000000 0.015866 0.000000 -0.999874 1.080432 1.080432 1.080432
1438.688965 0.000000 2887.004150 0.000000 0.753419 0.000000 0.657541 0.400299 0.400299 0.400299
1468.314331 0.000000 2892.889160 0.000000 0.454739 0.000000 -0.890625 1.049458 1.049458 1.049458
1433.692139 0.000000 2883.803467 0.000000 0.952645 0.000000 0.304084 0.610906 0.610906 0.610906
1457.958618 0.000000 2891.747559 0.000000 0.053255 0.000000 0.998581 0.267726 0.267726 0.267726
1430.130859 0.000000 2895.318115 0.000000 0.843053 0.000000 -0.537830 0.892523 0.892523 0.892523
1458.888550 0.000000 2883.876709 0.000000 0.279356 0.000000 0.960188 0.297193 0.297193 0.297193
1462.915649 0.000000 2882.410889 0.000000 0.886413 0.000000 0.462895 0.549454 0.549454 0.549454
1425.534668 0.000000 2888.548096 0.000000 0.852100 0.000000 0.523379 0.541173 0.541173 0.541173
1442.666138 0.000000 2884.073486 0.000000 0.373772 0.000000 0.927521 0.291097 0.291097 0.291097
1455.150269 0.000000 2918.015625 0.000000 0.992987 0.000000 0.118222 0.668523 0.668523 0.668523
1445.577759 0.000000 2888.087402 0.000000 0.491452 0.000000 -0.870905 1.026966 1.026966 1.026966
1436.374634 0.000000 2890.410156 0.000000 0.016472 0.000000 0.999864 0.257241 0.257241 0.257241
1440.717773 0.000000 2897.872070 0.000000 0.999415 0.000000 -0.034213 0.711003 0.711003 0.711003
1457.493042 0.000000 2896.960205 0.000000 0.979589 0.000000 0.201009 0.623603 0.623603 0.623603
1436.210449 0.000000 2891.542236 0.000000 0.877751 0.000000 0.479117 0.557672 0.557672 0.557672
1460.020020 0.000000 2889.292480 0.000000 0.982885 0.000000 0.184223 0.644955 0.644955 0.644955
1418.997803 0.000000 2885.582275 0.000000 0.117530 0.000000 -0.993069 1.118973 1.118973 1.118973
1427.331421 0.000000 2901.787598 0.000000 0.570512 0.000000 0.821289 0.432230 0.432230 0.432230
1471.431274 0.000000 2898.712891 0.000000 0.097302 0.000000 0.995255 0.195342 0.195342 0.195342
1433.314087 0.000000 2889.231934 0.000000 0.951447 0.000000 0.307814 0.587357 0.587357 0.587357
1469.051270 0.000000 2890.380859 0.000000 0.776901 0.000000 -0.629623 0.940425 0.940425 0.940425
1444.288086 0.000000 2879.356934 0.000000 0.989557 0.000000 -0.144141 0.743225 0.743225 0.743225
1427.452026 0.000000 2880.811035 0.000000 0.997972 0.000000 0.063662 0.681631 0.681631 0.681631
1443.316284 0.000000 2880.975342 0.000000 0.389690 0.000000 -0.920946 1.139793 1.139793 1.139793
1443.014893 0.000000 2896.147217 0.000000 0.941206 0.000000 -0.337833 0.824664 0.824664 0.824664
1429.477905 0.000000 2892.726074 0.000000 0.404210 0.000000 0.914666 0.411440 0.411440 0.411440
1431.110596 0.000000 2898.306152 0.000000 0.618389 0.000000 -0.785872 1.019160 1.019160 1.019160
1456.678467 0.000000 2882.942871 0.000000 0.837148 0.000000 0.546976 0.551323 0.551323 0.551323
1425.772217 0.000000 2908.620117 0.000000 0.447619 0.000000 0.894224 0.380883 0.380883 0.380883
1457.939575 0.000000 2894.456543 0.000000 0.505407 0.000000 -0.862881 1.076561 1.076561 1.076561
1429.316284 0.000000 2929.642334 0.000000 0.123718 0.000000 0.992317 0.262598 0.262598 0.262598
1450.956177 0.000000 2886.175049 0.000000 0.629591 0.000000 0.776927 0.376571 0.376571 0.376571
1432.671875 0.000000 2879.816650 0.000000 0.186186 0.000000 0.982515 0.315568 0.315568 0.315568
1426.982788 0.000000 2915.070801 0.000000 0.406997 0.000000 -0.913430 1.032075 1.032075 1.032075
1423.030273 0.000000 2908.712158 0.000000 0.647834 0.000000 0.761781 0.474487 0.474487 0.474487
1420.032593 0.000000 2887.164551 0.000000 0.262875 0.000000 0.964830 0.362525 0.362525 0.362525
1467.271484 0.000000 2881.371094 0.000000 0.860862 0.000000 -0.508838 0.894048 0.894048 0.894048
1436.887451 0.000000 2888.366211 0.000000 0.023343 0.000000 0.999727 0.242973 0.242973 0.242973
1428.034546 0.000000 2890.999023 0.000000 0.922014 0.000000 -0.387157 0.868128 0.868128 0.868128
1423.520874 0.000000 2915.156494 0.000000 0.466311 0.000000 0.884621 0.386943 0.386943 0.386943
1415.283936 0.000000 2884.809570 0.000000 0.644490 0.000000 0.764613 0.449008 0.449008 0.449008
1425.709961 0.000000 2904.605713 0.000000 0.895272 0.000000 0.445519 0.566853 0.566853 0.566853
1461.212769 0.000000 2893.408203 0.000000 0.707019 0.000000 -0.707195 0.907288 0.907288 0.907288
1417.952148 0.000000 2886.825928 0.000000 0.939057 0.000000 0.343762 0.598812 0.598812 0.598812
1459.800537 0.000000 2893.503662 0.000000 0.062264 0.000000 0.998060 0.283478 0.283478 0.283478
1426.072632 0.000000 2906.778076 0.000000 0.719002 0.000000 -0.695008 0.906806 0.906806 0.906806
1448.079834 0.000000 2890.269775 0.000000 0.866738 0.000000 -0.498763 0.902583 0.902583 0.902583
1453.427612 0.000000 2897.067139 0.000000 0.813206 0.000000 0.581976 0.465527 0.465527 0.465527
1440.476807 0.000000 2884.214600 0.000000 0.155595 0.000000 -0.987821 1.177110 1.177110 1.177110
1451.561035 0.000000 2896.926514 0.000000 0.383078 0.000000 0.923716 0.329546 0.329546 0.329546
1460.501587 0.000000 2882.802002 0.000000 0.857257 0.000000 -0.514889 0.888101 0.888101 0.888101
1416.156250 0.000000 2885.584229 0.000000 0.093999 0.000000 -0.995572 1.125796 1.125796 1.125796
1445.257080 0.000000 2881.023438 0.000000 0.827887 0.000000 -0.560895 0.878988 0.878988 0.878988
1455.591064 0.000000 2896.287354 0.000000 0.340423 0.000000 -0.940272 1.210993 1.210993 1.210993
1457.823730 0.000000 2880.972168 0.000000 0.446867 0.000000 0.894601 0.324511 0.324511 0.324511
1424.763794 0.000000 2905.131348 0.000000 0.992833 0.000000 -0.119507 0.734543 0.734543 0.734543
1469.129639 0.000000 2887.413818 0.000000 0.016140 0.000000 -0.999870 1.259680 1.259680 1.259680
1417.137207 0.000000 2885.183350 0.000000 0.699124 0.000000 0.715001 0.470292 0.470292 0.470292
1411.182373 0.000000 2901.893311 0.000000 0.331996 0.000000 0.943281 0.342489 0.342489 0.342489
1422.713379 0.000000 2894.926270 0.000000 0.141770 0.000000 -0.989900 1.091951 1.091951 1.091951
1428.458374 0.000000 2913.456543 0.000000 0.999975 0.000000 -0.007080 0.702042 0.702042 0.702042
1422.394409 0.000000 2885.633057 0.000000 0.962063 0.000000 0.272826 0.617423 0.617423 0.617423
1443.821411 0.000000 2882.667969 0.000000 0.677835 0.000000 -0.735214 0.958382 0.958382 0.958382
1443.053101 0.000000 2881.996338 0.000000 0.881275 0.000000 -0.472604 0.884951 0.884951 0.884951
1423.125366 0.000000 2906.372803 0.000000 0.963600 0.000000 -0.267350 0.775675 0.775675 0.775675
1460.702881 0.000000 2895.234375 0.000000 0.993563 0.000000 0.113278 0.656553 0.656553 0.656553
1449.594971 0.000000 2889.326904 0.000000 0.999989 0.000000 -0.004748 0.701651 0.701651 0.701651
1426.621460 0.000000 2882.428467 0.000000 0.999489 0.000000 -0.031978 0.709222 0.709222 0.709222
1427.292603 0.000000 2883.409180 0.000000 0.818041 0.000000 -0.575160 0.876702 0.876702 0.876702
1454.287964 0.000000 2897.628662 0.000000 0.354123 0.000000 -0.935199 1.204891 1.204891 1.204891
1469.031494 0.000000 2884.227539 0.000000 0.697791 0.000000 0.716302 0.416729 0.416729 0.416729
1425.961060 0.000000 2890.190918 0.000000 0.923918 0.000000 -0.382590 0.813206 0.813206 0.813206
1434.424194 0.000000 2893.040771 0.000000 0.440206 0.000000 -0.897897 1.048782 1.048782 1.048782
1441.520142 0.000000 2885.011963 0.000000 0.971008 0.000000 0.239046 0.618585 0.618585 0.618585
1451.465576 0.000000 2892.340576 0.000000 0.414592 0.000000 -0.910008 1.059643 1.059643 1.059643
1443.168457 0.000000 2885.997803 0.000000 0.693324 0.000000 -0.720626 0.977039 0.977039 0.977039
1452.496948 0.000000 2897.491211 0.000000 0.883942 0.000000 0.467597 0.516330 0.516330 0.516330
1428.592163 0.000000 2928.108887 0.000000 0.998652 0.000000 0.051897 0.684303 0.684303 0.684303
1446.235596 0.000000 2879.572266 0.000000 0.887099 0.000000 0.461579 0.511350 0.511350 0.511350
1460.037109 0.000000 2887.388672 0.000000 0.995725 0.000000 -0.092368 0.733462 0.733462 0.733462
1417.220215 0.000000 2903.236572 0.000000 0.772020 0.000000 0.635598 0.449629 0.449629 0.449629
1417.445435 0.000000 2902.220459 0.000000 0.148958 0.000000 -0.988844 1.216632 1.216632 1.216632
1425.300049 0.000000 2883.586914 0.000000 0.952812 0.000000 -0.303562 0.791631 0.791631 0.791631
1418.076172 0.000000 2903.992920 0.000000 0.999362 0.000000 0.035708 0.688141 0.688141 0.688141
1467.670654 0.000000 2883.054932 0.000000 0.595711 0.000000 -0.803199 1.087911 1.087911 1.087911
1434.407227 0.000000 2886.492188 0.000000 0.928700 0.000000 -0.370832 0.824816 0.824816 0.824816
1441.499756 0.000000 2894.699951 0.000000 0.091197 0.000000 -0.995833 1.248126 1.248126 1.248126
1453.264160 0.000000 2883.223145 0.000000 0.508675 0.000000 -0.860959 1.035314 1.035314 1.035314
1471.507202 0.000000 2897.294189 0.000000 0.657417 0.000000 -0.753527 0.966962 0.966962 0.966962
1430.022095 0.000000 2898.737061 0.000000 0.871812 0.000000 0.489841 0.519291 0.519291 0.519291
1443.606812 0.000000 2883.669678 0.000000 0.470677 0.000000 -0.882306 1.038074 1.038074 1.038074
1442.426025 0.000000 2880.366455 0.000000 0.230857 0.000000 -0.972988 1.202667 1.202667 1.202667
1453.497681 0.000000 2896.046387 0.000000 0.800725 0.000000 0.599032 0.457549 0.457549 0.457549
1469.977295 0.000000 2893.369141 0.000000 0.914386 0.000000 -0.404843 0.832570 0.832570 0.832570
1433.217773 0.000000 2891.416748 0.000000 0.998576 0.000000 0.053340 0.682840 0.682840 0.682840
1452.697876 0.000000 2882.394775 0.000000 0.246992 0.000000 0.969017 0.272845 0.272845 0.272845
1467.119385 0.000000 2880.364746 0.000000 0.997592 0.000000 0.069352 0.674770 0.674770 0.674770
1441.075439 0.000000 2886.128906 0.000000 0.251589 0.000000 0.967834 0.200759 0.200759 0.200759
1450.496948 0.000000 2889.021729 0.000000 0.219136 0.000000 -0.975694 1.160006 1.160006 1.160006
1456.545044 0.000000 2895.968506 0.000000 0.316478 0.000000 -0.948600 1.151747 1.151747 1.151747
1442.028198 0.000000 2896.429688 0.000000 0.984069 0.000000 0.177784 0.635343 0.635343 0.635343
1468.231567 0.000000 2886.430176 0.000000 0.355274 0.000000 0.934762 0.265265 0.265265 0.265265
1451.912598 0.000000 2895.766846 0.000000 0.996974 0.000000 -0.077737 0.728558 0.728558 0.728558
1439.449219 0.000000 2893.368164 0.000000 0.048604 0.000000 0.998818 0.069550 0.069550 0.069550
1451.357544 0.000000 2889.658203 0.000000 0.987392 0.000000 0.158295 0.645829 0.645829 0.645829
1443.679932 0.000000 2895.010498 0.000000 0.625660 0.000000 0.780096 0.341896 0.341896 0.341896
1450.152954 0.000000 2890.840332 0.000000 0.173911 0.000000 -0.984761 1.185485 1.185485 1.185485
1447.338379 0.000000 2888.875977 0.000000 0.891323 0.000000 -0.453370 0.873508 0.873508 0.873508
1460.781982 0.000000 2897.092529 0.000000 0.958510 0.000000 0.285059 0.594924 0.594924 0.594924
1432.204224 0.000000 2888.307373 0.000000 0.990727 0.000000 0.135865 0.650937 0.650937 0.650937
1440.095215 0.000000 2887.312256 0.000000 0.464351 0.000000 0.885651 0.287442 0.287442 0.287442
1431.282593 0.000000 2889.653564 0.000000 0.383243 0.000000 -0.923647 1.140362 1.140362 1.140362
1442.635010 0.000000 2897.781982 0.000000 0.910820 0.000000 -0.412803 0.853935 0.853935 0.853935
1451.709595 0.000000 2891.296143 0.000000 0.915904 0.000000 -0.401397 0.843643 0.843643 0.843643
1467.074219 0.000000 2884.166748 0.000000 0.958350 0.000000 -0.285598 0.811354 0.811354 0.811354
1432.675049 0.000000 2889.958496 0.000000 0.992036 0.000000 -0.125952 0.745464 0.745464 0.745464
1450.242188 0.000000 2895.431152 0.000000 0.891872 0.000000 0.452287 0.527760 0.527760 0.527760
1438.297974 0.000000 2893.997803 0.000000 0.041579 0.000000 -0.999135 1.333362 1.333362 1.333362
1430.419678 0.000000 2896.823486 0.000000 0.753233 0.000000 0.657754 0.436561 0.436561 0.436561
1443.229980 0.000000 2899.160400 0.000000 0.346696 0.000000 -0.937978 1.189066 1.189066 1.189066
1443.086304 0.000000 2892.504883 0.000000 0.998155 0.000000 0.060719 0.675367 0.675367 0.675367
1413.830566 0.000000 2901.669678 0.000000 0.512316 0.000000 0.858797 0.266774 0.266774 0.266774
1413.101196 0.000000 2901.142334 0.000000 0.448297 0.000000 -0.893885 1.163852 1.163852 1.163852
1442.372681 0.000000 2899.740479 0.000000 0.352612 0.000000 0.935770 0.213472 0.213472 0.213472
1462.436157 0.000000 2885.479492 0.000000 0.389191 0.000000 0.921157 0.241585 0.241585 0.241585
1443.427856 0.000000 2893.687744 0.000000 0.212380 0.000000 -0.977187 1.250095 1.250095 1.250095
1466.103638 0.000000 2882.125488 0.000000 0.515641 0.000000 0.856804 0.271996 0.271996 0.271996
1429.847412 0.000000 2890.302490 0.000000 0.057991 0.000000 0.998317 0.060225 0.060225 0.060225
1412.163086 0.000000 2901.892334 0.000000 0.903712 0.000000 0.428140 0.514434 0.514434 0.514434
1473.322510 0.000000 2895.153320 0.000000 0.656956 0.000000 0.753929 0.625376 0.625376 0.625376
1500.187378 0.000000 2886.961670 0.000000 0.653902 0.000000 0.756580 0.317617 0.317617 0.317617
1488.886841 0.000000 2896.714355 0.000000 0.115324 0.000000 -0.993328 1.228967 1.228967 1.228967
1505.609619 0.000000 2900.208740 0.000000 0.989557 0.000000 -0.144142 0.716684 0.716684 0.716684
1472.192871 0.000000 2882.590088 0.000000 0.838992 0.000000 -0.544143 0.730165 0.730165 0.730165
1483.192871 0.000000 2917.104980 0.000000 0.612094 0.000000 0.790785 0.692030 0.692030 0.692030
1496.835693 0.000000 2901.629150 0.000000 0.017931 0.000000 -0.999839 1.058216 1.058216 1.058216
1491.459229 0.000000 2888.320557 0.000000 0.648181 0.000000 -0.761486 0.890602 0.890602 0.890602
1513.361938 0.000000 2895.708984 0.000000 0.935770 0.000000 0.352611 0.694962 0.694962 0.694962
1480.621826 0.000000 2899.625000 0.000000 0.077364 0.000000 -0.997003 0.783512 0.783512 0.783512
1502.754150 0.000000 2907.556152 0.000000 0.473323 0.000000 0.880889 0.690583 0.690583 0.690583
1507.343018 0.000000 2890.441650 0.000000 0.978247 0.000000 0.207444 0.687219 0.687219 0.687219
1500.592896 0.000000 2894.607666 0.000000 0.899236 0.000000 -0.437464 0.750641 0.750641 0.750641
1474.137939 0.000000 2888.758789 0.000000 0.531662 0.000000 -0.846956 0.756495 0.756495 0.756495
1487.403564 0.000000 2912.245850 0.000000 0.953765 0.000000 0.300552 0.634915 0.634915 0.634915
1494.547974 0.000000 2893.616699 0.000000 0.195821 0.000000 -0.980640 1.093708 1.093708 1.093708
1501.324951 0.000000 2881.020508 0.000000 0.994046 0.000000 0.108958 0.675960 0.675960 0.675960
1513.255249 0.000000 2881.368164 0.000000 0.670196 0.000000 0.742184 0.607923 0.607923 0.607923
1483.678223 0.000000 2894.725586 0.000000 0.959298 0.000000 -0.282397 0.741026 0.741026 0.741026
1495.301880 0.000000 2884.599854 0.000000 0.957325 0.000000 0.289012 0.643638 0.643638 0.643638
1486.559814 0.000000 2890.461914 0.000000 0.636994 0.000000 0.770869 0.330825 0.330825 0.330825
1482.992065 0.000000 2904.367920 0.000000 0.825770 0.000000 0.564008 0.443434 0.443434 0.443434
1508.109375 0.000000 2895.846924 0.000000 0.823461 0.000000 0.567374 0.450121 0.450121 0.450121
1485.418457 0.000000 2900.080322 0.000000 0.961168 0.000000 0.275964 0.652116 0.652116 0.652116
1498.009766 0.000000 2907.136230 0.000000 0.088653 0.000000 0.996063 0.280425 0.280425 0.280425
1501.390381 0.000000 2902.930176 0.000000 0.692223 0.000000 -0.721684 0.915570 0.915570 0.915570
1510.306885 0.000000 2899.970459 0.000000 0.474867 0.000000 0.880058 0.282557 0.282557 0.282557
1496.109619 0.000000 2889.220459 0.000000 0.601803 0.000000 0.798644 0.444580 0.444580 0.444580
1484.426392 0.000000 2908.930664 0.000000 0.530813 0.000000 -0.847489 0.996893 0.996893 0.996893
1502.897583 0.000000 2890.709229 0.000000 0.612823 0.000000 -0.790220 0.922928 0.922928 0.922928
1497.105713 0.000000 2897.249268 0.000000 0.718351 0.000000 0.695681 0.530589 0.530589 0.530589
1490.195068 0.000000 2892.604980 0.000000 0.699784 0.000000 -0.714354 0.859914 0.859914 0.859914
1501.446167 0.000000 2898.710938 0.000000 0.035715 0.000000 -0.999362 1.038016 1.038016 1.038016
1497.278564 0.000000 2880.959473 0.000000 0.238058 0.000000 0.971251 0.553523 0.553523 0.553523
1504.482788 0.000000 2894.700439 0.000000 0.849567 0.000000 0.527481 0.664072 0.664072 0.664072
1477.808350 0.000000 2890.468994 0.000000 0.656325 0.000000 -0.754478 0.764239 0.764239 0.764239
1487.862305 0.000000 2886.852783 0.000000 0.377323 0.000000 -0.926082 0.793103 0.793103 0.793103
1487.602661 0.000000 2916.195312 0.000000 0.881393 0.000000 0.472384 0.635515 0.635515 0.635515
1492.600586 0.000000 2897.140381 0.000000 0.133118 0.000000 -0.991100 0.900942 0.900942 0.900942
1471.941162 0.000000 2891.784424 0.000000 0.647982 0.000000 -0.761656 0.875528 0.875528 0.875528
1483.603760 0.000000 2912.464355 0.000000 0.750664 0.000000 0.660684 0.623062 0.623062 0.623062
1499.149048 0.000000 2891.189453 0.000000 0.625162 0.000000 -0.780495 0.964466 0.964466 0.964466
1492.184082 0.000000 2882.927490 0.000000 0.568681 0.000000 0.822558 0.662864 0.662864 0.662864
1471.844971 0.000000 2885.980713 0.000000 0.965936 0.000000 0.258782 0.639617 0.639617 0.639617
1498.846436 0.000000 2883.843994 0.000000 0.904194 0.000000 -0.427121 0.841905 0.841905 0.841905
1486.976196 0.000000 2893.926270 0.000000 0.859715 0.000000 -0.510774 0.883623 0.883623 0.883623
1475.165771 0.000000 2892.359619 0.000000 0.638402 0.000000 0.769703 0.368432 0.368432 0.368432
1509.409790 0.000000 2893.029297 0.000000 0.351564 0.000000 0.936164 0.460746 0.460746 0.460746
1484.306152 0.000000 2888.164307 0.000000 0.271747 0.000000 0.962369 0.607170 0.607170 0.607170
1494.808228 0.000000 2899.334473 0.000000 0.169791 0.000000 0.985480 0.533609 0.533609 0.533609
1496.339722 0.000000 2904.610840 0.000000 0.868620 0.000000 -0.495479 0.797840 0.797840 0.797840
1471.891846 0.000000 2897.874268 0.000000 0.074882 0.000000 0.997192 0.232074 0.232074 0.232074
1485.738525 0.000000 2896.881592 0.000000 0.920645 0.000000 0.390401 0.550709 0.550709 0.550709
1530.967651 0.000000 2930.023193 0.000000 0.031898 0.000000 -0.999491 1.017343 1.017343 1.017343
1493.197876 0.000000 2890.922607 0.000000 0.797780 0.000000 0.602949 0.437603 0.437603 0.437603
1490.560913 0.000000 2885.339844 0.000000 0.769237 0.000000 -0.638964 0.726649 0.726649 0.726649
1485.863159 0.000000 2903.859863 0.000000 0.867240 0.000000 0.497891 0.629870 0.629870 0.629870
1497.624268 0.000000 2893.830566 0.000000 0.799648 0.000000 -0.600469 0.951008 0.951008 0.951008
1487.791626 0.000000 2909.426514 0.000000 0.991285 0.000000 0.131734 0.690072 0.690072 0.690072
1480.427979 0.000000 2902.605225 0.000000 0.924296 0.000000 0.381678 0.621297 0.621297 0.621297
1501.964722 0.000000 2883.950928 0.000000 0.414518 0.000000 -0.910041 1.003720 1.003720 1.003720
1484.989868 0.000000 2914.899902 0.000000 0.057717 0.000000 0.998333 0.364189 0.364189 0.364189
1500.527954 0.000000 2905.597900 0.000000 0.676965 0.000000 0.736016 0.494733 0.494733 0.494733
1503.321777 0.000000 2887.888916 0.000000 0.668831 0.000000 0.743415 0.497864 0.497864 0.497864
1512.296265 0.000000 2901.978271 0.000000 0.349501 0.000000 -0.936936 0.844238 0.844238 0.844238
1483.037598 0.000000 2901.554199 0.000000 0.147392 0.000000 0.989078 0.113168 0.113168 0.113168
1488.861938 0.000000 2899.534180 0.000000 0.771050 0.000000 -0.636775 0.778414 0.778414 0.778414
1505.703613 0.000000 2897.331543 0.000000 0.656362 0.000000 -0.754446 0.913621 0.913621 0.913621
1510.792358 0.000000 2897.145752 0.000000 0.515858 0.000000 -0.856674 0.949907 0.949907 0.949907
1497.415894 0.000000 2886.610840 0.000000 0.874265 0.000000 -0.485448 0.897535 0.897535 0.897535
1483.216919 0.000000 2898.092285 0.000000 0.896478 0.000000 0.443088 0.584481 0.584481 0.584481
1494.148682 0.000000 2887.220703 0.000000 0.250785 0.000000 0.968043 0.214257 0.214257 0.214257
1482.337646 0.000000 2907.133545 0.000000 0.798769 0.000000 -0.601638 0.931271 0.931271 0.931271
1512.997803 0.000000 2899.239014 0.000000 0.674361 0.000000 0.738402 0.575153 0.575153 0.575153
1499.550903 0.000000 2900.716064 0.000000 0.858764 0.000000 0.512372 0.517620 0.517620 0.517620
1497.331055 0.000000 2909.765869 0.000000 0.156295 0.000000 -0.987710 0.761771 0.761771 0.761771
1511.250488 0.000000 2879.350830 0.000000 0.501130 0.000000 -0.865372 0.816978 0.816978 0.816978
1484.999512 0.000000 2906.362793 0.000000 0.505201 0.000000 0.863002 0.454361 0.454361 0.454361
1498.771118 0.000000 2903.543701 0.000000 0.949279 0.000000 0.314434 0.569198 0.569198 0.569198
1489.152100 0.000000 2889.586426 0.000000 0.999860 0.000000 0.016758 0.695636 0.695636 0.695636
1507.972046 0.000000 2898.654541 0.000000 0.153527 0.000000 0.988145 0.202378 0.202378 0.202378
1506.638062 0.000000 2893.294189 0.000000 0.888846 0.000000 0.458206 0.655914 0.655914 0.655914
1491.018555 0.000000 2895.050049 0.000000 0.465220 0.000000 0.885195 0.284016 0.284016 0.284016
1502.543457 0.000000 2896.442383 0.000000 0.627966 0.000000 0.778241 0.382046 0.382046 0.382046
1482.215576 0.000000 2914.760742 0.000000 0.233523 0.000000 0.972351 0.634671 0.634671 0.634671
1502.937500 0.000000 2900.759033 0.000000 0.704113 0.000000 -0.710088 0.751058 0.751058 0.751058
1496.271240 0.000000 2891.766846 0.000000 0.962121 0.000000 0.272621 0.619416 0.619416 0.619416
1500.788330 0.000000 2889.400391 0.000000 0.671313 0.000000 -0.741174 0.996159 0.996159 0.996159
1499.216797 0.000000 2879.417725 0.000000 0.263489 0.000000 -0.964662 0.952983 0.952983 0.952983
1502.531982 0.000000 2893.118164 0.000000 0.984051 0.000000 0.177886 0.688749 0.688749 0.688749
1494.943115 0.000000 2896.085449 0.000000 0.093470 0.000000 -0.995622 0.808424 0.808424 0.808424
1505.378418 0.000000 2889.107178 0.000000 0.941175 0.000000 -0.337919 0.756023 0.756023 0.756023
1510.748901 0.000000 2923.480225 0.000000 0.750582 0.000000 -0.660777 0.944731 0.944731 0.944731
1534.701416 0.000000 2897.889404 0.000000 0.485366 0.000000 0.874311 0.448974 0.448974 0.448974
1532.347534 0.000000 2897.938477 0.000000 0.956687 0.000000 -0.291118 0.757818 0.757818 0.757818
1499.996460 0.000000 2896.875488 0.000000 0.994173 0.000000 -0.107795 0.745866 0.745866 0.745866
1493.026001 0.000000 2885.164307 0.000000 0.990517 0.000000 0.137387 0.675673 0.675673 0.675673
1498.383545 0.000000 2888.907959 0.000000 0.256909 0.000000 0.966435 0.115786 0.115786 0.115786
1503.755981 0.000000 2898.559570 0.000000 0.461964 0.000000 0.886899 0.469387 0.469387 0.469387
1485.627319 0.000000 2910.815674 0.000000 0.990376 0.000000 -0.138400 0.752654 0.752654 0.752654
1505.125000 0.000000 2891.375977 0.000000 0.631362 0.000000 -0.775488 0.895421 0.895421 0.895421
1471.892212 0.000000 2888.545898 0.000000 0.622988 0.000000 -0.782231 0.874242 0.874242 0.874242
1490.940063 0.000000 2898.644287 0.000000 0.639106 0.000000 0.769118 0.634062 0.634062 0.634062
1497.540161 0.000000 2899.535889 0.000000 0.948283 0.000000 -0.317425 0.825317 0.825317 0.825317
1492.370850 0.000000 2892.963867 0.000000 0.950474 0.000000 0.310804 0.633723 0.633723 0.633723
1511.362671 0.000000 2935.151855 0.000000 0.941057 0.000000 0.338248 0.613769 0.613769 0.613769
1496.829590 0.000000 2883.081787 0.000000 0.528737 0.000000 -0.848786 0.795661 0.795661 0.795661
1530.578369 0.000000 2932.217529 0.000000 0.584882 0.000000 -0.811119 0.900052 0.900052 0.900052
1477.294556 0.000000 2892.583008 0.000000 0.540222 0.000000 0.841522 0.554937 0.554937 0.554937
1488.208862 0.000000 2891.824951 0.000000 0.967067 0.000000 0.254523 0.627590 0.627590 0.627590
1499.350708 0.000000 2881.773926 0.000000 0.295769 0.000000 0.955260 0.231502 0.231502 0.231502
1491.034302 0.000000 2890.580322 0.000000 0.206443 0.000000 0.978459 0.190314 0.190314 0.190314
1486.940918 0.000000 2898.645508 0.000000 0.810258 0.000000 -0.586073 0.824755 0.824755 0.824755
1502.276733 0.000000 2885.998535 0.000000 0.457492 0.000000 0.889214 0.573630 0.573630 0.573630
1485.679321 0.000000 2892.328613 0.000000 0.438719 0.000000 0.898624 0.313624 0.313624 0.313624
1489.055176 0.000000 2894.343262 0.000000 0.556511 0.000000 0.830840 0.348690 0.348690 0.348690
1473.836548 0.000000 2890.870850 0.000000 0.711806 0.000000 0.702377 0.615624 0.615624 0.615624
1508.569214 0.000000 2900.945312 0.000000 0.719398 0.000000 0.694599 0.630221 0.630221 0.630221
1486.585327 0.000000 2888.366211 0.000000 0.670277 0.000000 0.742111 0.469106 0.469106 0.469106
1510.188965 0.000000 2894.989258 0.000000 0.190304 0.000000 -0.981725 0.902481 0.902481 0.902481
1486.944946 0.000000 2914.270264 0.000000 0.581541 0.000000 -0.813517 1.090219 1.090219 1.090219
1493.058350 0.000000 2895.005615 0.000000 0.880736 0.000000 -0.473607 0.889690 0.889690 0.889690
1498.387573 0.000000 2895.614990 0.000000 0.950783 0.000000 0.309859 0.642190 0.642190 0.642190
1485.473633 0.000000 2912.896729 0.000000 0.987523 0.000000 -0.157475 0.755547 0.755547 0.755547
1499.299683 0.000000 2898.756104 0.000000 0.774510 0.000000 0.632561 0.451057 0.451057 0.451057
1473.265991 0.000000 2893.190186 0.000000 0.995870 0.000000 -0.090794 0.715095 0.715095 0.715095
1506.270264 0.000000 2895.357910 0.000000 0.778564 0.000000 0.627566 0.538758 0.538758 0.538758
1500.432251 0.000000 2885.089600 0.000000 0.744173 0.000000 0.667987 0.412369 0.412369 0.412369
1493.263062 0.000000 2889.002441 0.000000 0.778129 0.000000 0.628105 0.446023 0.446023 0.446023
1483.519775 0.000000 2910.606201 0.000000 0.732929 0.000000 -0.680305 0.828135 0.828135 0.828135
1482.061279 0.000000 2908.936768 0.000000 0.584620 0.000000 0.811307 0.441994 0.441994 0.441994
1482.440796 0.000000 2899.773926 0.000000 0.998670 0.000000 0.051568 0.687017 0.687017 0.687017
1497.984253 0.000000 2905.341797 0.000000 0.527479 0.000000 0.849568 0.508399 0.508399 0.508399
1484.745239 0.000000 2902.378174 0.000000 0.618385 0.000000 -0.785875 0.821661 0.821661 0.821661
1497.166504 0.000000 2884.842285 0.000000 0.989859 0.000000 -0.142053 0.722418 0.722418 0.722418
1514.289185 0.000000 2879.899414 0.000000 0.207107 0.000000 0.978318 0.454806 0.454806 0.454806
1487.314331 0.000000 2895.866699 0.000000 0.978941 0.000000 0.204145 0.630299 0.630299 0.630299
1496.569458 0.000000 2895.293213 0.000000 0.908014 0.000000 0.418939 0.596505 0.596505 0.596505
1485.476562 0.000000 2894.902100 0.000000 0.823786 0.000000 -0.566901 0.862214 0.862214 0.862214
1475.592896 0.000000 2890.606689 0.000000 0.822734 0.000000 0.568427 0.542570 0.542570 0.542570
1481.114502 0.000000 2904.227295 0.000000 0.887335 0.000000 -0.461125 0.777055 0.777055 0.777055
1496.373901 0.000000 2906.425781 0.000000 0.068068 0.000000 -0.997681 0.975735 0.975735 0.975735
1487.185303 0.000000 2917.978271 0.000000 0.449525 0.000000 0.893268 0.555226 0.555226 0.555226
1497.419800 0.000000 2890.482666 0.000000 0.224069 0.000000 -0.974573 1.092478 1.092478 1.092478
1495.894165 0.000000 2887.438721 0.000000 0.741106 0.000000 -0.671388 0.971422 0.971422 0.971422
1494.944214 0.000000 2890.614990 0.000000 0.447055 0.000000 -0.894506 1.063807 1.063807 1.063807
1484.090698 0.000000 2896.397705 0.000000 0.684462 0.000000 0.729048 0.395910 0.395910 0.395910
1482.712891 0.000000 2893.065674 0.000000 0.490043 0.000000 -0.871698 0.827656 0.827656 0.827656
1500.582275 0.000000 2882.918457 0.000000 0.137102 0.000000 0.990557 0.319279 0.319279 0.319279
1501.219971 0.000000 2900.973877 0.000000 0.803577 0.000000 -0.595201 0.871573 0.871573 0.871573
1474.699097 0.000000 2894.096191 0.000000 0.148310 0.000000 -0.988941 0.864007 0.864007 0.864007
1472.366333 0.000000 2899.539551 0.000000 0.501031 0.000000 0.865429 0.593977 0.593977 0.593977
1509.003906 0.000000 2897.314697 0.000000 0.944070 0.000000 -0.329744 0.815687 0.815687 0.815687
1484.988525 0.000000 2898.419678 0.000000 0.177742 0.000000 0.984077 0.211003 0.211003 0.211003
1501.669922 0.000000 2887.696289 0.000000 0.576891 0.000000 -0.816821 1.125972 1.125972 1.125972
1498.834961 0.000000 2885.587646 0.000000 0.410944 0.000000 0.911660 0.393233 0.393233 0.393233
1490.761963 0.000000 2896.682129 0.000000 0.261609 0.000000 -0.965174 1.076618 1.076618 1.076618
1511.711914 0.000000 2895.624512 0.000000 0.943041 0.000000 0.332676 0.650215 0.650215 0.650215
1481.405029 0.000000 2901.205566 0.000000 0.175255 0.000000 -0.984523 0.992468 0.992468 0.992468
1504.366089 0.000000 2901.519775 0.000000 0.765352 0.000000 0.643612 0.619353 0.619353 0.619353
1499.254028 0.000000 2893.635742 0.000000 0.091471 0.000000 0.995808 0.511293 0.511293 0.511293
1511.409668 0.000000 2898.647217 0.000000 0.965388 0.000000 -0.260818 0.802372 0.802372 0.802372
1504.152832 0.000000 2896.881104 0.000000 0.577748 0.000000 -0.816215 0.938616 0.938616 0.938616
1497.851685 0.000000 2892.164551 0.000000 0.901663 0.000000 -0.432439 0.874277 0.874277 0.874277
1471.887207 0.000000 2894.299072 0.000000 0.517888 0.000000 0.855448 0.429144 0.429144 0.429144
1510.685913 0.000000 2901.685791 0.000000 0.998677 0.000000 -0.051420 0.715822 0.715822 0.715822
1482.163574 0.000000 2902.923828 0.000000 0.860319 0.000000 -0.509756 0.923414 0.923414 0.923414
1508.146362 0.000000 2894.199219 0.000000 0.975880 0.000000 -0.218309 0.791153 0.791153 0.791153
1501.225708 0.000000 2891.088623 0.000000 0.662651 0.000000 -0.748928 0.816859 0.816859 0.816859
1511.293457 0.000000 2937.483154 0.000000 0.215462 0.000000 0.976512 0.477635 0.477635 0.477635
1498.401489 0.000000 2901.869385 0.000000 0.857101 0.000000 -0.515148 0.883477 0.883477 0.883477
1482.478271 0.000000 2895.941162 0.000000 0.309369 0.000000 -0.950942 0.880025 0.880025 0.880025
1483.386108 0.000000 2905.905762 0.000000 0.994353 0.000000 -0.106125 0.745524 0.745524 0.745524
1513.397339 0.000000 2900.805664 0.000000 0.243111 0.000000 -0.969998 0.857484 0.857484 0.857484
1507.349731 0.000000 2897.201660 0.000000 0.346629 0.000000 -0.938002 1.231624 1.231624 1.231624
1532.104614 0.000000 2896.321777 0.000000 0.282621 0.000000 -0.959232 0.951369 0.951369 0.951369
1484.499756 0.000000 2893.388916 0.000000 0.332736 0.000000 0.943020 0.273842 0.273842 0.273842
1502.336060 0.000000 2889.153809 0.000000 0.828201 0.000000 -0.560431 0.944317 0.944317 0.944317
1496.167236 0.000000 2898.578125 0.000000 0.725178 0.000000 -0.688561 0.994659 0.994659 0.994659
1512.725952 0.000000 2879.891357 0.000000 0.998108 0.000000 -0.061487 0.722150 0.722150 0.722150
1481.802124 0.000000 2905.634521 0.000000 0.999980 0.000000 0.006262 0.698993 0.698993 0.698993
1500.874146 0.000000 2879.500732 0.000000 0.580888 0.000000 0.813984 0.562061 0.562061 0.562061
1496.046875 0.000000 2885.927490 0.000000 0.788371 0.000000 0.615200 0.595778 0.595778 0.595778
1499.897339 0.000000 2902.216064 0.000000 0.327911 0.000000 -0.944709 1.205731 1.205731 1.205731
1494.266113 0.000000 2892.006836 0.000000 0.831426 0.000000 0.555635 0.531154 0.531154 0.531154
1511.854492 0.000000 2900.353027 0.000000 0.076203 0.000000 -0.997092 1.159676 1.159676 1.159676
1500.249268 0.000000 2903.943848 0.000000 0.459947 0.000000 0.887946 0.407791 0.407791 0.407791
1484.683594 0.000000 2904.841309 0.000000 0.288627 0.000000 -0.957442 0.905475 0.905475 0.905475
1506.410889 0.000000 2898.740234 0.000000 0.961527 0.000000 -0.274710 0.797753 0.797753 0.797753
1499.485229 0.000000 2907.418945 0.000000 0.675080 0.000000 -0.737745 0.934902 0.934902 0.934902
1476.174316 0.000000 2893.588623 0.000000 0.727727 0.000000 0.685867 0.590373 0.590373 0.590373
1488.323975 0.000000 2888.317627 0.000000 0.904775 0.000000 -0.425889 0.814557 0.814557 0.814557
1483.811401 0.000000 2907.503418 0.000000 0.993532 0.000000 -0.113551 0.740768 0.740768 0.740768
1489.582275 0.000000 2891.169189 0.000000 0.892853 0.000000 0.450349 0.568561 0.568561 0.568561
1498.687256 0.000000 2887.427490 0.000000 0.855901 0.000000 -0.517140 0.908011 0.908011 0.908011
1503.877197 0.000000 2889.395508 0.000000 0.777165 0.000000 0.629297 0.420470 0.420470 0.420470
1483.948730 0.000000 2900.327393 0.000000 0.998356 0.000000 -0.057312 0.723650 0.723650 0.723650
1496.035156 0.000000 2893.864746 0.000000 0.861022 0.000000 0.508568 0.492081 0.492081 0.492081
1488.576660 0.000000 2914.944092 0.000000 0.393660 0.000000 -0.919256 0.901763 0.901763 0.901763
1498.563965 0.000000 2897.432861 0.000000 0.975809 0.000000 0.218623 0.606403 0.606403 0.606403
1497.373413 0.000000 2902.996582 0.000000 0.053077 0.000000 -0.998590 0.944011 0.944011 0.944011
1534.933105 0.000000 2896.441650 0.000000 0.360471 0.000000 0.932771 0.416414 0.416414 0.416414
1509.434570 0.000000 2898.740723 0.000000 0.971425 0.000000 0.237347 0.648071 0.648071 0.648071
1494.871460 0.000000 2888.462646 0.000000 0.515833 0.000000 0.856689 0.315240 0.315240 0.315240
1530.098877 0.000000 2933.599854 0.000000 0.742026 0.000000 0.670372 0.544640 0.544640 0.544640
1494.414673 0.000000 2885.696533 0.000000 0.783374 0.000000 0.621550 0.571065 0.571065 0.571065
1499.738403 0.000000 2888.361816 0.000000 0.084634 0.000000 -0.996412 1.362239 1.362239 1.362239
1501.378540 0.000000 2897.307617 0.000000 0.958709 0.000000 0.284389 0.594171 0.594171 0.594171
1497.220825 0.000000 2888.066406 0.000000 0.620830 0.000000 0.783946 0.451219 0.451219 0.451219
1498.072021 0.000000 2882.369629 0.000000 0.336837 0.000000 0.941563 0.305374 0.305374 0.305374
1487.520874 0.000000 2897.300781 0.000000 0.064880 0.000000 0.997893 0.128935 0.128935 0.128935
1511.829224 0.000000 2922.432617 0.000000 0.102472 0.000000 -0.994736 1.197747 1.197747 1.197747
1503.648560 0.000000 2886.484131 0.000000 0.998571 0.000000 0.053437 0.687107 0.687107 0.687107
1488.201782 0.000000 2893.217041 0.000000 0.059176 0.000000 -0.998248 1.249457 1.249457 1.249457
1531.446411 0.000000 2933.333740 0.000000 0.721491 0.000000 -0.692424 0.861732 0.861732 0.861732
1492.832764 0.000000 2887.634766 0.000000 0.873179 0.000000 -0.487399 0.837905 0.837905 0.837905
1489.764282 0.000000 2895.617676 0.000000 0.908100 0.000000 -0.418753 0.854792 0.854792 0.854792
1487.694702 0.000000 2889.583252 0.000000 0.920277 0.000000 0.391268 0.588998 0.588998 0.588998
1491.463379 0.000000 2891.929688 0.000000 0.533161 0.000000 0.846014 0.322852 0.322852 0.322852
1504.179688 0.000000 2899.968262 0.000000 0.553524 0.000000 0.832833 0.326764 0.326764 0.326764
1499.464966 0.000000 2889.794678 0.000000 0.444271 0.000000 0.895893 0.205152 0.205152 0.205152
1496.099976 0.000000 2899.948730 0.000000 0.988511 0.000000 -0.151151 0.758866 0.758866 0.758866
1498.615479 0.000000 2880.625488 0.000000 0.456305 0.000000 -0.889823 1.104492 1.104492 1.104492
1502.660400 0.000000 2899.431396 0.000000 0.447480 0.000000 -0.894294 0.934052 0.934052 0.934052
1491.211670 0.000000 2893.697021 0.000000 0.887244 0.000000 -0.461300 0.796358 0.796358 0.796358
1500.566772 0.000000 2899.733887 0.000000 0.113285 0.000000 0.993563 0.379116 0.379116 0.379116
1492.064209 0.000000 2889.649170 0.000000 0.962938 0.000000 -0.269723 0.802137 0.802137 0.802137
1487.031372 0.000000 2892.531494 0.000000 0.622969 0.000000 0.782246 0.392321 0.392321 0.392321
1505.066406 0.000000 2898.939941 0.000000 0.880035 0.000000 0.474908 0.512337 0.512337 0.512337
1483.506592 0.000000 2903.048828 0.000000 0.942155 0.000000 0.335176 0.557243 0.557243 0.557243
1471.878784 0.000000 2884.066650 0.000000 0.988831 0.000000 -0.149038 0.734509 0.734509 0.734509
1499.232544 0.000000 2904.833984 0.000000 0.877682 0.000000 -0.479243 0.908749 0.908749 0.908749
1510.449219 0.000000 2922.145752 0.000000 0.129137 0.000000 0.991627 0.211355 0.211355 0.211355
1499.998901 0.000000 2880.539307 0.000000 0.600723 0.000000 -0.799457 1.041597 1.041597 1.041597
1503.305176 0.000000 2891.993164 0.000000 0.283238 0.000000 0.959050 0.385946 0.385946 0.385946
1492.041748 0.000000 2895.928467 0.000000 0.996372 0.000000 -0.085102 0.732759 0.732759 0.732759
1502.587891 0.000000 2897.919434 0.000000 0.183412 0.000000 -0.983036 1.194240 1.194240 1.194240
1490.474976 0.000000 2889.283936 0.000000 0.985543 0.000000 -0.169425 0.737487 0.737487 0.737487
1533.531250 0.000000 2897.113037 0.000000 0.977525 0.000000 -0.210820 0.741576 0.741576 0.741576
1484.501465 0.000000 2911.504395 0.000000 0.998883 0.000000 0.047242 0.682078 0.682078 0.682078
1501.416138 0.000000 2904.501221 0.000000 0.154044 0.000000 -0.988064 1.051424 1.051424 1.051424
1505.163452 0.000000 2896.035645 0.000000 0.241857 0.000000 0.970312 0.368497 0.368497 0.368497
1509.762085 0.000000 2896.230469 0.000000 0.833723 0.000000 0.552183 0.498606 0.498606 0.498606
1485.333374 0.000000 2891.051758 0.000000 0.307058 0.000000 0.951691 0.475633 0.475633 0.475633
1499.213379 0.000000 2906.107422 0.000000 0.154691 0.000000 -0.987963 1.100735 1.100735 1.100735
1498.309814 0.000000 2900.613525 0.000000 0.996691 0.000000 0.081284 0.672412 0.672412 0.672412
1500.375610 0.000000 2898.069336 0.000000 0.990841 0.000000 -0.135031 0.729824 0.729824 0.729824
1485.078369 0.000000 2907.741699 0.000000 0.101606 0.000000 0.994825 0.353424 0.353424 0.353424
1511.954468 0.000000 2923.851074 0.000000 0.649245 0.000000 -0.760580 0.992993 0.992993 0.992993
1495.392944 0.000000 2892.684082 0.000000 0.958332 0.000000 -0.285658 0.783027 0.783027 0.783027
1493.244507 0.000000 2886.364746 0.000000 0.451396 0.000000 0.892324 0.401369 0.401369 0.401369
1486.164062 0.000000 2915.276123 0.000000 0.383537 0.000000 0.923526 0.216556 0.216556 0.216556
1487.981201 0.000000 2913.384277 0.000000 0.182015 0.000000 0.983296 0.404122 0.404122 0.404122
1488.500244 0.000000 2895.499756 0.000000 0.305340 0.000000 -0.952243 1.151580 1.151580 1.151580
1508.668823 0.000000 2899.732666 0.000000 0.921595 0.000000 -0.388152 0.786382 0.786382 0.786382
1488.399780 0.000000 2890.606689 0.000000 0.168697 0.000000 0.985668 0.305732 0.305732 0.305732
1504.085449 0.000000 2890.603027 0.000000 0.893539 0.000000 0.448985 0.597471 0.597471 0.597471
1496.841187 0.000000 2892.835938 0.000000 0.350870 0.000000 0.936424 0.227555 0.227555 0.227555
1483.229248 0.000000 2908.606445 0.000000 0.933936 0.000000 0.357441 0.600349 0.600349 0.600349
1494.300781 0.000000 2889.608643 0.000000 0.836650 0.000000 0.547738 0.483218 0.483218 0.483218
1485.751587 0.000000 2893.748535 0.000000 0.988610 0.000000 -0.150502 0.752276 0.752276 0.752276
1502.062012 0.000000 2891.920898 0.000000 0.905152 0.000000 -0.425088 0.807421 0.807421 0.807421
1483.913208 0.000000 2899.062744 0.000000 0.371871 0.000000 0.928285 0.400591 0.400591 0.400591
1485.788574 0.000000 2914.025391 0.000000 0.969587 0.000000 -0.244745 0.754877 0.754877 0.754877
1500.028442 0.000000 2883.962402 0.000000 0.824564 0.000000 -0.565769 0.859742 0.859742 0.859742
1531.216064 0.000000 2931.189453 0.000000 0.993803 0.000000 -0.111157 0.722970 0.722970 0.722970
1501.083496 0.000000 2886.098145 0.000000 0.288615 0.000000 0.957445 0.130473 0.130473 0.130473
1486.634644 0.000000 2913.133789 0.000000 0.618544 0.000000 -0.785750 0.892718 0.892718 0.892718
1497.880493 0.000000 2898.386230 0.000000 0.259954 0.000000 0.965621 0.192613 0.192613 0.192613
1501.588257 0.000000 2885.054932 0.000000 0.997084 0.000000 0.076310 0.669965 0.669965 0.669965
1484.647339 0.000000 2910.058594 0.000000 0.827626 0.000000 0.561280 0.474007 0.474007 0.474007
1501.988647 0.000000 2901.914307 0.000000 0.946794 0.000000 -0.321841 0.788186 0.788186 0.788186
1509.058228 0.000000 2894.949219 0.000000 0.978502 0.000000 0.206237 0.613964 0.613964 0.613964
1482.576538 0.000000 2909.964600 0.000000 0.686696 0.000000 0.726945 0.478122 0.478122 0.478122
1506.960205 0.000000 2894.413818 0.000000 0.862681 0.000000 0.505748 0.573975 0.573975 0.573975
1492.117920 0.000000 2894.379150 0.000000 0.065608 0.000000 -0.997845 1.278679 1.278679 1.278679
1495.127930 0.000000 2886.597656 0.000000 0.973196 0.000000 -0.229978 0.785568 0.785568 0.785568
1486.167236 0.000000 2895.827148 0.000000 0.452728 0.000000 0.891649 0.326736 0.326736 0.326736
1492.617676 0.000000 2891.882812 0.000000 0.526379 0.000000 0.850250 0.287887 0.287887 0.287887
1484.430420 0.000000 2913.269531 0.000000 0.340240 0.000000 -0.940339 1.129816 1.129816 1.129816
1510.338135 0.000000 2934.289062 0.000000 0.954856 0.000000 -0.297068 0.775376 0.775376 0.775376
1484.304810 0.000000 2897.481689 0.000000 0.703626 0.000000 -0.710571 0.994181 0.994181 0.994181
1499.415771 0.000000 2882.903320 0.000000 0.997325 0.000000 0.073099 0.676474 0.676474 0.676474
1487.163452 0.000000 2891.388428 0.000000 0.998295 0.000000 0.058376 0.675502 0.675502 0.675502
1487.931274 0.000000 2894.478271 0.000000 0.032790 0.000000 -0.999462 1.221430 1.221430 1.221430
1496.063232 0.000000 2890.672607 0.000000 0.822230 0.000000 -0.569155 0.876706 0.876706 0.876706
1489.101685 0.000000 2892.487061 0.000000 0.066320 0.000000 0.997798 0.153144 0.153144 0.153144
1502.681152 0.000000 2887.004150 0.000000 0.294429 0.000000 0.955673 0.393251 0.393251 0.393251
1474.349487 0.000000 2893.074707 0.000000 0.846702 0.000000 -0.532068 0.911781 0.911781 0.911781
1489.526855 0.000000 2888.548096 0.000000 0.549728 0.000000 -0.835344 0.957463 0.957463 0.957463
1504.709961 0.000000 2897.872070 0.000000 0.959459 0.000000 0.281847 0.628598 0.628598 0.628598
1484.563110 0.000000 2892.230713 0.000000 0.856237 0.000000 0.516584 0.512160 0.512160 0.512160
1510.360840 0.000000 2898.136719 0.000000 0.786808 0.000000 0.617198 0.441936 0.441936 0.441936
1497.306274 0.000000 2889.231934 0.000000 0.971718 0.000000 -0.236142 0.765825 0.765825 0.765825
1507.007080 0.000000 2896.147217 0.000000 0.298321 0.000000 -0.954466 1.253924 1.253924 1.253924
1501.493774 0.000000 2882.307861 0.000000 0.036048 0.000000 0.999350 0.292323 0.292323 0.292323
1498.462280 0.000000 2890.194824 0.000000 0.725885 0.000000 -0.687816 0.924010 0.924010 0.924010
1501.757935 0.000000 2900.034180 0.000000 0.953488 0.000000 0.301430 0.617595 0.617595 0.617595
1485.107788 0.000000 2895.895996 0.000000 0.053463 0.000000 0.998570 0.291650 0.291650 0.291650
1498.990723 0.000000 2899.828125 0.000000 0.393616 0.000000 0.919275 0.276077 0.276077 0.276077
1500.879639 0.000000 2888.366211 0.000000 0.736612 0.000000 0.676316 0.436502 0.436502 0.436502
1492.026733 0.000000 2890.999023 0.000000 0.902496 0.000000 0.430697 0.519472 0.519472 0.519472
1487.513062 0.000000 2915.156494 0.000000 0.649679 0.000000 -0.760208 1.054679 1.054679 1.054679
1495.246826 0.000000 2891.613281 0.000000 0.672518 0.000000 0.740081 0.426259 0.426259 0.426259
1499.856567 0.000000 2885.951416 0.000000 0.090170 0.000000 0.995926 0.304142 0.304142 0.304142
1491.219604 0.000000 2897.646484 0.000000 0.386104 0.000000 -0.922455 1.038637 1.038637 1.038637
1486.705566 0.000000 2894.926270 0.000000 0.133419 0.000000 -0.991060 1.187181 1.187181 1.187181
1498.933960 0.000000 2896.485352 0.000000 0.877980 0.000000 -0.478698 0.911979 0.911979 0.911979
1490.498413 0.000000 2891.557373 0.000000 0.794699 0.000000 0.607003 0.456057 0.456057 0.456057
1493.884766 0.000000 2888.216553 0.000000 0.917468 0.000000 -0.397810 0.853007 0.853007 0.853007
1489.877075 0.000000 2897.136719 0.000000 0.974476 0.000000 0.224491 0.617697 0.617697 0.617697
1482.068359 0.000000 2903.992920 0.000000 0.977491 0.000000 -0.210975 0.788785 0.788785 0.788785
1482.363281 0.000000 2900.773193 0.000000 0.999233 0.000000 0.039155 0.683847 0.683847 0.683847
1498.399414 0.000000 2886.492188 0.000000 0.776897 0.000000 -0.629627 0.960661 0.960661 0.960661
1486.693237 0.000000 2896.670898 0.000000 0.725545 0.000000 -0.688175 0.987821 0.987821 0.987821
1511.598145 0.000000 2901.326904 0.000000 0.998833 0.000000 -0.048303 0.714863 0.714863 0.714863
1501.021484 0.000000 2884.200928 0.000000 0.881967 0.000000 0.471310 0.507024 0.507024 0.507024
1485.671631 0.000000 2899.159424 0.000000 0.974427 0.000000 0.224702 0.620390 0.620390 0.620390
1499.652832 0.000000 2903.170654 0.000000 0.512957 0.000000 0.858415 0.277910 0.277910 0.277910
1503.216064 0.000000 2897.184570 0.000000 0.791066 0.000000 -0.611731 0.934670 0.934670 0.934670
1509.567627 0.000000 2894.103760 0.000000 0.579614 0.000000 -0.814891 1.094521 1.094521 1.094521
1492.379395 0.000000 2888.649902 0.000000 0.276172 0.000000 -0.961108 1.182807 1.182807 1.182807
1493.083862 0.000000 2889.923828 0.000000 0.312432 0.000000 0.949940 0.231383 0.231383 0.231383
1486.208130 0.000000 2891.436523 0.000000 0.990432 0.000000 0.138003 0.641934 0.641934 0.641934
1506.020386 0.000000 2896.429688 0.000000 0.054588 0.000000 0.998509 0.037587 0.037587 0.037587
1508.133179 0.000000 2897.691895 0.000000 0.965517 0.000000 -0.260339 0.790672 0.790672 0.790672
1511.158569 0.000000 2899.562256 0.000000 0.394769 0.000000 -0.918780 1.151970 1.151970 1.151970
1499.456787 0.000000 2897.716797 0.000000 0.944092 0.000000 0.329683 0.557327 0.557327 0.557327
1495.274780 0.000000 2889.653564 0.000000 0.950594 0.000000 -0.310436 0.818048 0.818048 0.818048
1501.712769 0.000000 2886.773438 0.000000 0.978985 0.000000 0.203930 0.608480 0.608480 0.608480
1484.776123 0.000000 2899.398926 0.000000 0.825969 0.000000 -0.563715 0.910364 0.910364 0.910364
1506.627197 0.000000 2897.781982 0.000000 0.016058 0.000000 0.999871 0.020742 0.020742 0.020742
1482.635010 0.000000 2905.244385 0.000000 0.758514 0.000000 -0.651657 1.003893 1.003893 1.003893
1483.740234 0.000000 2905.041992 0.000000 0.516387 0.000000 0.856355 0.259781 0.259781 0.259781
1498.356567 0.000000 2904.391846 0.000000 0.090380 0.000000 0.995907 0.081722 0.081722 0.081722
1487.487793 0.000000 2890.545166 0.000000 0.974893 0.000000 -0.222676 0.794184 0.794184 0.794184
1502.455688 0.000000 2888.233643 0.000000 0.964488 0.000000 -0.264125 0.809774 0.809774 0.809774
1496.476807 0.000000 2886.721191 0.000000 0.516892 0.000000 0.856051 0.299541 0.299541 0.299541
1475.279785 0.000000 2893.348877 0.000000 0.631406 0.000000 0.775452 0.365014 0.365014 0.365014
1489.216431 0.000000 2893.387939 0.000000 0.990699 0.000000 0.136075 0.650383 0.650383 0.650383
1498.279175 0.000000 2881.468262 0.000000 0.869004 0.000000 0.494805 0.509136 0.509136 0.509136
1498.422485 0.000000 2899.116943 0.000000 0.865248 0.000000 -0.501344 0.890891 0.890891 0.890891
1490.156128 0.000000 2894.791260 0.000000 0.832071 0.000000 -0.554669 0.925027 0.925027 0.925027
1483.822266 0.000000 2904.026367 0.000000 0.980513 0.000000 0.196455 0.615336 0.615336 0.615336
1505.668335 0.000000 2898.216309 0.000000 0.967353 0.000000 -0.253433 0.797168 0.797168 0.797168
1499.053467 0.000000 2902.472168 0.000000 0.612367 0.000000 0.790573 0.327156 0.327156 0.327156
1503.016357 0.000000 2889.760010 0.000000 0.370330 0.000000 0.928900 0.210700 0.210700 0.210700
1487.951294 0.000000 2914.289551 0.000000 0.489433 0.000000 -0.872041 1.135059 1.135059 1.135059
1510.393311 0.000000 2899.039307 0.000000 0.964595 0.000000 -0.263736 0.803545 0.803545 0.803545
1485.383423 0.000000 2911.662598 0.000000 0.990626 0.000000 -0.136604 0.751966 0.751966 0.751966
1487.958374 0.000000 2896.469238 0.000000 0.749092 0.000000 -0.662466 0.974600 0.974600 0.974600
1497.044556 0.000000 2898.789307 0.000000 0.561042 0.000000 -0.827787 1.078324 1.078324 1.078324
1498.227051 0.000000 2902.784180 0.000000 0.337928 0.000000 -0.941172 1.201387 1.201387 1.201387
1482.887939 0.000000 2902.424561 0.000000 0.974672 0.000000 0.223640 0.605795 0.605795 0.605795
1498.000000 0.000000 2896.778809 0.000000 0.962994 0.000000 -0.269525 0.815890 0.815890 0.815890
1503.146851 0.000000 2888.839844 0.000000 0.929856 0.000000 -0.367924 0.854735 0.854735 0.854735
1498.124023 0.000000 2888.083984 0.000000 0.525016 0.000000 -0.851093 1.153683 1.153683 1.153683
1482.172119 0.000000 2901.797852 0.000000 0.906074 0.000000 -0.423120 0.880185 0.880185 0.880185
1482.764771 0.000000 2903.529053 0.000000 0.958985 0.000000 -0.283458 0.820038 0.820038 0.820038
1500.917969 0.000000 2887.387939 0.000000 0.859191 0.000000 0.511655 0.460646 0.460646 0.460646
1467.492554 0.000000 2949.658691 0.000000 0.841966 0.000000 -0.539531 0.858350 0.858350 0.858350
1437.332764 0.000000 2945.004883 0.000000 0.489509 0.000000 -0.871998 0.942502 0.942502 0.942502
1464.335449 0.000000 2951.474609 0.000000 0.866367 0.000000 -0.499407 0.769452 0.769452 0.769452
1466.250977 0.000000 2947.578369 0.000000 0.920207 0.000000 -0.391432 0.722491 0.722491 0.722491
1465.355225 0.000000 2949.607422 0.000000 0.218743 0.000000 0.975783 0.459309 0.459309 0.459309
1466.273315 0.000000 2951.279785 0.000000 0.945222 0.000000 0.326428 0.673850 0.673850 0.673850
1438.891968 0.000000 2944.771484 0.000000 0.575842 0.000000 0.817561 0.516001 0.516001 0.516001
1465.017944 0.000000 2948.280273 0.000000 0.904006 0.000000 0.427519 0.621257 0.621257 0.621257
1436.006714 0.000000 2944.523682 0.000000 0.884758 0.000000 -0.466050 0.810992 0.810992 0.810992
1466.455078 0.000000 2948.856201 0.000000 0.999962 0.000000 0.008694 0.697584 0.697584 0.697584
1491.459229 0.000000 2952.304932 0.000000 0.681810 0.000000 0.731529 0.473428 0.473428 0.473428
1527.438232 0.000000 2970.439941 0.000000 0.999617 0.000000 -0.027673 0.709674 0.709674 0.709674
1507.018555 0.000000 2951.167480 0.000000 0.999932 0.000000 -0.011705 0.700634 0.700634 0.700634
1489.152100 0.000000 2953.570801 0.000000 0.757480 0.000000 0.652858 0.658976 0.658976 0.658976
1523.723022 0.000000 2959.810059 0.000000 0.329590 0.000000 0.944124 0.367647 0.367647 0.367647
1508.558716 0.000000 2952.631836 0.000000 0.982041 0.000000 0.188665 0.659865 0.659865 0.659865
1526.178955 0.000000 2968.815674 0.000000 0.608804 0.000000 0.793320 0.621541 0.621541 0.621541
1522.930054 0.000000 2958.071533 0.000000 0.923368 0.000000 0.383915 0.593955 0.593955 0.593955
1491.930176 0.000000 2950.559814 0.000000 0.064888 0.000000 -0.997893 0.839476 0.839476 0.839476
1506.889771 0.000000 2952.926514 0.000000 0.999969 0.000000 -0.007843 0.701206 0.701206 0.701206
1490.474976 0.000000 2953.268311 0.000000 0.374488 0.000000 0.927232 0.372261 0.372261 0.372261
1523.043335 0.000000 2956.711182 0.000000 0.430535 0.000000 0.902574 0.503273 0.503273 0.503273
1509.821533 0.000000 2953.147461 0.000000 0.864442 0.000000 -0.502733 0.811387 0.811387 0.811387
1522.617676 0.000000 2959.299072 0.000000 0.966759 0.000000 0.255691 0.630414 0.630414 0.630414
1526.970337 0.000000 2971.541748 0.000000 0.275076 0.000000 0.961423 0.248380 0.248380 0.248380
1788.340210 0.000000 2748.064453 0.000000 0.473540 0.000000 0.880773 0.669872 0.669872 0.669872
1788.246704 0.000000 2731.153320 0.000000 0.994507 0.000000 -0.104667 0.721440 0.721440 0.721440
1778.151001 0.000000 2747.736328 0.000000 0.627847 0.000000 -0.778336 0.732736 0.732736 0.732736
1780.462646 0.000000 2733.663086 0.000000 0.772801 0.000000 0.634648 0.475309 0.475309 0.475309
1778.964844 0.000000 2741.909180 0.000000 0.967631 0.000000 -0.252368 0.794075 0.794075 0.794075
1789.956299 0.000000 2738.429932 0.000000 0.687238 0.000000 0.726433 0.574953 0.574953 0.574953
1772.735840 0.000000 2745.565430 0.000000 0.566522 0.000000 0.824046 0.672919 0.672919 0.672919
1776.031738 0.000000 2735.542725 0.000000 0.698465 0.000000 0.715644 0.676306 0.676306 0.676306
1785.458618 0.000000 2735.038574 0.000000 0.917577 0.000000 0.397559 0.537807 0.537807 0.537807
1791.378174 0.000000 2734.194092 0.000000 0.050234 0.000000 0.998738 0.176517 0.176517 0.176517
1780.298096 0.000000 2737.889404 0.000000 0.996709 0.000000 -0.081060 0.730774 0.730774 0.730774
1784.077271 0.000000 2731.101807 0.000000 0.719561 0.000000 0.694429 0.467922 0.467922 0.467922
1775.420776 0.000000 2742.880127 0.000000 0.461633 0.000000 -0.887071 0.841084 0.841084 0.841084
1777.064331 0.000000 2738.900391 0.000000 0.094241 0.000000 0.995549 0.493587 0.493587 0.493587
1790.743530 0.000000 2749.998779 0.000000 0.991366 0.000000 0.131123 0.670814 0.670814 0.670814
1788.680664 0.000000 2735.667480 0.000000 0.538474 0.000000 0.842642 0.386503 0.386503 0.386503
1775.668945 0.000000 2745.968994 0.000000 0.839216 0.000000 -0.543799 0.815550 0.815550 0.815550
1782.547974 0.000000 2735.868652 0.000000 0.031458 0.000000 0.999505 0.170047 0.170047 0.170047
1791.408691 0.000000 2731.053467 0.000000 0.815736 0.000000 -0.578424 0.974865 0.974865 0.974865
1778.657715 0.000000 2735.592529 0.000000 0.999331 0.000000 -0.036584 0.706778 0.706778 0.706778
1782.379761 0.000000 2729.103760 0.000000 0.981892 0.000000 0.189443 0.685344 0.685344 0.685344
1777.614258 0.000000 2744.283203 0.000000 0.997650 0.000000 0.068517 0.671959 0.671959 0.671959
1781.032715 0.000000 2731.197021 0.000000 0.977777 0.000000 -0.209646 0.731744 0.731744 0.731744
1782.933472 0.000000 2733.371582 0.000000 0.918639 0.000000 0.395097 0.575781 0.575781 0.575781
1787.515503 0.000000 2733.533691 0.000000 0.204240 0.000000 0.978921 0.151302 0.151302 0.151302
1791.421021 0.000000 2745.862305 0.000000 0.970278 0.000000 -0.241991 0.714523 0.714523 0.714523
1781.972412 0.000000 2739.690430 0.000000 0.924001 0.000000 0.382391 0.559427 0.559427 0.559427
1784.492310 0.000000 2737.191895 0.000000 0.587015 0.000000 0.809576 0.582941 0.582941 0.582941
1790.896118 0.000000 2741.174561 0.000000 0.600962 0.000000 -0.799277 0.753408 0.753408 0.753408
1790.875610 0.000000 2736.350098 0.000000 0.212886 0.000000 0.977077 0.114562 0.114562 0.114562
1775.483032 0.000000 2740.574951 0.000000 0.050223 0.000000 -0.998738 0.814264 0.814264 0.814264
1789.666260 0.000000 2732.816406 0.000000 0.359273 0.000000 0.933233 0.167971 0.167971 0.167971
1779.067261 0.000000 2739.689209 0.000000 0.404905 0.000000 -0.914359 1.173895 1.173895 1.173895
1785.468262 0.000000 2732.873291 0.000000 0.834519 0.000000 -0.550978 0.893758 0.893758 0.893758
1790.460205 0.000000 2747.822998 0.000000 0.329042 0.000000 -0.944315 1.021714 1.021714 1.021714
1778.418335 0.000000 2733.548828 0.000000 0.910880 0.000000 -0.412672 0.740887 0.740887 0.740887
1775.097290 0.000000 2724.955811 0.000000 0.103474 0.000000 -0.994632 0.917935 0.917935 0.917935
1774.497314 0.000000 2722.394043 0.000000 0.699837 0.000000 -0.714303 0.872413 0.872413 0.872413
1774.379395 0.000000 2744.513916 0.000000 0.487339 0.000000 0.873213 0.486617 0.486617 0.486617
1777.044312 0.000000 2741.843506 0.000000 0.999382 0.000000 -0.035164 0.710510 0.710510 0.710510
1782.737305 0.000000 2737.985107 0.000000 0.347088 0.000000 -0.937833 0.944449 0.944449 0.944449
1780.557007 0.000000 2740.891602 0.000000 0.997713 0.000000 0.067596 0.684750 0.684750 0.684750
1786.273926 0.000000 2731.078857 0.000000 0.153705 0.000000 -0.988117 0.959919 0.959919 0.959919
1780.505005 0.000000 2736.071045 0.000000 0.999998 0.000000 0.002139 0.699189 0.699189 0.699189
1776.245972 0.000000 2747.743652 0.000000 0.862797 0.000000 0.505550 0.628679 0.628679 0.628679
1790.397217 0.000000 2729.545166 0.000000 0.068693 0.000000 0.997638 0.534628 0.534628 0.534628
1778.471924 0.000000 2745.959717 0.000000 0.838872 0.000000 0.544329 0.605446 0.605446 0.605446
1786.795532 0.000000 2736.195068 0.000000 0.338493 0.000000 0.940969 0.554369 0.554369 0.554369
1788.507935 0.000000 2737.353027 0.000000 0.381332 0.000000 0.924438 0.489739 0.489739 0.489739
1788.350830 0.000000 2739.122803 0.000000 0.984239 0.000000 -0.176846 0.727340 0.727340 0.727340
1783.761108 0.000000 2734.764893 0.000000 0.304386 0.000000 0.952549 0.265697 0.265697 0.265697
1782.597534 0.000000 2731.724609 0.000000 0.920285 0.000000 0.391249 0.580574 0.580574 0.580574
1789.817749 0.000000 2734.521973 0.000000 0.451545 0.000000 -0.892248 1.044819 1.044819 1.044819
1778.722900 0.000000 2738.083984 0.000000 0.990022 0.000000 -0.140911 0.758063 0.758063 0.758063
1781.816772 0.000000 2734.494873 0.000000 0.593549 0.000000 -0.804798 1.044896 1.044896 1.044896
1789.817139 0.000000 2730.955811 0.000000 0.996775 0.000000 -0.080244 0.716425 0.716425 0.716425
1777.578003 0.000000 2740.332520 0.000000 0.934818 0.000000 0.355126 0.591507 0.591507 0.591507
1776.014282 0.000000 2744.265137 0.000000 0.542322 0.000000 0.840171 0.292048 0.292048 0.292048
1791.214966 0.000000 2732.679199 0.000000 0.968229 0.000000 -0.250067 0.812634 0.812634 0.812634
1791.160400 0.000000 2739.549805 0.000000 0.578996 0.000000 -0.815330 0.988213 0.988213 0.988213
1781.423096 0.000000 2732.573486 0.000000 0.019290 0.000000 0.999814 0.192971 0.192971 0.192971
1781.634155 0.000000 2737.075439 0.000000 0.912767 0.000000 0.408480 0.540426 0.540426 0.540426
1789.796387 0.000000 2739.905518 0.000000 0.682410 0.000000 0.730970 0.573934 0.573934 0.573934
1784.092651 0.000000 2732.508789 0.000000 0.982315 0.000000 -0.187238 0.762540 0.762540 0.762540
1785.142944 0.000000 2730.166016 0.000000 0.084797 0.000000 0.996398 0.250766 0.250766 0.250766
1787.044067 0.000000 2734.837158 0.000000 0.922696 0.000000 -0.385529 0.850782 0.850782 0.850782
1787.265747 0.000000 2732.180664 0.000000 0.644017 0.000000 -0.765011 1.050117 1.050117 1.050117
1778.572998 0.000000 2743.233643 0.000000 0.593923 0.000000 -0.804522 0.956501 0.956501 0.956501
1779.362305 0.000000 2736.883789 0.000000 0.879068 0.000000 -0.476697 0.845017 0.845017 0.845017
1778.911133 0.000000 2744.569580 0.000000 0.472770 0.000000 0.881186 0.522854 0.522854 0.522854
1779.850220 0.000000 2734.911621 0.000000 0.426219 0.000000 0.904620 0.490584 0.490584 0.490584
1774.498291 0.000000 2723.769287 0.000000 0.943973 0.000000 0.330022 0.627118 0.627118 0.627118
1791.127808 0.000000 2737.656738 0.000000 0.411858 0.000000 -0.911248 1.194806 1.194806 1.194806
1781.511963 0.000000 2738.411621 0.000000 0.094139 0.000000 -0.995559 1.228969 1.228969 1.228969
1776.812622 0.000000 2743.176270 0.000000 0.183739 0.000000 -0.982975 1.259520 1.259520 1.259520
1780.383911 0.000000 2739.346191 0.000000 0.542502 0.000000 -0.840054 1.057317 1.057317 1.057317
1789.699463 0.000000 2736.849365 0.000000 0.534772 0.000000 0.844997 0.520577 0.520577 0.520577
1783.841309 0.000000 2736.038818 0.000000 0.999696 0.000000 0.024659 0.695044 0.695044 0.695044
1784.678589 0.000000 2733.865479 0.000000 0.042422 0.000000 -0.999100 1.207479 1.207479 1.207479
1788.487427 0.000000 2734.400146 0.000000 0.509907 0.000000 0.860230 0.376009 0.376009 0.376009
1788.434570 0.000000 2732.652344 0.000000 0.872379 0.000000 -0.488831 0.925822 0.925822 0.925822
1786.149658 0.000000 2733.956055 0.000000 0.558868 0.000000 0.829257 0.306988 0.306988 0.306988
1782.324341 0.000000 2730.402588 0.000000 0.999453 0.000000 0.033072 0.690173 0.690173 0.690173
1785.188721 0.000000 2731.656494 0.000000 0.999845 0.000000 -0.017606 0.705323 0.705323 0.705323
1790.029419 0.000000 2749.003662 0.000000 0.811086 0.000000 0.584927 0.561332 0.561332 0.561332
1776.695312 0.000000 2745.281738 0.000000 0.784789 0.000000 -0.619763 0.973348 0.973348 0.973348
1781.806885 0.000000 2740.873779 0.000000 0.214074 0.000000 -0.976817 1.005481 1.005481 1.005481
1775.666626 0.000000 2722.112549 0.000000 0.228104 0.000000 -0.973637 0.990523 0.990523 0.990523
1790.792969 0.000000 2735.203613 0.000000 0.304939 0.000000 0.952372 0.265897 0.265897 0.265897
1791.222656 0.000000 2748.958984 0.000000 0.570335 0.000000 0.821412 0.486073 0.486073 0.486073
1791.331665 0.000000 2747.020264 0.000000 0.126574 0.000000 -0.991957 1.075972 1.075972 1.075972
1778.618286 0.000000 2740.833008 0.000000 0.925282 0.000000 0.379280 0.556553 0.556553 0.556553
1790.343872 0.000000 2731.921143 0.000000 0.991513 0.000000 0.130005 0.641901 0.641901 0.641901
1790.481323 0.000000 2733.592773 0.000000 0.956199 0.000000 0.292717 0.567617 0.567617 0.567617
1781.512085 0.000000 2735.540771 0.000000 0.653199 0.000000 -0.757186 1.016746 1.016746 1.016746
1776.554565 0.000000 2740.766113 0.000000 0.594855 0.000000 -0.803833 0.979027 0.979027 0.979027
1778.070801 0.000000 2739.272705 0.000000 0.999667 0.000000 0.025793 0.689406 0.689406 0.689406
1786.552002 0.000000 2732.987061 0.000000 0.994221 0.000000 0.107355 0.656766 0.656766 0.656766
1789.888794 0.000000 2735.767090 0.000000 0.709182 0.000000 0.705025 0.455233 0.455233 0.455233
1779.496216 0.000000 2738.741455 0.000000 0.878864 0.000000 -0.477073 0.904241 0.904241 0.904241
1778.362793 0.000000 2736.581299 0.000000 0.367339 0.000000 -0.930087 1.048654 1.048654 1.048654
1791.755737 0.000000 2735.611816 0.000000 0.272005 0.000000 0.962296 0.254055 0.254055 0.254055
1788.994751 0.000000 2733.551514 0.000000 0.673102 0.000000 -0.739550 1.068037 1.068037 1.068037
1787.634399 0.000000 2735.695801 0.000000 0.662005 0.000000 -0.749499 1.022801 1.022801 1.022801
1781.812866 0.000000 2733.478760 0.000000 0.543763 0.000000 0.839239 0.374547 0.374547 0.374547
1782.826538 0.000000 2734.391113 0.000000 0.138045 0.000000 -0.990426 1.193107 1.193107 1.193107
1786.117676 0.000000 2732.052490 0.000000 0.999978 0.000000 -0.006609 0.702657 0.702657 0.702657
1776.085693 0.000000 2742.134277 0.000000 0.748128 0.000000 0.663555 0.407097 0.407097 0.407097
1777.813477 0.000000 2745.230957 0.000000 0.906732 0.000000 0.421707 0.521980 0.521980 0.521980
1779.608887 0.000000 2741.190186 0.000000 0.876749 0.000000 -0.480949 0.885010 0.885010 0.885010
1784.523315 0.000000 2735.344971 0.000000 0.350121 0.000000 -0.936704 1.181237 1.181237 1.181237
1780.832275 0.000000 2734.818115 0.000000 0.932624 0.000000 -0.360849 0.836131 0.836131 0.836131
1790.673218 0.000000 2730.450928 0.000000 0.993961 0.000000 -0.109731 0.748999 0.748999 0.748999
1779.894287 0.000000 2740.228760 0.000000 0.131611 0.000000 0.991301 0.169456 0.169456 0.169456
1785.903687 0.000000 2735.826416 0.000000 0.994428 0.000000 -0.105420 0.741898 0.741898 0.741898
1780.695801 0.000000 2736.944092 0.000000 0.741413 0.000000 0.671049 0.421033 0.421033 0.421033
1777.672729 0.000000 2743.376953 0.000000 0.757715 0.000000 -0.652586 0.987022 0.987022 0.987022
1790.263428 0.000000 2737.516602 0.000000 0.304815 0.000000 -0.952412 1.244337 1.244337 1.244337
1720.437134 0.000000 2803.682373 0.000000 0.950201 0.000000 0.311637 0.669539 0.669539 0.669539
1704.118530 0.000000 2813.268799 0.000000 0.919652 0.000000 0.392733 0.677429 0.677429 0.677429
1695.111572 0.000000 2807.261963 0.000000 0.866333 0.000000 -0.499467 0.859942 0.859942 0.859942
1709.440308 0.000000 2803.783447 0.000000 0.991006 0.000000 0.133820 0.699062 0.699062 0.699062
1724.348022 0.000000 2812.048828 0.000000 0.959429 0.000000 0.281950 0.676024 0.676024 0.676024
1692.301147 0.000000 2814.301514 0.000000 0.751693 0.000000 -0.659513 0.706293 0.706293 0.706293
1714.972656 0.000000 2805.893555 0.000000 0.993320 0.000000 -0.115390 0.722636 0.722636 0.722636
1708.743652 0.000000 2809.549805 0.000000 0.488322 0.000000 0.872663 0.579520 0.579520 0.579520
1698.047852 0.000000 2812.481201 0.000000 0.435427 0.000000 0.900224 0.574701 0.574701 0.574701
1689.501465 0.000000 2807.119873 0.000000 0.965724 0.000000 -0.259572 0.716520 0.716520 0.716520
1701.780884 0.000000 2808.752930 0.000000 0.704346 0.000000 0.709857 0.393782 0.393782 0.393782
1727.385986 0.000000 2798.178467 0.000000 0.754442 0.000000 -0.656367 0.920221 0.920221 0.920221
1705.490112 0.000000 2806.888184 0.000000 0.584610 0.000000 -0.811314 1.029127 1.029127 1.029127
1708.337891 0.000000 2814.093506 0.000000 0.236777 0.000000 -0.971564 1.225979 1.225979 1.225979
1692.507202 0.000000 2810.024902 0.000000 0.333475 0.000000 0.942759 0.644076 0.644076 0.644076
1711.428589 0.000000 2806.864502 0.000000 0.086339 0.000000 -0.996266 0.767445 0.767445 0.767445
1698.704590 0.000000 2807.024902 0.000000 0.029005 0.000000 -0.999579 0.848192 0.848192 0.848192
1706.154053 0.000000 2802.852783 0.000000 0.134692 0.000000 0.990888 0.637275 0.637275 0.637275
1696.000366 0.000000 2815.077393 0.000000 0.665838 0.000000 0.746097 0.457156 0.457156 0.457156
1711.505127 0.000000 2813.529297 0.000000 0.806197 0.000000 0.591647 0.494210 0.494210 0.494210
1705.038940 0.000000 2810.260498 0.000000 0.177495 0.000000 0.984122 0.510206 0.510206 0.510206
1718.166748 0.000000 2806.103271 0.000000 0.483003 0.000000 0.875619 0.604927 0.604927 0.604927
1716.164307 0.000000 2809.143799 0.000000 0.824104 0.000000 -0.566438 0.728414 0.728414 0.728414
1701.130615 0.000000 2812.757812 0.000000 0.958508 0.000000 -0.285066 0.799016 0.799016 0.799016
1726.751343 0.000000 2813.983154 0.000000 0.671103 0.000000 -0.741364 0.726269 0.726269 0.726269
1724.688477 0.000000 2799.651855 0.000000 0.970848 0.000000 0.239698 0.678003 0.678003 0.678003
1706.374268 0.000000 2778.764404 0.000000 0.911581 0.000000 0.411121 0.660758 0.660758 0.660758
1696.936768 0.000000 2809.734131 0.000000 0.766790 0.000000 0.641898 0.452743 0.452743 0.452743
1711.676758 0.000000 2809.953369 0.000000 0.939522 0.000000 -0.342489 0.730545 0.730545 0.730545
1695.316040 0.000000 2804.292725 0.000000 0.020521 0.000000 0.999789 0.575375 0.575375 0.575375
1708.423828 0.000000 2806.596191 0.000000 0.978558 0.000000 -0.205972 0.719578 0.719578 0.719578
1701.235229 0.000000 2806.106689 0.000000 0.675746 0.000000 0.737135 0.600058 0.600058 0.600058
1692.071777 0.000000 2806.348389 0.000000 0.950132 0.000000 0.311847 0.583613 0.583613 0.583613
1707.108032 0.000000 2811.815674 0.000000 0.021705 0.000000 0.999764 0.518620 0.518620 0.518620
1699.774902 0.000000 2810.525146 0.000000 0.283094 0.000000 0.959092 0.284951 0.284951 0.284951
1713.622070 0.000000 2808.267578 0.000000 0.685416 0.000000 -0.728151 0.791223 0.791223 0.791223
1723.594727 0.000000 2814.493652 0.000000 0.402328 0.000000 0.915495 0.532216 0.532216 0.532216
1709.696655 0.000000 2811.834961 0.000000 0.990342 0.000000 0.138649 0.678852 0.678852 0.678852
1726.677979 0.000000 2769.920654 0.000000 0.635282 0.000000 0.772280 0.547331 0.547331 0.547331
1717.980225 0.000000 2803.674805 0.000000 0.997502 0.000000 -0.070635 0.710378 0.710378 0.710378
1724.324097 0.000000 2769.969727 0.000000 0.979882 0.000000 -0.199579 0.758991 0.758991 0.758991
1702.759644 0.000000 2811.046631 0.000000 0.047440 0.000000 0.998874 0.103676 0.103676 0.103676
1699.250000 0.000000 2814.574219 0.000000 0.767633 0.000000 0.640890 0.467798 0.467798 0.467798
1690.292847 0.000000 2809.431152 0.000000 0.920042 0.000000 0.391819 0.652156 0.652156 0.652156
1704.800781 0.000000 2804.640869 0.000000 0.172067 0.000000 -0.985085 0.849016 0.849016 0.849016
1726.883423 0.000000 2800.334473 0.000000 0.901633 0.000000 -0.432501 0.800049 0.800049 0.800049
1706.967163 0.000000 2804.944092 0.000000 0.350083 0.000000 0.936719 0.432873 0.432873 0.432873
1706.750244 0.000000 2808.697021 0.000000 0.628356 0.000000 0.777926 0.424283 0.424283 0.424283
1703.339233 0.000000 2807.183105 0.000000 0.084585 0.000000 0.996416 0.367571 0.367571 0.367571
1694.579712 0.000000 2809.381592 0.000000 0.930300 0.000000 0.366800 0.542480 0.542480 0.542480
1710.179810 0.000000 2814.985596 0.000000 0.924204 0.000000 0.381899 0.617825 0.617825 0.617825
1693.270508 0.000000 2807.921875 0.000000 0.965320 0.000000 -0.261071 0.796934 0.796934 0.796934
1710.387207 0.000000 2808.498291 0.000000 0.635045 0.000000 -0.772475 0.777132 0.777132 0.777132
1713.412842 0.000000 2813.689453 0.000000 0.968229 0.000000 0.250063 0.675707 0.675707 0.675707
1693.849609 0.000000 2805.619141 0.000000 0.319328 0.000000 -0.947644 0.837157 0.837157 0.837157
1698.705078 0.000000 2808.958252 0.000000 0.944577 0.000000 -0.328289 0.812818 0.812818 0.812818
1696.956909 0.000000 2807.770996 0.000000 0.740566 0.000000 -0.671984 0.815899 0.815899 0.815899
1716.564819 0.000000 2804.875977 0.000000 0.763393 0.000000 0.645935 0.407918 0.407918 0.407918
1716.118896 0.000000 2807.310303 0.000000 0.858138 0.000000 -0.513418 0.806472 0.806472 0.806472
1704.630615 0.000000 2808.511475 0.000000 0.981844 0.000000 0.189688 0.643969 0.643969 0.643969
1714.479736 0.000000 2809.944092 0.000000 0.774589 0.000000 0.632464 0.594697 0.594697 0.594697
1696.333618 0.000000 2811.413330 0.000000 0.449892 0.000000 -0.893083 0.964355 0.964355 0.964355
1697.536011 0.000000 2814.220215 0.000000 0.436340 0.000000 0.899782 0.377257 0.377257 0.377257
1691.471558 0.000000 2808.123535 0.000000 0.918901 0.000000 -0.394488 0.748189 0.748189 0.748189
1700.268799 0.000000 2807.811768 0.000000 0.486946 0.000000 0.873432 0.571916 0.571916 0.571916
1705.499878 0.000000 2777.254639 0.000000 0.888787 0.000000 0.458320 0.634270 0.634270 0.634270
1707.483887 0.000000 2777.474609 0.000000 0.469863 0.000000 0.882739 0.579021 0.579021 0.579021
1705.291870 0.000000 2811.903809 0.000000 0.172418 0.000000 -0.985024 0.890497 0.890497 0.890497
1702.423584 0.000000 2813.801270 0.000000 0.927491 0.000000 -0.373846 0.795082 0.795082 0.795082
1719.275635 0.000000 2804.871338 0.000000 0.361187 0.000000 0.932493 0.328425 0.328425 0.328425
1703.270020 0.000000 2809.514404 0.000000 0.124734 0.000000 0.992190 0.159319 0.159319 0.159319
1724.081177 0.000000 2768.353027 0.000000 0.715396 0.000000 -0.698720 0.927126 0.927126 0.927126
1698.153076 0.000000 2810.748779 0.000000 0.708339 0.000000 0.705873 0.446642 0.446642 0.446642
1700.922485 0.000000 2814.276611 0.000000 0.551234 0.000000 0.834350 0.406787 0.406787 0.406787
1709.761597 0.000000 2813.415771 0.000000 0.962690 0.000000 0.270606 0.620028 0.620028 0.620028
1710.131836 0.000000 2810.182129 0.000000 0.984964 0.000000 0.172761 0.651147 0.651147 0.651147
1701.160522 0.000000 2811.107666 0.000000 0.993814 0.000000 -0.111059 0.724894 0.724894 0.724894
1707.007568 0.000000 2807.209229 0.000000 0.817272 0.000000 0.576252 0.505741 0.505741 0.505741
1726.909668 0.000000 2768.472900 0.000000 0.858378 0.000000 -0.513017 0.793200 0.793200 0.793200
1708.405518 0.000000 2812.588379 0.000000 0.989885 0.000000 -0.141871 0.741545 0.741545 0.741545
1708.385864 0.000000 2811.060547 0.000000 0.936355 0.000000 -0.351054 0.754536 0.754536 0.754536
1695.887817 0.000000 2808.730713 0.000000 0.999744 0.000000 0.022641 0.690503 0.690503 0.690503
1700.497925 0.000000 2809.347656 0.000000 0.970467 0.000000 -0.241234 0.794522 0.794522 0.794522
1714.580811 0.000000 2807.218018 0.000000 0.497556 0.000000 -0.867432 1.142233 1.142233 1.142233
1702.433472 0.000000 2812.356201 0.000000 0.983006 0.000000 0.183571 0.654186 0.654186 0.654186
1690.839355 0.000000 2806.927002 0.000000 0.036229 0.000000 0.999344 0.297734 0.297734 0.297734
1704.255859 0.000000 2806.166992 0.000000 0.095285 0.000000 -0.995450 1.213087 1.213087 1.213087
1703.987305 0.000000 2811.654297 0.000000 0.929293 0.000000 -0.369343 0.848089 0.848089 0.848089
1725.507812 0.000000 2769.144287 0.000000 0.536895 0.000000 0.843649 0.405219 0.405219 0.405219
1727.135620 0.000000 2801.641113 0.000000 0.989032 0.000000 0.147702 0.666839 0.666839 0.666839
1710.991089 0.000000 2811.342529 0.000000 0.135707 0.000000 0.990749 0.296340 0.296340 0.296340
1712.820435 0.000000 2807.160645 0.000000 0.521415 0.000000 -0.853303 0.930463 0.930463 0.930463
1724.719482 0.000000 2815.101807 0.000000 0.107647 0.000000 0.994189 0.255150 0.255150 0.255150
1716.814331 0.000000 2806.253174 0.000000 0.622273 0.000000 0.782801 0.522438 0.522438 0.522438
1719.217896 0.000000 2803.403564 0.000000 0.898521 0.000000 0.438931 0.579294 0.579294 0.579294
1706.035767 0.000000 2804.113770 0.000000 0.866284 0.000000 0.499552 0.584820 0.584820 0.584820
1701.969482 0.000000 2809.972900 0.000000 0.815286 0.000000 0.579059 0.460404 0.460404 0.460404
1702.945557 0.000000 2808.342773 0.000000 0.805347 0.000000 -0.592804 0.937306 0.937306 0.937306
1717.814697 0.000000 2804.858154 0.000000 0.960671 0.000000 -0.277690 0.817037 0.817037 0.817037
1693.979004 0.000000 2806.810547 0.000000 0.976377 0.000000 0.216075 0.620072 0.620072 0.620072
1710.767456 0.000000 2812.531738 0.000000 0.646969 0.000000 -0.762517 0.981882 0.981882 0.981882
1693.419434 0.000000 2809.130127 0.000000 0.839455 0.000000 -0.543429 0.828514 0.828514 0.828514
1705.670532 0.000000 2809.230469 0.000000 0.303244 0.000000 0.952913 0.329278 0.329278 0.329278
1725.849854 0.000000 2814.762939 0.000000 0.988624 0.000000 -0.150407 0.745910 0.745910 0.745910
1705.793579 0.000000 2808.019287 0.000000 0.116174 0.000000 0.993229 0.273009 0.273009 0.273009
1707.360107 0.000000 2806.103027 0.000000 0.113235 0.000000 0.993568 0.239032 0.239032 0.239032
1690.321655 0.000000 2807.998291 0.000000 0.623297 0.000000 -0.781985 0.935359 0.935359 0.935359
1726.800781 0.000000 2799.187988 0.000000 0.360771 0.000000 0.932654 0.330387 0.330387 0.330387
1700.259399 0.000000 2815.229492 0.000000 0.891610 0.000000 0.452805 0.560395 0.560395 0.560395
1703.851685 0.000000 2810.532471 0.000000 0.498725 0.000000 0.866760 0.289489 0.289489 0.289489
1697.579224 0.000000 2808.706055 0.000000 0.999100 0.000000 -0.042418 0.715053 0.715053 0.715053
1694.375854 0.000000 2808.156982 0.000000 0.067299 0.000000 0.997733 0.069424 0.069424 0.069424
1704.429688 0.000000 2807.343018 0.000000 0.028181 0.000000 0.999603 0.163527 0.163527 0.163527
1698.240967 0.000000 2815.086426 0.000000 0.016151 0.000000 0.999870 0.181078 0.181078 0.181078
1709.088623 0.000000 2814.994873 0.000000 0.001111 0.000000 -0.999999 1.319953 1.319953 1.319953
1707.727539 0.000000 2809.185791 0.000000 0.056588 0.000000 -0.998398 1.168369 1.168369 1.168369
1694.805054 0.000000 2806.131348 0.000000 0.131252 0.000000 0.991349 0.259864 0.259864 0.259864
1692.254639 0.000000 2807.436523 0.000000 0.990862 0.000000 0.134883 0.650348 0.650348 0.650348
1698.690918 0.000000 2811.648926 0.000000 0.933310 0.000000 0.359071 0.581260 0.581260 0.581260
1693.090576 0.000000 2806.312012 0.000000 0.624747 0.000000 -0.780827 1.028821 1.028821 1.028821
1714.027466 0.000000 2806.331299 0.000000 0.759124 0.000000 -0.650946 0.998536 0.998536 0.998536
1698.899292 0.000000 2809.968018 0.000000 0.873638 0.000000 -0.486576 0.871396 0.871396 0.871396
1727.763550 0.000000 2799.596191 0.000000 0.050185 0.000000 -0.998740 1.167695 1.167695 1.167695
1706.401978 0.000000 2806.335938 0.000000 0.701769 0.000000 -0.712404 0.950810 0.950810 0.950810
1704.271729 0.000000 2809.595947 0.000000 0.608889 0.000000 -0.793256 0.968972 0.968972 0.968972
1717.045776 0.000000 2804.027100 0.000000 0.799637 0.000000 -0.600484 0.967900 0.967900 0.967900
1697.949829 0.000000 2809.805664 0.000000 0.683356 0.000000 0.730086 0.409648 0.409648 0.409648
1699.715210 0.000000 2808.805420 0.000000 0.540156 0.000000 0.841565 0.362657 0.362657 0.362657
1715.752197 0.000000 2806.426514 0.000000 0.347706 0.000000 -0.937604 1.212002 1.212002 1.212002
1701.185425 0.000000 2808.029785 0.000000 0.357813 0.000000 -0.933793 1.167446 1.167446 1.167446
1703.835449 0.000000 2808.054688 0.000000 0.913845 0.000000 0.406064 0.543622 0.543622 0.543622
1695.989868 0.000000 2809.678467 0.000000 0.999459 0.000000 0.032889 0.686203 0.686203 0.686203
1717.285034 0.000000 2805.538574 0.000000 0.136882 0.000000 -0.990587 1.296221 1.296221 1.296221
1695.061523 0.000000 2808.651855 0.000000 0.896392 0.000000 0.443261 0.507388 0.507388 0.507388
1784.429321 0.000000 2803.682373 0.000000 0.797033 0.000000 -0.603936 0.869978 0.869978 0.869978
1729.765015 0.000000 2794.339600 0.000000 0.854025 0.000000 -0.520232 0.709561 0.709561 0.709561
1768.110718 0.000000 2813.268799 0.000000 0.361422 0.000000 -0.932402 0.838524 0.838524 0.838524
1759.103760 0.000000 2807.261963 0.000000 0.358283 0.000000 -0.933613 0.862065 0.862065 0.862065
1778.151001 0.000000 2811.720703 0.000000 0.564161 0.000000 -0.825665 0.730556 0.730556 0.730556
1736.350342 0.000000 2801.196289 0.000000 0.991242 0.000000 0.132061 0.698380 0.698380 0.698380
1728.290039 0.000000 2802.444824 0.000000 0.952968 0.000000 0.303070 0.693543 0.693543 0.693543
1756.561646 0.000000 2766.638916 0.000000 0.933807 0.000000 0.357778 0.629664 0.629664 0.629664
1789.059082 0.000000 2787.479980 0.000000 0.994472 0.000000 0.105003 0.673159 0.673159 0.673159
1780.462646 0.000000 2797.647461 0.000000 0.770736 0.000000 0.637154 0.631188 0.631188 0.631188
1756.293335 0.000000 2814.301514 0.000000 0.499366 0.000000 0.866391 0.249489 0.249489 0.249489
1727.891113 0.000000 2812.399658 0.000000 0.012465 0.000000 0.999922 0.650980 0.650980 0.650980
1778.964844 0.000000 2805.893555 0.000000 0.967270 0.000000 0.253748 0.616159 0.616159 0.616159
1789.956299 0.000000 2802.414307 0.000000 0.477885 0.000000 0.878422 0.358864 0.358864 0.358864
1738.150879 0.000000 2813.026123 0.000000 0.506719 0.000000 -0.862111 0.821704 0.821704 0.821704
1784.483154 0.000000 2790.924316 0.000000 0.581637 0.000000 0.813448 0.542271 0.542271 0.542271
1762.040039 0.000000 2812.481201 0.000000 0.085073 0.000000 0.996375 0.580573 0.580573 0.580573
1753.493652 0.000000 2807.119873 0.000000 0.769565 0.000000 0.638568 0.454281 0.454281 0.454281
1783.443359 0.000000 2809.078613 0.000000 0.641170 0.000000 -0.767399 1.034794 1.034794 1.034794
1733.366821 0.000000 2815.265869 0.000000 0.681014 0.000000 -0.732270 1.066155 1.066155 1.066155
1791.147949 0.000000 2807.397949 0.000000 0.299296 0.000000 -0.954160 1.213627 1.213627 1.213627
1765.773071 0.000000 2808.752930 0.000000 0.565422 0.000000 0.824802 0.508477 0.508477 0.508477
1732.700562 0.000000 2804.749023 0.000000 0.795551 0.000000 0.605887 0.424733 0.424733 0.424733
1732.046631 0.000000 2798.689209 0.000000 0.916573 0.000000 -0.399867 0.763264 0.763264 0.763264
1776.031738 0.000000 2799.527100 0.000000 0.195918 0.000000 0.980620 0.087876 0.087876 0.087876
1785.458618 0.000000 2799.022949 0.000000 0.248147 0.000000 -0.968722 1.152145 1.152145 1.152145
1762.222412 0.000000 2803.322998 0.000000 0.296576 0.000000 -0.955009 1.057242 1.057242 1.057242
1729.089111 0.000000 2807.874023 0.000000 0.961532 0.000000 0.274692 0.692706 0.692706 0.692706
1737.050049 0.000000 2806.154785 0.000000 0.986381 0.000000 0.164479 0.695957 0.695957 0.695957
1791.378174 0.000000 2798.178467 0.000000 0.915011 0.000000 0.403430 0.685486 0.685486 0.685486
1756.457520 0.000000 2803.737793 0.000000 0.075744 0.000000 0.997127 0.274146 0.274146 0.274146
1786.973389 0.000000 2806.889404 0.000000 0.834644 0.000000 0.550790 0.492045 0.492045 0.492045
1780.298096 0.000000 2801.873779 0.000000 0.608154 0.000000 -0.793819 1.079827 1.079827 1.079827
1790.099365 0.000000 2791.473389 0.000000 0.279935 0.000000 0.960019 0.619027 0.619027 0.619027
1749.559814 0.000000 2805.674316 0.000000 0.100620 0.000000 -0.994925 0.728259 0.728259 0.728259
1784.077271 0.000000 2795.086182 0.000000 0.563504 0.000000 0.826113 0.633741 0.633741 0.633741
1781.778198 0.000000 2813.394287 0.000000 0.835901 0.000000 -0.548880 0.719292 0.719292 0.719292
1750.272461 0.000000 2814.035645 0.000000 0.885100 0.000000 -0.465402 0.716074 0.716074 0.716074
1756.499390 0.000000 2810.024902 0.000000 0.511014 0.000000 0.859572 0.307717 0.307717 0.307717
1727.996704 0.000000 2797.763428 0.000000 0.543269 0.000000 -0.839558 0.785329 0.785329 0.785329
1775.420776 0.000000 2806.864502 0.000000 0.976710 0.000000 -0.214562 0.729099 0.729099 0.729099
1790.975098 0.000000 2758.230957 0.000000 0.142542 0.000000 -0.989789 0.827252 0.827252 0.827252
1762.696777 0.000000 2807.024902 0.000000 0.955379 0.000000 0.295382 0.636069 0.636069 0.636069
1785.308838 0.000000 2813.662598 0.000000 0.999829 0.000000 -0.018485 0.701002 0.701002 0.701002
1731.274292 0.000000 2812.629639 0.000000 0.834274 0.000000 0.551350 0.684692 0.684692 0.684692
1777.064331 0.000000 2802.884766 0.000000 0.103923 0.000000 0.994585 0.338595 0.338595 0.338595
1759.992554 0.000000 2815.077393 0.000000 0.991747 0.000000 0.128207 0.664277 0.664277 0.664277
1754.734985 0.000000 2800.829346 0.000000 0.997619 0.000000 0.068966 0.696502 0.696502 0.696502
1769.031128 0.000000 2810.260498 0.000000 0.791460 0.000000 0.611221 0.671270 0.671270 0.671270
1735.042114 0.000000 2812.624756 0.000000 0.153414 0.000000 -0.988162 1.214994 1.214994 1.214994
1782.158936 0.000000 2806.103271 0.000000 0.943663 0.000000 -0.330909 0.837331 0.837331 0.837331
1780.156494 0.000000 2809.143799 0.000000 0.623710 0.000000 0.781656 0.483597 0.483597 0.483597
1763.941040 0.000000 2800.302490 0.000000 0.418674 0.000000 0.908136 0.610442 0.610442 0.610442
1789.376221 0.000000 2784.410400 0.000000 0.996855 0.000000 -0.079250 0.704436 0.704436 0.704436
1758.649536 0.000000 2812.297852 0.000000 0.302066 0.000000 -0.953287 0.954016 0.954016 0.954016
1733.197998 0.000000 2801.621338 0.000000 0.870992 0.000000 0.491298 0.500750 0.500750 0.500750
1765.122803 0.000000 2812.757812 0.000000 0.395933 0.000000 0.918279 0.399015 0.399015 0.399015
1788.680664 0.000000 2799.651855 0.000000 0.884828 0.000000 -0.465917 0.732186 0.732186 0.732186
1781.423706 0.000000 2790.580811 0.000000 0.031146 0.000000 0.999515 0.632734 0.632734 0.632734
1727.860596 0.000000 2769.905518 0.000000 0.714517 0.000000 0.699618 0.565940 0.565940 0.565940
1760.928955 0.000000 2809.734131 0.000000 0.090732 0.000000 0.995875 0.368951 0.368951 0.368951
1786.936401 0.000000 2802.054443 0.000000 0.802912 0.000000 0.596097 0.583929 0.583929 0.583929
1782.547974 0.000000 2799.853027 0.000000 0.995142 0.000000 -0.098448 0.724470 0.724470 0.724470
1787.229858 0.000000 2789.948730 0.000000 0.083715 0.000000 -0.996490 0.848122 0.848122 0.848122
1786.343628 0.000000 2809.756348 0.000000 0.990603 0.000000 -0.136768 0.730929 0.730929 0.730929
1759.308228 0.000000 2804.292725 0.000000 0.857275 0.000000 -0.514859 0.905101 0.905101 0.905101
1753.457153 0.000000 2804.019287 0.000000 0.999626 0.000000 -0.027343 0.709032 0.709032 0.709032
1750.911133 0.000000 2808.403320 0.000000 0.711784 0.000000 0.702398 0.638757 0.638757 0.638757
1729.423462 0.000000 2805.047852 0.000000 0.696630 0.000000 0.717431 0.631485 0.631485 0.631485
1786.410767 0.000000 2786.521729 0.000000 0.981128 0.000000 -0.193360 0.713602 0.713602 0.713602
1741.488647 0.000000 2814.192139 0.000000 0.501629 0.000000 -0.865083 0.771244 0.771244 0.771244
1734.315063 0.000000 2807.208252 0.000000 0.979061 0.000000 0.203566 0.674564 0.674564 0.674564
1735.329834 0.000000 2803.936523 0.000000 0.997610 0.000000 -0.069102 0.719821 0.719821 0.719821
1789.011963 0.000000 2809.117188 0.000000 0.565102 0.000000 -0.825021 0.849211 0.849211 0.849211
1788.667480 0.000000 2804.790283 0.000000 0.881379 0.000000 0.472410 0.506534 0.506534 0.506534
1765.227417 0.000000 2806.106689 0.000000 0.883770 0.000000 0.467922 0.678726 0.678726 0.678726
1786.205078 0.000000 2793.214111 0.000000 0.226648 0.000000 0.973977 0.613215 0.613215 0.613215
1778.657715 0.000000 2799.576904 0.000000 0.053774 0.000000 0.998553 0.023975 0.023975 0.023975
1756.063965 0.000000 2806.348389 0.000000 0.995873 0.000000 0.090759 0.662517 0.662517 0.662517
1731.634766 0.000000 2807.210205 0.000000 0.594905 0.000000 0.803796 0.575996 0.575996 0.575996
1729.755005 0.000000 2800.225830 0.000000 0.213273 0.000000 -0.976993 0.880082 0.880082 0.880082
1782.379761 0.000000 2793.088135 0.000000 0.444561 0.000000 0.895748 0.360498 0.360498 0.360498
1753.601318 0.000000 2814.428223 0.000000 0.631434 0.000000 -0.775430 0.762032 0.762032 0.762032
1763.767090 0.000000 2810.525146 0.000000 0.979032 0.000000 0.203708 0.657696 0.657696 0.657696
1761.339355 0.000000 2800.908447 0.000000 0.606705 0.000000 -0.794927 0.778686 0.778686 0.778686
1783.778809 0.000000 2811.629150 0.000000 0.484474 0.000000 -0.874805 0.928932 0.928932 0.928932
1777.614258 0.000000 2808.267578 0.000000 0.225765 0.000000 0.974182 0.498147 0.498147 0.498147
1730.755859 0.000000 2802.564941 0.000000 0.053881 0.000000 -0.998547 0.893515 0.893515 0.893515
1782.933472 0.000000 2797.355957 0.000000 0.180182 0.000000 0.983633 0.624717 0.624717 0.624717
1787.515503 0.000000 2797.518066 0.000000 0.952306 0.000000 -0.305145 0.721134 0.721134 0.721134
1784.649780 0.000000 2806.188477 0.000000 0.888844 0.000000 -0.458211 0.883832 0.883832 0.883832
1730.281006 0.000000 2796.795166 0.000000 0.914105 0.000000 0.405477 0.616094 0.616094 0.616094
1791.421021 0.000000 2809.846680 0.000000 0.322805 0.000000 -0.946465 0.990871 0.990871 0.990871
1764.542969 0.000000 2802.719971 0.000000 0.057796 0.000000 -0.998328 0.816338 0.816338 0.816338
1781.972412 0.000000 2803.674805 0.000000 0.805329 0.000000 -0.592829 0.906266 0.906266 0.906266
1791.689209 0.000000 2787.686279 0.000000 0.366710 0.000000 -0.930335 1.073919 1.073919 1.073919
1769.713501 0.000000 2815.259277 0.000000 0.826922 0.000000 -0.562317 0.790796 0.790796 0.790796
1755.965210 0.000000 2768.906738 0.000000 0.859870 0.000000 0.510513 0.667229 0.667229 0.667229
1766.751831 0.000000 2811.046631 0.000000 0.763496 0.000000 -0.645813 0.830057 0.830057 0.830057
1763.242188 0.000000 2814.574219 0.000000 0.999862 0.000000 -0.016602 0.705019 0.705019 0.705019
1780.500000 0.000000 2811.409668 0.000000 0.744551 0.000000 -0.667566 0.803467 0.803467 0.803467
1784.492310 0.000000 2801.176270 0.000000 0.103246 0.000000 -0.994656 1.151325 1.151325 1.151325
1755.134399 0.000000 2812.225342 0.000000 0.867859 0.000000 -0.496811 0.773597 0.773597 0.773597
1754.285034 0.000000 2809.431152 0.000000 0.388290 0.000000 -0.921537 0.851567 0.851567 0.851567
1758.233887 0.000000 2802.245605 0.000000 0.189429 0.000000 -0.981894 0.994269 0.994269 0.994269
1790.896118 0.000000 2805.158936 0.000000 0.918245 0.000000 -0.396012 0.879314 0.879314 0.879314
1736.367798 0.000000 2814.426514 0.000000 0.376061 0.000000 -0.926595 1.228190 1.228190 1.228190
1775.051636 0.000000 2801.791016 0.000000 0.483863 0.000000 -0.875144 0.860171 0.860171 0.860171
1790.875610 0.000000 2800.334473 0.000000 0.866757 0.000000 0.498730 0.572254 0.572254 0.572254
1761.279175 0.000000 2805.296875 0.000000 0.877459 0.000000 -0.479652 0.889711 0.889711 0.889711
1751.877075 0.000000 2805.622803 0.000000 0.553987 0.000000 0.832525 0.581388 0.581388 0.581388
1786.547119 0.000000 2804.248779 0.000000 0.635298 0.000000 -0.772267 1.008414 1.008414 1.008414
1779.067261 0.000000 2803.673584 0.000000 0.169977 0.000000 -0.985448 1.106136 1.106136 1.106136
1758.571899 0.000000 2809.381592 0.000000 0.153411 0.000000 0.988162 0.462310 0.462310 0.462310
1785.468262 0.000000 2796.857666 0.000000 0.600543 0.000000 0.799592 0.619033 0.619033 0.619033
1790.274780 0.000000 2789.349365 0.000000 0.126591 0.000000 -0.991955 1.091107 1.091107 1.091107
1790.460205 0.000000 2811.807373 0.000000 0.675708 0.000000 0.737170 0.615986 0.615986 0.615986
1791.104370 0.000000 2785.592773 0.000000 0.046358 0.000000 -0.998925 0.827875 0.827875 0.827875
1763.455933 0.000000 2805.041504 0.000000 0.480867 0.000000 0.876794 0.470182 0.470182 0.470182
1778.418335 0.000000 2797.533203 0.000000 0.055635 0.000000 -0.998451 0.962134 0.962134 0.962134
1789.183838 0.000000 2806.856934 0.000000 0.403376 0.000000 -0.915034 1.075626 1.075626 1.075626
1786.186035 0.000000 2811.829590 0.000000 0.373733 0.000000 0.927536 0.571305 0.571305 0.571305
1757.262695 0.000000 2807.921875 0.000000 0.980885 0.000000 0.194586 0.619232 0.619232 0.619232
1785.385742 0.000000 2808.061035 0.000000 0.987951 0.000000 0.154769 0.647045 0.647045 0.647045
1760.326172 0.000000 2802.616699 0.000000 0.938152 0.000000 0.346222 0.594967 0.594967 0.594967
1777.044312 0.000000 2805.827881 0.000000 0.999634 0.000000 0.027048 0.694327 0.694327 0.694327
1754.356323 0.000000 2767.646240 0.000000 0.746317 0.000000 0.665591 0.605817 0.605817 0.605817
1781.790527 0.000000 2808.006592 0.000000 0.696277 0.000000 0.717773 0.506922 0.506922 0.506922
1782.072144 0.000000 2810.400635 0.000000 0.291809 0.000000 0.956477 0.426004 0.426004 0.426004
1757.841797 0.000000 2805.619141 0.000000 0.405431 0.000000 0.914126 0.347275 0.347275 0.347275
1762.697266 0.000000 2808.958252 0.000000 0.676762 0.000000 0.736202 0.378983 0.378983 0.378983
1777.424194 0.000000 2800.988770 0.000000 0.441045 0.000000 -0.897485 1.196451 1.196451 1.196451
1782.737305 0.000000 2801.969482 0.000000 0.892659 0.000000 0.450733 0.551279 0.551279 0.551279
1760.949097 0.000000 2807.770996 0.000000 0.814925 0.000000 0.579567 0.495814 0.495814 0.495814
1780.557007 0.000000 2804.875977 0.000000 0.012261 0.000000 0.999925 0.264213 0.264213 0.264213
1753.253418 0.000000 2802.105225 0.000000 0.986040 0.000000 0.166508 0.683921 0.683921 0.683921
1780.505005 0.000000 2800.055420 0.000000 0.968888 0.000000 -0.247499 0.803585 0.803585 0.803585
1731.591553 0.000000 2814.748779 0.000000 0.433686 0.000000 0.901064 0.537223 0.537223 0.537223
1731.542480 0.000000 2800.666992 0.000000 0.947481 0.000000 -0.319812 0.785903 0.785903 0.785903
1752.362061 0.000000 2809.631592 0.000000 0.988012 0.000000 0.154380 0.683747 0.683747 0.683747
1736.722168 0.000000 2811.835205 0.000000 0.896090 0.000000 -0.443872 0.748224 0.748224 0.748224
1783.547607 0.000000 2814.057129 0.000000 0.657604 0.000000 0.753364 0.571776 0.571776 0.571776
1780.111084 0.000000 2807.310303 0.000000 0.264651 0.000000 -0.964344 1.162235 1.162235 1.162235
1778.471924 0.000000 2809.944092 0.000000 0.139704 0.000000 0.990193 0.499988 0.499988 0.499988
1774.127563 0.000000 2799.291260 0.000000 0.166361 0.000000 0.986065 0.501306 0.501306 0.501306
1755.023560 0.000000 2804.876953 0.000000 0.525810 0.000000 0.850602 0.356939 0.356939 0.356939
1784.462402 0.000000 2792.830811 0.000000 0.097087 0.000000 -0.995276 1.070823 1.070823 1.070823
1761.528198 0.000000 2814.220215 0.000000 0.849371 0.000000 0.527796 0.514412 0.514412 0.514412
1787.384399 0.000000 2788.093750 0.000000 0.927902 0.000000 0.372825 0.661943 0.661943 0.661943
1731.109863 0.000000 2805.516357 0.000000 0.928029 0.000000 0.372508 0.581261 0.581261 0.581261
1786.795532 0.000000 2800.179443 0.000000 0.415025 0.000000 0.909810 0.490296 0.490296 0.490296
1755.463745 0.000000 2808.123535 0.000000 0.914062 0.000000 0.405574 0.645995 0.645995 0.645995
1729.969971 0.000000 2798.486816 0.000000 0.233943 0.000000 -0.972250 1.250456 1.250456 1.250456
1734.844116 0.000000 2802.228027 0.000000 0.994716 0.000000 -0.102664 0.729476 0.729476 0.729476
1754.909058 0.000000 2802.835205 0.000000 0.949570 0.000000 0.313556 0.625870 0.625870 0.625870
1756.843140 0.000000 2811.945068 0.000000 0.989993 0.000000 -0.141114 0.753693 0.753693 0.753693
1739.232666 0.000000 2814.348633 0.000000 0.306055 0.000000 -0.952014 1.050042 1.050042 1.050042
1784.694092 0.000000 2810.203613 0.000000 0.276109 0.000000 -0.961126 0.948185 0.948185 0.948185
1788.507935 0.000000 2801.337402 0.000000 0.604530 0.000000 -0.796582 0.822406 0.822406 0.822406
1734.867798 0.000000 2805.596924 0.000000 0.677563 0.000000 -0.735465 0.955609 0.955609 0.955609
1733.552490 0.000000 2813.510010 0.000000 0.323382 0.000000 -0.946269 0.932149 0.932149 0.932149
1788.350830 0.000000 2803.107178 0.000000 0.608672 0.000000 -0.793422 0.991474 0.991474 0.991474
1783.385620 0.000000 2807.358887 0.000000 0.980538 0.000000 -0.196328 0.780465 0.780465 0.780465
1757.919800 0.000000 2813.796631 0.000000 0.998329 0.000000 0.057786 0.675447 0.675447 0.675447
1766.415771 0.000000 2813.801270 0.000000 0.464646 0.000000 -0.885496 1.104829 1.104829 1.104829
1728.127686 0.000000 2800.545410 0.000000 0.955432 0.000000 0.295210 0.660198 0.660198 0.660198
1783.267822 0.000000 2804.871338 0.000000 0.966983 0.000000 -0.254841 0.785561 0.785561 0.785561
1790.907959 0.000000 2751.455078 0.000000 0.882753 0.000000 -0.469838 0.758123 0.758123 0.758123
1787.866089 0.000000 2810.485352 0.000000 0.598794 0.000000 0.800903 0.599364 0.599364 0.599364
1782.845215 0.000000 2791.463867 0.000000 0.947621 0.000000 0.319398 0.640346 0.640346 0.640346
1783.761108 0.000000 2798.749268 0.000000 0.464404 0.000000 0.885624 0.430046 0.430046 0.430046
1787.436768 0.000000 2808.532227 0.000000 0.919125 0.000000 -0.393967 0.791290 0.791290 0.791290
1732.508301 0.000000 2803.069336 0.000000 0.420191 0.000000 -0.907436 1.157067 1.157067 1.157067
1750.730835 0.000000 2806.831299 0.000000 0.996747 0.000000 -0.080590 0.722417 0.722417 0.722417
1734.969238 0.000000 2815.172363 0.000000 0.723218 0.000000 0.690620 0.360273 0.360273 0.360273
1788.750122 0.000000 2789.062012 0.000000 0.344148 0.000000 -0.938915 1.083601 1.083601 1.083601
1727.887817 0.000000 2814.178223 0.000000 0.399944 0.000000 0.916540 0.527786 0.527786 0.527786
1759.803955 0.000000 2805.806396 0.000000 0.972309 0.000000 0.233699 0.610548 0.610548 0.610548
1778.722900 0.000000 2802.068359 0.000000 0.646889 0.000000 0.762584 0.448398 0.448398 0.448398
1762.145264 0.000000 2810.748779 0.000000 0.552680 0.000000 -0.833394 0.903167 0.903167 0.903167
1781.816772 0.000000 2798.479248 0.000000 0.863830 0.000000 -0.503783 0.830097 0.830097 0.830097
1753.626099 0.000000 2805.571045 0.000000 0.999998 0.000000 -0.001959 0.700647 0.700647 0.700647
1777.383179 0.000000 2798.691406 0.000000 0.826887 0.000000 -0.562368 0.966153 0.966153 0.966153
1757.989502 0.000000 2810.788574 0.000000 0.916220 0.000000 -0.400676 0.856337 0.856337 0.856337
1733.009277 0.000000 2806.266602 0.000000 0.168101 0.000000 -0.985770 0.981741 0.981741 0.981741
1764.914673 0.000000 2814.276611 0.000000 0.960914 0.000000 0.276847 0.656371 0.656371 0.656371
1785.393921 0.000000 2802.400391 0.000000 0.806205 0.000000 0.591636 0.534044 0.534044 0.534044
1779.942139 0.000000 2796.224609 0.000000 0.746830 0.000000 0.665015 0.574132 0.574132 0.574132
1777.578003 0.000000 2804.316895 0.000000 0.999468 0.000000 -0.032614 0.706841 0.706841 0.706841
1765.152710 0.000000 2811.107666 0.000000 0.661992 0.000000 0.749511 0.349058 0.349058 0.349058
1776.014282 0.000000 2808.249512 0.000000 0.975586 0.000000 -0.219620 0.733278 0.733278 0.733278
1728.527222 0.000000 2799.136719 0.000000 0.365490 0.000000 -0.930815 1.193529 1.193529 1.193529
1790.434937 0.000000 2808.751953 0.000000 0.999181 0.000000 -0.040468 0.709479 0.709479 0.709479
1754.883301 0.000000 2813.714844 0.000000 0.426559 0.000000 -0.904460 0.859972 0.859972 0.859972
1728.802490 0.000000 2796.476074 0.000000 0.919152 0.000000 0.393904 0.632075 0.632075 0.632075
1782.182617 0.000000 2811.936279 0.000000 0.395531 0.000000 0.918453 0.449762 0.449762 0.449762
1791.160400 0.000000 2803.534180 0.000000 0.681433 0.000000 0.731881 0.334100 0.334100 0.334100
1737.816772 0.000000 2814.761475 0.000000 0.874202 0.000000 0.485563 0.474060 0.474060 0.474060
1733.942993 0.000000 2803.466064 0.000000 0.978786 0.000000 0.204884 0.617061 0.617061 0.617061
1767.718140 0.000000 2814.691650 0.000000 0.994534 0.000000 -0.104417 0.740401 0.740401 0.740401
1757.926880 0.000000 2803.777832 0.000000 0.762473 0.000000 -0.647020 0.900445 0.900445 0.900445
1752.100830 0.000000 2807.595947 0.000000 0.959073 0.000000 0.283160 0.598153 0.598153 0.598153
1790.367554 0.000000 2786.896484 0.000000 0.894423 0.000000 -0.447222 0.845040 0.845040 0.845040
1759.880005 0.000000 2808.730713 0.000000 0.984796 0.000000 -0.173716 0.729293 0.729293 0.729293
1786.067627 0.000000 2805.631104 0.000000 0.751137 0.000000 0.660147 0.447993 0.447993 0.447993
1781.634155 0.000000 2801.059814 0.000000 0.770997 0.000000 0.636838 0.414056 0.414056 0.414056
1789.796387 0.000000 2803.889893 0.000000 0.183778 0.000000 -0.982968 1.140821 1.140821 1.140821
1760.795654 0.000000 2803.941406 0.000000 0.700135 0.000000 -0.714010 0.936248 0.936248 0.936248
1731.616699 0.000000 2797.274170 0.000000 0.505229 0.000000 0.862985 0.490758 0.490758 0.490758
1757.117798 0.000000 2767.975830 0.000000 0.203785 0.000000 -0.979016 0.962510 0.962510 0.962510
1787.415161 0.000000 2805.364990 0.000000 0.929743 0.000000 0.368208 0.568204 0.568204 0.568204
1787.044067 0.000000 2798.821533 0.000000 0.961616 0.000000 -0.274399 0.772865 0.772865 0.772865
1764.490112 0.000000 2809.347656 0.000000 0.998344 0.000000 0.057533 0.688632 0.688632 0.688632
1778.572998 0.000000 2807.218018 0.000000 0.786583 0.000000 -0.617485 0.923313 0.923313 0.923313
1763.589111 0.000000 2803.702637 0.000000 0.820469 0.000000 -0.571692 0.871227 0.871227 0.871227
1783.553345 0.000000 2793.827148 0.000000 0.966444 0.000000 0.256879 0.620549 0.620549 0.620549
1766.425659 0.000000 2812.356201 0.000000 0.589661 0.000000 0.807651 0.350040 0.350040 0.350040
1779.362305 0.000000 2800.868164 0.000000 0.869396 0.000000 -0.494115 0.930311 0.930311 0.930311
1754.831543 0.000000 2806.927002 0.000000 0.387615 0.000000 0.921822 0.314697 0.314697 0.314697
1763.917725 0.000000 2806.349365 0.000000 0.728948 0.000000 0.684569 0.539241 0.539241 0.539241
1779.850220 0.000000 2798.895996 0.000000 0.829258 0.000000 -0.558866 0.964268 0.964268 0.964268
1732.232178 0.000000 2813.540771 0.000000 0.956789 0.000000 0.290784 0.644829 0.644829 0.644829
1730.883789 0.000000 2799.475098 0.000000 0.989013 0.000000 0.147826 0.638030 0.638030 0.638030
1784.954346 0.000000 2804.897217 0.000000 0.544975 0.000000 -0.838452 1.080592 1.080592 1.080592
1767.979492 0.000000 2811.654297 0.000000 0.939510 0.000000 -0.342521 0.764761 0.764761 0.764761
1759.465820 0.000000 2810.384277 0.000000 0.922722 0.000000 -0.385465 0.782293 0.782293 0.782293
1756.625000 0.000000 2805.051758 0.000000 0.992634 0.000000 -0.121151 0.737143 0.737143 0.737143
1776.936035 0.000000 2797.129639 0.000000 0.999985 0.000000 -0.005551 0.700941 0.700941 0.700941
1736.343018 0.000000 2813.100098 0.000000 0.652770 0.000000 0.757556 0.368024 0.368024 0.368024
1791.127808 0.000000 2801.641113 0.000000 0.748777 0.000000 0.662822 0.522723 0.522723 0.522723
1781.511963 0.000000 2802.395996 0.000000 0.923154 0.000000 -0.384431 0.828262 0.828262 0.828262
1776.344971 0.000000 2801.754395 0.000000 0.897362 0.000000 0.441295 0.496327 0.496327 0.496327
1776.812622 0.000000 2807.160645 0.000000 0.576773 0.000000 -0.816905 1.117683 1.117683 1.117683
1785.894775 0.000000 2801.116211 0.000000 0.631249 0.000000 -0.775580 0.973014 0.973014 0.973014
1780.383911 0.000000 2803.330566 0.000000 0.895720 0.000000 -0.444618 0.849766 0.849766 0.849766
1778.607910 0.000000 2796.190674 0.000000 0.087039 0.000000 0.996205 0.443313 0.443313 0.443313
1784.031128 0.000000 2802.423340 0.000000 0.344233 0.000000 -0.938884 1.019644 1.019644 1.019644
1735.188477 0.000000 2813.886719 0.000000 0.736969 0.000000 0.675926 0.430205 0.430205 0.430205
1783.393799 0.000000 2810.419922 0.000000 0.521462 0.000000 -0.853275 0.919732 0.919732 0.919732
1783.841309 0.000000 2800.023193 0.000000 0.885057 0.000000 -0.465483 0.853998 0.853998 0.853998
1790.378906 0.000000 2806.376221 0.000000 0.766800 0.000000 -0.641886 0.982573 0.982573 0.982573
1759.171753 0.000000 2814.050293 0.000000 0.800497 0.000000 -0.599337 0.878577 0.878577 0.878577
1731.924683 0.000000 2801.919922 0.000000 0.982425 0.000000 0.186657 0.650453 0.650453 0.650453
1780.806519 0.000000 2806.253174 0.000000 1.000000 0.000000 -0.000625 0.700222 0.700222 0.700222
1760.897461 0.000000 2806.530762 0.000000 0.887540 0.000000 -0.460730 0.858150 0.858150 0.858150
1783.210083 0.000000 2803.403564 0.000000 0.989720 0.000000 -0.143018 0.757432 0.757432 0.757432
1788.529053 0.000000 2807.927246 0.000000 0.743697 0.000000 -0.668517 0.938006 0.938006 0.938006
1756.087646 0.000000 2813.069092 0.000000 0.979832 0.000000 0.199822 0.614568 0.614568 0.614568
1761.625732 0.000000 2802.116943 0.000000 0.120929 0.000000 0.992661 0.269348 0.269348 0.269348
1762.430908 0.000000 2805.763672 0.000000 0.664271 0.000000 -0.747492 0.881480 0.881480 0.881480
1765.961670 0.000000 2809.972900 0.000000 0.999027 0.000000 0.044108 0.691287 0.691287 0.691287
1781.469238 0.000000 2809.319092 0.000000 0.732553 0.000000 -0.680710 0.880569 0.880569 0.880569
1776.235229 0.000000 2798.341553 0.000000 0.979238 0.000000 0.202715 0.609033 0.609033 0.609033
1790.507568 0.000000 2788.172119 0.000000 0.735364 0.000000 0.677672 0.498308 0.498308 0.498308
1781.806885 0.000000 2804.858154 0.000000 0.060050 0.000000 0.998195 0.277585 0.277585 0.277585
1757.971191 0.000000 2806.810547 0.000000 0.938737 0.000000 -0.344634 0.845113 0.845113 0.845113
1759.160278 0.000000 2803.093506 0.000000 0.897413 0.000000 0.441192 0.602581 0.602581 0.602581
1776.012207 0.000000 2803.461670 0.000000 0.500955 0.000000 -0.865474 0.957768 0.957768 0.957768
1734.083618 0.000000 2804.697510 0.000000 0.971068 0.000000 0.238802 0.625413 0.625413 0.625413
1757.411621 0.000000 2809.130127 0.000000 0.454285 0.000000 0.890857 0.256251 0.256251 0.256251
1766.042847 0.000000 2814.933594 0.000000 0.061581 0.000000 -0.998102 1.282868 1.282868 1.282868
1785.784180 0.000000 2806.912354 0.000000 0.995823 0.000000 -0.091306 0.735313 0.735313 0.735313
1785.072632 0.000000 2800.157959 0.000000 0.433967 0.000000 -0.900929 1.045070 1.045070 1.045070
1789.732910 0.000000 2805.347412 0.000000 0.717338 0.000000 -0.696726 1.003092 1.003092 1.003092
1788.169800 0.000000 2806.293213 0.000000 0.928944 0.000000 -0.370221 0.823275 0.823275 0.823275
1757.482056 0.000000 2814.855469 0.000000 0.548790 0.000000 0.835960 0.274445 0.274445 0.274445
1762.290771 0.000000 2804.611084 0.000000 0.955775 0.000000 -0.294098 0.764166 0.764166 0.764166
1755.239258 0.000000 2814.849609 0.000000 0.321376 0.000000 0.946952 0.428335 0.428335 0.428335
1754.313843 0.000000 2807.998291 0.000000 0.364869 0.000000 0.931059 0.306631 0.306631 0.306631
1757.120239 0.000000 2802.797607 0.000000 0.373960 0.000000 -0.927445 1.038273 1.038273 1.038273
1777.161133 0.000000 2799.835938 0.000000 0.903257 0.000000 -0.429099 0.897636 0.897636 0.897636
1784.239624 0.000000 2808.221436 0.000000 0.925729 0.000000 -0.378188 0.832167 0.832167 0.832167
1783.381226 0.000000 2792.518311 0.000000 0.941974 0.000000 -0.335687 0.804695 0.804695 0.804695
1778.618286 0.000000 2804.817383 0.000000 0.952325 0.000000 -0.305087 0.801317 0.801317 0.801317
1791.398682 0.000000 2789.023926 0.000000 0.655514 0.000000 0.755183 0.468149 0.468149 0.468149
1730.599976 0.000000 2801.328125 0.000000 0.646029 0.000000 0.763313 0.470835 0.470835 0.470835
1761.571411 0.000000 2808.706055 0.000000 0.999213 0.000000 -0.039660 0.708874 0.708874 0.708874
1790.023560 0.000000 2807.666992 0.000000 0.995035 0.000000 -0.099525 0.740418 0.740418 0.740418
1784.949463 0.000000 2809.103027 0.000000 0.110852 0.000000 -0.993837 1.197440 1.197440 1.197440
1787.685547 0.000000 2804.227783 0.000000 0.854092 0.000000 -0.520121 0.891183 0.891183 0.891183
1737.268921 0.000000 2813.786377 0.000000 0.996400 0.000000 0.084776 0.667219 0.667219 0.667219
1783.209106 0.000000 2800.942871 0.000000 0.551542 0.000000 -0.834147 1.013793 1.013793 1.013793
1752.736084 0.000000 2806.313965 0.000000 0.854482 0.000000 0.519481 0.506215 0.506215 0.506215
1776.185059 0.000000 2800.624268 0.000000 0.130184 0.000000 0.991490 0.058179 0.058179 0.058179
1785.645386 0.000000 2803.488281 0.000000 0.863229 0.000000 0.504813 0.561286 0.561286 0.561286
1734.130737 0.000000 2814.451172 0.000000 0.385729 0.000000 -0.922612 1.223530 1.223530 1.223530
1752.753052 0.000000 2804.869141 0.000000 0.465423 0.000000 0.885088 0.341076 0.341076 0.341076
1790.279785 0.000000 2809.920410 0.000000 0.761993 0.000000 0.647586 0.535044 0.535044 0.535044
1762.233154 0.000000 2815.086426 0.000000 0.390566 0.000000 0.920575 0.346407 0.346407 0.346407
1781.512085 0.000000 2799.525146 0.000000 0.810636 0.000000 -0.585550 0.854143 0.854143 0.854143
1731.050781 0.000000 2798.260254 0.000000 0.978840 0.000000 -0.204626 0.786075 0.786075 0.786075
1756.406616 0.000000 2808.646240 0.000000 0.966802 0.000000 0.255527 0.595689 0.595689 0.595689
1757.642212 0.000000 2812.740479 0.000000 0.959975 0.000000 -0.280085 0.820555 0.820555 0.820555
1730.409546 0.000000 2804.562012 0.000000 0.993533 0.000000 -0.113543 0.735396 0.735396 0.735396
1750.009033 0.000000 2807.644043 0.000000 0.999020 0.000000 -0.044258 0.712302 0.712302 0.712302
1783.579468 0.000000 2806.061523 0.000000 0.995373 0.000000 -0.096082 0.739184 0.739184 0.739184
1778.070801 0.000000 2803.257080 0.000000 0.393193 0.000000 -0.919456 1.038457 1.038457 1.038457
1763.314209 0.000000 2802.670166 0.000000 0.060379 0.000000 -0.998176 1.124962 1.124962 1.124962
1756.175293 0.000000 2811.088867 0.000000 0.999038 0.000000 -0.043842 0.716631 0.716631 0.716631
1755.107056 0.000000 2805.910156 0.000000 0.929275 0.000000 0.369389 0.572388 0.572388 0.572388
1732.607788 0.000000 2814.546143 0.000000 0.911325 0.000000 0.411688 0.510915 0.510915 0.510915
1733.527100 0.000000 2800.609131 0.000000 0.390473 0.000000 -0.920614 1.153782 1.153782 1.153782
1760.213379 0.000000 2804.813721 0.000000 0.821792 0.000000 -0.569788 0.929905 0.929905 0.929905
1782.412720 0.000000 2808.891602 0.000000 0.999997 0.000000 -0.002253 0.700862 0.700862 0.700862
1778.863159 0.000000 2798.534912 0.000000 0.179271 0.000000 0.983800 0.080324 0.080324 0.080324
1756.246826 0.000000 2807.436523 0.000000 0.563265 0.000000 0.826276 0.298927 0.298927 0.298927
1779.496216 0.000000 2802.725830 0.000000 0.651744 0.000000 0.758439 0.450250 0.450250 0.450250
1781.558228 0.000000 2807.015625 0.000000 0.177250 0.000000 0.984166 0.205960 0.205960 0.205960
1778.362793 0.000000 2800.565674 0.000000 0.560794 0.000000 0.827956 0.265305 0.265305 0.265305
1761.973755 0.000000 2807.757568 0.000000 0.463435 0.000000 0.886131 0.340334 0.340334 0.340334
1737.710205 0.000000 2812.075928 0.000000 0.460312 0.000000 0.887757 0.278078 0.278078 0.278078
1757.082764 0.000000 2806.312012 0.000000 0.881625 0.000000 0.471951 0.497290 0.497290 0.497290
1758.345703 0.000000 2804.737061 0.000000 0.449260 0.000000 0.893401 0.281009 0.281009 0.281009
1784.531982 0.000000 2807.244385 0.000000 0.167580 0.000000 -0.985859 1.241638 1.241638 1.241638
1778.019653 0.000000 2806.331299 0.000000 0.897919 0.000000 -0.440162 0.852930 0.852930 0.852930
1762.891479 0.000000 2809.968018 0.000000 0.236560 0.000000 0.971617 0.183243 0.183243 0.183243
1738.716797 0.000000 2815.287354 0.000000 0.085136 0.000000 -0.996369 1.112785 1.112785 1.112785
1761.259399 0.000000 2803.055176 0.000000 0.997178 0.000000 -0.075067 0.722323 0.722323 0.722323
1733.405640 0.000000 2802.613770 0.000000 0.823820 0.000000 -0.566851 0.942243 0.942243 0.942243
1788.954712 0.000000 2802.225586 0.000000 0.998192 0.000000 -0.060108 0.719129 0.719129 0.719129
1791.349976 0.000000 2786.715332 0.000000 0.457352 0.000000 -0.889286 1.042779 1.042779 1.042779
1756.959717 0.000000 2813.576904 0.000000 0.930989 0.000000 -0.365048 0.858690 0.858690 0.858690
1791.448608 0.000000 2806.428955 0.000000 0.295350 0.000000 0.955389 0.184697 0.184697 0.184697
1760.063843 0.000000 2807.070068 0.000000 0.272400 0.000000 0.962184 0.272300 0.272300 0.272300
1789.517822 0.000000 2788.412598 0.000000 0.872164 0.000000 0.489214 0.539198 0.539198 0.539198
1757.826172 0.000000 2811.758057 0.000000 0.705039 0.000000 -0.709168 0.998950 0.998950 0.998950
1760.419556 0.000000 2814.173828 0.000000 0.954876 0.000000 0.297003 0.599345 0.599345 0.599345
1767.365845 0.000000 2812.624023 0.000000 0.980120 0.000000 -0.198403 0.774346 0.774346 0.774346
1764.203613 0.000000 2811.436523 0.000000 0.742871 0.000000 -0.669435 1.003777 1.003777 1.003777
1788.360718 0.000000 2788.131836 0.000000 0.805622 0.000000 -0.592430 0.899457 0.899457 0.899457
1777.688477 0.000000 2801.987061 0.000000 0.799119 0.000000 -0.601172 0.987419 0.987419 0.987419
1776.085693 0.000000 2806.118652 0.000000 0.545537 0.000000 0.838087 0.265827 0.265827 0.265827
1760.953491 0.000000 2814.987549 0.000000 0.975818 0.000000 0.218583 0.626446 0.626446 0.626446
1779.608887 0.000000 2805.174561 0.000000 0.893061 0.000000 0.449935 0.547486 0.547486 0.547486
1784.523315 0.000000 2799.329346 0.000000 0.453774 0.000000 0.891117 0.323289 0.323289 0.323289
1779.577759 0.000000 2799.875977 0.000000 0.524022 0.000000 -0.851705 1.154203 1.154203 1.154203
1733.028076 0.000000 2803.869141 0.000000 0.903733 0.000000 -0.428097 0.877814 0.877814 0.877814
1763.707397 0.000000 2808.805420 0.000000 0.618358 0.000000 -0.785897 1.050775 1.050775 1.050775
1786.499878 0.000000 2807.717041 0.000000 0.299690 0.000000 0.954037 0.248509 0.248509 0.248509
1782.435669 0.000000 2802.861084 0.000000 0.999898 0.000000 -0.014278 0.705714 0.705714 0.705714
1787.913086 0.000000 2807.215820 0.000000 0.216404 0.000000 -0.976304 1.182235 1.182235 1.182235
1782.443604 0.000000 2807.317627 0.000000 0.527917 0.000000 0.849296 0.286847 0.286847 0.286847
1779.744385 0.000000 2806.426514 0.000000 0.495698 0.000000 0.868495 0.346963 0.346963 0.346963
1732.445435 0.000000 2800.964355 0.000000 0.767154 0.000000 0.641463 0.429821 0.429821 0.429821
1779.894287 0.000000 2804.213135 0.000000 0.996811 0.000000 -0.079801 0.726107 0.726107 0.726107
1791.298950 0.000000 2802.573730 0.000000 0.920464 0.000000 0.390828 0.521064 0.521064 0.521064
1733.411377 0.000000 2805.403320 0.000000 0.191865 0.000000 -0.981421 1.282665 1.282665 1.282665
1765.014771 0.000000 2810.115723 0.000000 0.778516 0.000000 -0.627625 0.981019 0.981019 0.981019
1729.474609 0.000000 2799.325439 0.000000 0.374487 0.000000 -0.927232 1.189535 1.189535 1.189535
1783.034424 0.000000 2808.208740 0.000000 0.761043 0.000000 0.648702 0.429846 0.429846 0.429846
1765.584595 0.000000 2811.965820 0.000000 0.943656 0.000000 -0.330928 0.839696 0.839696 0.839696
1782.779053 0.000000 2809.739502 0.000000 0.553514 0.000000 -0.832840 1.076681 1.076681 1.076681
1784.111816 0.000000 2805.298584 0.000000 0.202120 0.000000 -0.979361 1.223284 1.223284 1.223284
1731.816040 0.000000 2799.669678 0.000000 0.031567 0.000000 0.999502 0.057108 0.057108 0.057108
1788.965942 0.000000 2805.873535 0.000000 0.582839 0.000000 0.812588 0.327013 0.327013 0.327013
1759.142700 0.000000 2805.177490 0.000000 0.954952 0.000000 -0.296759 0.814260 0.814260 0.814260
1757.415161 0.000000 2810.055176 0.000000 0.992028 0.000000 -0.126017 0.747916 0.747916 0.747916
1728.843262 0.000000 2799.999756 0.000000 0.663345 0.000000 -0.748313 1.048716 1.048716 1.048716
1780.695801 0.000000 2800.928467 0.000000 0.467125 0.000000 0.884191 0.250717 0.250717 0.250717
1737.178223 0.000000 2812.787354 0.000000 0.784411 0.000000 0.620241 0.441602 0.441602 0.441602
1790.621094 0.000000 2804.268311 0.000000 0.317808 0.000000 0.948155 0.150665 0.150665 0.150665
1785.691650 0.000000 2804.387695 0.000000 0.954055 0.000000 0.299633 0.583535 0.583535 0.583535
1732.181274 0.000000 2804.041748 0.000000 0.641971 0.000000 -0.766729 1.069514 1.069514 1.069514
1777.672729 0.000000 2807.361328 0.000000 0.249220 0.000000 -0.968447 1.276232 1.276232 1.276232
1790.328491 0.000000 2803.209473 0.000000 0.644300 0.000000 0.764773 0.311991 0.311991 0.311991
1728.727905 0.000000 2798.271240 0.000000 0.819295 0.000000 -0.573372 0.951836 0.951836 0.951836
1756.001343 0.000000 2812.117920 0.000000 0.687519 0.000000 0.726166 0.354864 0.354864 0.354864
1791.718262 0.000000 2805.488770 0.000000 0.813728 0.000000 -0.581246 0.973156 0.973156 0.973156
1779.590942 0.000000 2798.079590 0.000000 0.634562 0.000000 -0.772872 1.093653 1.093653 1.093653
1735.596069 0.000000 2814.621826 0.000000 0.806015 0.000000 -0.591895 0.982268 0.982268 0.982268
1970.941406 0.000000 2677.924805 0.000000 0.894555 0.000000 0.446957 0.617404 0.617404 0.617404
1964.306641 0.000000 2686.124756 0.000000 0.948514 0.000000 0.316734 0.657759 0.657759 0.657759
1973.948975 0.000000 2675.706055 0.000000 0.267486 0.000000 0.963562 0.588678 0.588678 0.588678
1971.043823 0.000000 2675.704834 0.000000 0.764911 0.000000 -0.644136 0.769718 0.769718 0.769718
1972.533569 0.000000 2676.907227 0.000000 0.972369 0.000000 -0.233451 0.730883 0.730883 0.730883
1965.730347 0.000000 2685.447021 0.000000 0.846401 0.000000 0.532546 0.555726 0.555726 0.555726
1964.374268 0.000000 2684.619629 0.000000 0.788838 0.000000 -0.614601 0.870034 0.870034 0.870034
1812.747314 0.000000 2746.390137 0.000000 0.795662 0.000000 0.605742 0.573777 0.573777 0.573777
1793.757202 0.000000 2730.355225 0.000000 0.913873 0.000000 0.406000 0.513693 0.513693 0.513693
1797.342896 0.000000 2745.899658 0.000000 0.859585 0.000000 -0.510992 0.746865 0.746865 0.746865
1808.222168 0.000000 2732.701904 0.000000 0.333024 0.000000 0.942918 0.353564 0.353564 0.353564
1829.129272 0.000000 2720.474121 0.000000 0.567226 0.000000 0.823562 0.647577 0.647577 0.647577
1818.750977 0.000000 2729.149170 0.000000 0.829131 0.000000 -0.559055 0.712441 0.712441 0.712441
1803.153809 0.000000 2725.151855 0.000000 0.603113 0.000000 0.797656 0.575744 0.575744 0.575744
1815.452148 0.000000 2737.759277 0.000000 0.907270 0.000000 -0.420548 0.756890 0.756890 0.756890
1792.282227 0.000000 2738.460449 0.000000 0.288963 0.000000 -0.957340 0.778148 0.778148 0.778148
1805.208984 0.000000 2743.791748 0.000000 0.908365 0.000000 0.418178 0.559761 0.559761 0.559761
1811.406616 0.000000 2725.562988 0.000000 0.429183 0.000000 -0.903217 1.003363 1.003363 1.003363
1820.285522 0.000000 2750.317139 0.000000 0.834324 0.000000 0.551275 0.482655 0.482655 0.482655
1822.480103 0.000000 2736.010986 0.000000 0.129478 0.000000 0.991582 0.113262 0.113262 0.113262
1800.038208 0.000000 2730.836182 0.000000 0.839246 0.000000 0.543751 0.443805 0.443805 0.443805
1791.883301 0.000000 2748.415283 0.000000 0.999793 0.000000 0.020351 0.695483 0.695483 0.695483
1809.862671 0.000000 2739.787842 0.000000 0.609835 0.000000 -0.792528 0.755963 0.755963 0.755963
1825.448730 0.000000 2728.212402 0.000000 0.959987 0.000000 0.280043 0.573512 0.573512 0.573512
1802.143066 0.000000 2749.041748 0.000000 0.615813 0.000000 -0.787892 0.866501 0.866501 0.866501
1808.154053 0.000000 2749.485107 0.000000 0.676382 0.000000 -0.736551 1.034240 1.034240 1.034240
1817.485840 0.000000 2743.135498 0.000000 0.500335 0.000000 -0.865832 0.901233 0.901233 0.901233
1813.846069 0.000000 2731.966553 0.000000 0.678146 0.000000 -0.734927 0.839945 0.839945 0.839945
1797.359009 0.000000 2751.281494 0.000000 0.483330 0.000000 0.875438 0.612414 0.612414 0.612414
1796.038818 0.000000 2734.704834 0.000000 0.969850 0.000000 0.243704 0.675907 0.675907 0.675907
1805.765015 0.000000 2737.003174 0.000000 0.540498 0.000000 0.841345 0.292908 0.292908 0.292908
1807.149902 0.000000 2728.003662 0.000000 0.204230 0.000000 0.978923 0.439963 0.439963 0.439963
1826.214600 0.000000 2739.338623 0.000000 0.657840 0.000000 -0.753158 0.716395 0.716395 0.716395
1818.034424 0.000000 2733.729248 0.000000 0.736717 0.000000 0.676201 0.532591 0.532591 0.532591
1801.042236 0.000000 2742.170410 0.000000 0.762759 0.000000 0.646682 0.551297 0.551297 0.551297
1822.507690 0.000000 2731.537842 0.000000 0.206537 0.000000 -0.978439 1.307293 1.307293 1.307293
1811.554932 0.000000 2735.681641 0.000000 0.999895 0.000000 0.014507 0.694651 0.694651 0.694651
1803.839722 0.000000 2732.997803 0.000000 0.041558 0.000000 0.999136 0.606464 0.606464 0.606464
1820.449707 0.000000 2739.753418 0.000000 0.998305 0.000000 0.058192 0.685755 0.685755 0.685755
1816.977417 0.000000 2747.428467 0.000000 0.537982 0.000000 0.842956 0.505484 0.505484 0.505484
1824.867676 0.000000 2719.603027 0.000000 0.647878 0.000000 0.761744 0.675785 0.675785 0.675785
1827.795044 0.000000 2724.484375 0.000000 0.877178 0.000000 -0.480165 0.732385 0.732385 0.732385
1813.552002 0.000000 2741.689941 0.000000 0.986302 0.000000 -0.164948 0.754442 0.754442 0.754442
1814.790283 0.000000 2727.883057 0.000000 0.053417 0.000000 0.998572 0.267773 0.267773 0.267773
1845.770386 0.000000 2749.409912 0.000000 0.159171 0.000000 0.987251 0.581644 0.581644 0.581644
1809.157959 0.000000 2744.659912 0.000000 0.982035 0.000000 -0.188697 0.738815 0.738815 0.738815
1814.264648 0.000000 2750.051270 0.000000 0.999378 0.000000 0.035267 0.687363 0.687363 0.687363
1810.533691 0.000000 2729.702393 0.000000 0.999097 0.000000 0.042480 0.686707 0.686707 0.686707
1791.988892 0.000000 2733.779053 0.000000 0.543790 0.000000 0.839221 0.256216 0.256216 0.256216
1803.381714 0.000000 2728.924561 0.000000 0.062231 0.000000 -0.998062 1.224618 1.224618 1.224618
1807.563599 0.000000 2724.242188 0.000000 0.279268 0.000000 -0.960213 0.922797 0.922797 0.922797
1804.289551 0.000000 2740.233154 0.000000 0.212179 0.000000 0.977231 0.156936 0.156936 0.156936
1797.049927 0.000000 2729.018066 0.000000 0.963278 0.000000 -0.268507 0.821142 0.821142 0.821142
1825.526367 0.000000 2734.296875 0.000000 0.568507 0.000000 -0.822679 0.765846 0.765846 0.765846
1800.218872 0.000000 2727.269287 0.000000 0.921850 0.000000 -0.387548 0.780676 0.780676 0.780676
1805.402588 0.000000 2747.363770 0.000000 0.980318 0.000000 0.197424 0.662145 0.662145 0.662145
1795.266479 0.000000 2748.645264 0.000000 0.960588 0.000000 0.277977 0.621237 0.621237 0.621237
1800.687134 0.000000 2745.990479 0.000000 0.348986 0.000000 0.937128 0.233137 0.233137 0.233137
1799.364258 0.000000 2733.992188 0.000000 0.461325 0.000000 0.887231 0.238469 0.238469 0.238469
1813.999756 0.000000 2723.611816 0.000000 0.215712 0.000000 0.976457 0.532075 0.532075 0.532075
1818.727173 0.000000 2736.844971 0.000000 0.611070 0.000000 0.791577 0.494088 0.494088 0.494088
1799.034302 0.000000 2748.640381 0.000000 0.493004 0.000000 -0.870027 0.958181 0.958181 0.958181
1807.240112 0.000000 2741.462402 0.000000 0.960245 0.000000 -0.279159 0.788996 0.788996 0.788996
1811.254272 0.000000 2749.189453 0.000000 0.648504 0.000000 0.761211 0.471692 0.471692 0.471692
1826.532959 0.000000 2731.372559 0.000000 0.685491 0.000000 -0.728081 0.745606 0.745606 0.745606
1808.792480 0.000000 2736.926270 0.000000 0.798604 0.000000 0.601857 0.640182 0.640182 0.640182
1805.809082 0.000000 2730.725098 0.000000 0.319809 0.000000 0.947482 0.343101 0.343101 0.343101
1812.569946 0.000000 2738.511719 0.000000 0.940155 0.000000 0.340746 0.628905 0.628905 0.628905
1794.589478 0.000000 2727.285889 0.000000 0.969655 0.000000 0.244476 0.685757 0.685757 0.685757
1824.726318 0.000000 2725.261475 0.000000 0.573771 0.000000 -0.819016 0.750314 0.750314 0.750314
1814.863770 0.000000 2734.817383 0.000000 0.053078 0.000000 -0.998590 0.840572 0.840572 0.840572
1823.300415 0.000000 2740.308350 0.000000 0.969822 0.000000 -0.243814 0.714204 0.714204 0.714204
1802.927124 0.000000 2735.843750 0.000000 0.949106 0.000000 -0.314956 0.748715 0.748715 0.748715
1817.449341 0.000000 2740.034912 0.000000 0.632306 0.000000 0.774719 0.343769 0.343769 0.343769
1814.903320 0.000000 2744.418945 0.000000 0.704730 0.000000 -0.709476 0.861274 0.861274 0.861274
1825.828857 0.000000 2722.362305 0.000000 0.971373 0.000000 0.237559 0.660180 0.660180 0.660180
1816.166260 0.000000 2730.353027 0.000000 0.825883 0.000000 -0.563842 0.930308 0.930308 0.930308
1811.015259 0.000000 2732.908203 0.000000 0.463331 0.000000 0.886185 0.380262 0.380262 0.380262
1796.465820 0.000000 2731.864746 0.000000 0.388691 0.000000 -0.921368 1.222098 1.222098 1.222098
1805.480835 0.000000 2750.207764 0.000000 0.974967 0.000000 0.222351 0.638871 0.638871 0.638871
1817.307251 0.000000 2726.824951 0.000000 0.291533 0.000000 0.956561 0.615332 0.615332 0.615332
1811.905884 0.000000 2743.809570 0.000000 0.209962 0.000000 -0.977709 1.099071 1.099071 1.099071
1793.731201 0.000000 2746.504395 0.000000 0.967029 0.000000 0.254667 0.585248 0.585248 0.585248
1806.069580 0.000000 2734.385498 0.000000 0.746200 0.000000 0.665721 0.469579 0.469579 0.469579
1793.747192 0.000000 2736.241455 0.000000 0.484587 0.000000 -0.874743 0.874935 0.874935 0.874935
1820.957764 0.000000 2733.647217 0.000000 0.625179 0.000000 -0.780481 1.000451 1.000451 1.000451
1817.593506 0.000000 2750.443848 0.000000 0.622604 0.000000 -0.782537 1.026686 1.026686 1.026686
1825.331543 0.000000 2736.924072 0.000000 0.368341 0.000000 0.929691 0.510186 0.510186 0.510186
1827.321411 0.000000 2718.587402 0.000000 0.877318 0.000000 0.479909 0.676382 0.676382 0.676382
1822.504395 0.000000 2704.489258 0.000000 0.646870 0.000000 0.762600 0.615120 0.615120 0.615120
1802.664673 0.000000 2744.415771 0.000000 0.882851 0.000000 0.469654 0.491528 0.491528 0.491528
1807.997192 0.000000 2746.972412 0.000000 0.770307 0.000000 0.637673 0.557408 0.557408 0.557408
1791.990112 0.000000 2728.617432 0.000000 0.139284 0.000000 0.990252 0.542444 0.542444 0.542444
1819.958130 0.000000 2731.344971 0.000000 0.400399 0.000000 -0.916341 0.841762 0.841762 0.841762
1805.349976 0.000000 2726.294922 0.000000 0.336556 0.000000 0.941663 0.200162 0.200162 0.200162
1809.970703 0.000000 2723.545410 0.000000 0.912704 0.000000 0.408621 0.670575 0.670575 0.670575
1802.037598 0.000000 2739.137939 0.000000 0.098475 0.000000 -0.995140 1.222263 1.222263 1.222263
1809.042603 0.000000 2726.312988 0.000000 0.311026 0.000000 -0.950401 1.114361 1.114361 1.114361
1807.445679 0.000000 2739.044434 0.000000 0.998839 0.000000 -0.048167 0.714652 0.714652 0.714652
1812.965088 0.000000 2729.699951 0.000000 0.596082 0.000000 0.802923 0.467043 0.467043 0.467043
1794.273193 0.000000 2732.810791 0.000000 0.169107 0.000000 0.985598 0.195683 0.195683 0.195683
1821.296875 0.000000 2729.266357 0.000000 0.708085 0.000000 0.706127 0.646565 0.646565 0.646565
1809.726929 0.000000 2742.292969 0.000000 0.244790 0.000000 0.969576 0.424763 0.424763 0.424763
1793.537598 0.000000 2750.405029 0.000000 0.695508 0.000000 0.718518 0.393184 0.393184 0.393184
1801.373413 0.000000 2732.742920 0.000000 0.187437 0.000000 -0.982277 1.079247 1.079247 1.079247
1808.219116 0.000000 2730.250977 0.000000 0.979220 0.000000 0.202799 0.649322 0.649322 0.649322
1803.017578 0.000000 2746.893799 0.000000 0.673683 0.000000 0.739020 0.329404 0.329404 0.329404
1809.405396 0.000000 2734.653076 0.000000 0.996295 0.000000 0.086005 0.681490 0.681490 0.681490
1819.126587 0.000000 2748.240967 0.000000 0.486526 0.000000 -0.873666 0.885714 0.885714 0.885714
1815.169556 0.000000 2725.638184 0.000000 0.294947 0.000000 0.955514 0.393382 0.393382 0.393382
1823.716919 0.000000 2706.606445 0.000000 0.999997 0.000000 -0.002378 0.700744 0.700744 0.700744
1810.384399 0.000000 2746.739746 0.000000 0.751196 0.000000 0.660079 0.432907 0.432907 0.432907
1823.266235 0.000000 2733.837158 0.000000 0.999905 0.000000 0.013795 0.696793 0.696793 0.696793
1822.226074 0.000000 2738.261230 0.000000 0.227811 0.000000 -0.973705 1.056205 1.056205 1.056205
1800.359985 0.000000 2750.442139 0.000000 0.819698 0.000000 -0.572796 0.902516 0.902516 0.902516
1823.591187 0.000000 2729.565430 0.000000 0.577739 0.000000 -0.816222 1.075450 1.075450 1.075450
1803.352905 0.000000 2742.273438 0.000000 0.986634 0.000000 -0.162952 0.769509 0.769509 0.769509
1802.753418 0.000000 2731.018555 0.000000 0.774711 0.000000 -0.632316 0.868677 0.868677 0.868677
1812.314087 0.000000 2727.612549 0.000000 0.137014 0.000000 0.990569 0.189001 0.189001 0.189001
1814.757812 0.000000 2747.446289 0.000000 0.856823 0.000000 0.515611 0.486045 0.486045 0.486045
1815.869263 0.000000 2741.638428 0.000000 0.521918 0.000000 0.852996 0.262551 0.262551 0.262551
1829.288330 0.000000 2722.839355 0.000000 0.188622 0.000000 -0.982050 0.789299 0.789299 0.789299
1803.807251 0.000000 2737.910156 0.000000 0.308757 0.000000 0.951141 0.256296 0.256296 0.256296
1816.733276 0.000000 2736.036377 0.000000 0.839282 0.000000 0.543697 0.656803 0.656803 0.656803
1816.069092 0.000000 2732.729248 0.000000 0.231626 0.000000 0.972805 0.204640 0.204640 0.204640
1814.673462 0.000000 2739.801758 0.000000 0.848473 0.000000 -0.529238 0.806235 0.806235 0.806235
1813.593262 0.000000 2736.658203 0.000000 0.996248 0.000000 0.086543 0.670622 0.670622 0.670622
1791.889893 0.000000 2731.337402 0.000000 0.902212 0.000000 0.431293 0.501280 0.501280 0.501280
1806.985840 0.000000 2745.026367 0.000000 0.611804 0.000000 -0.791009 1.079514 1.079514 1.079514
1812.940063 0.000000 2733.894531 0.000000 0.345708 0.000000 0.938342 0.589333 0.589333 0.589333
1801.278931 0.000000 2729.086670 0.000000 0.355274 0.000000 0.934762 0.161858 0.161858 0.161858
1802.386841 0.000000 2727.118164 0.000000 0.296638 0.000000 -0.954990 1.228069 1.228069 1.228069
1811.816406 0.000000 2740.492432 0.000000 0.606744 0.000000 0.794897 0.594021 0.594021 0.594021
1826.700317 0.000000 2720.514648 0.000000 0.940757 0.000000 0.339082 0.625639 0.625639 0.625639
1817.871460 0.000000 2731.531738 0.000000 0.790587 0.000000 0.612350 0.446624 0.446624 0.446624
1810.747192 0.000000 2737.710938 0.000000 0.832594 0.000000 0.553884 0.514317 0.514317 0.514317
1798.502197 0.000000 2732.163574 0.000000 0.110231 0.000000 -0.993906 1.317600 1.317600 1.317600
1798.114502 0.000000 2727.196777 0.000000 0.222708 0.000000 0.974885 0.584722 0.584722 0.584722
1797.115234 0.000000 2747.871582 0.000000 0.940064 0.000000 0.340997 0.580200 0.580200 0.580200
1800.104492 0.000000 2744.080322 0.000000 0.173445 0.000000 -0.984843 1.236898 1.236898 1.236898
1799.274414 0.000000 2729.010986 0.000000 0.471987 0.000000 -0.881605 1.162091 1.162091 1.162091
1816.024170 0.000000 2749.161621 0.000000 0.987584 0.000000 -0.157091 0.769745 0.769745 0.769745
1820.421875 0.000000 2735.657959 0.000000 0.337054 0.000000 0.941485 0.290438 0.290438 0.290438
1807.312988 0.000000 2751.317871 0.000000 0.906435 0.000000 -0.422345 0.894310 0.894310 0.894310
1795.410522 0.000000 2745.263428 0.000000 0.999319 0.000000 0.036891 0.694196 0.694196 0.694196
1824.318359 0.000000 2738.632324 0.000000 0.962997 0.000000 0.269512 0.666141 0.666141 0.666141
1805.243164 0.000000 2728.411133 0.000000 0.810719 0.000000 -0.585435 0.965591 0.965591 0.965591
1804.068848 0.000000 2748.890625 0.000000 0.955175 0.000000 0.296041 0.609661 0.609661 0.609661
1820.340088 0.000000 2737.847900 0.000000 0.974540 0.000000 0.224212 0.630051 0.630051 0.630051
1809.748291 0.000000 2731.473389 0.000000 0.939739 0.000000 -0.341892 0.786589 0.786589 0.786589
1823.759399 0.000000 2727.250244 0.000000 0.701698 0.000000 0.712475 0.615462 0.615462 0.615462
1827.186523 0.000000 2729.030273 0.000000 0.872267 0.000000 -0.489030 0.790190 0.790190 0.790190
1812.995605 0.000000 2748.339600 0.000000 0.345266 0.000000 -0.938505 0.834129 0.834129 0.834129
1804.296143 0.000000 2745.484375 0.000000 0.927717 0.000000 0.373285 0.529524 0.529524 0.529524
1810.059937 0.000000 2727.897461 0.000000 0.931673 0.000000 -0.363298 0.820206 0.820206 0.820206
1807.989868 0.000000 2743.179932 0.000000 0.938936 0.000000 0.344091 0.556967 0.556967 0.556967
1805.550049 0.000000 2738.855957 0.000000 0.945820 0.000000 0.324690 0.552636 0.552636 0.552636
1821.833984 0.000000 2741.634766 0.000000 0.147241 0.000000 0.989101 0.553276 0.553276 0.553276
1807.682983 0.000000 2735.419678 0.000000 0.737720 0.000000 0.675107 0.465577 0.465577 0.465577
1817.245605 0.000000 2738.120850 0.000000 0.805727 0.000000 -0.592287 0.800808 0.800808 0.800808
1795.583740 0.000000 2750.764404 0.000000 0.912699 0.000000 -0.408634 0.821383 0.821383 0.821383
1816.997437 0.000000 2728.624512 0.000000 0.944110 0.000000 0.329630 0.656559 0.656559 0.656559
1811.848633 0.000000 2731.156250 0.000000 0.598394 0.000000 -0.801202 0.976085 0.976085 0.976085
1813.190552 0.000000 2725.955322 0.000000 0.745557 0.000000 -0.666442 0.982991 0.982991 0.982991
1805.169067 0.000000 2741.916748 0.000000 0.999908 0.000000 -0.013596 0.705441 0.705441 0.705441
1795.593750 0.000000 2730.119873 0.000000 0.736163 0.000000 -0.676805 1.031290 1.031290 1.031290
1824.347778 0.000000 2723.460205 0.000000 0.950520 0.000000 0.310663 0.647556 0.647556 0.647556
1800.714355 0.000000 2747.850830 0.000000 0.794217 0.000000 -0.607634 0.941957 0.941957 0.941957
1809.562256 0.000000 2748.386475 0.000000 0.993471 0.000000 -0.114082 0.746155 0.746155 0.746155
1847.539795 0.000000 2750.072754 0.000000 0.812853 0.000000 -0.582469 0.777147 0.777147 0.777147
1797.528931 0.000000 2733.674072 0.000000 0.628516 0.000000 0.777797 0.302872 0.302872 0.302872
1799.007080 0.000000 2746.654053 0.000000 0.885224 0.000000 0.465164 0.579937 0.579937 0.579937
1819.015747 0.000000 2740.892578 0.000000 0.600408 0.000000 0.799693 0.476491 0.476491 0.476491
1825.450684 0.000000 2729.971680 0.000000 0.597804 0.000000 0.801642 0.285544 0.285544 0.285544
1806.510498 0.000000 2748.792236 0.000000 0.896255 0.000000 -0.443539 0.875074 0.875074 0.875074
1805.763428 0.000000 2724.499268 0.000000 0.090914 0.000000 -0.995859 0.891364 0.891364 0.891364
1807.146240 0.000000 2726.025146 0.000000 0.469906 0.000000 0.882716 0.284154 0.284154 0.284154
1798.165405 0.000000 2730.382080 0.000000 0.164044 0.000000 0.986453 0.073435 0.073435 0.073435
1802.323975 0.000000 2740.883301 0.000000 0.075301 0.000000 -0.997161 1.342891 1.342891 1.342891
1793.962158 0.000000 2734.502441 0.000000 0.943114 0.000000 -0.332471 0.760414 0.760414 0.760414
1827.807617 0.000000 2721.956055 0.000000 0.894916 0.000000 0.446235 0.600573 0.600573 0.600573
1804.466309 0.000000 2735.028320 0.000000 0.958457 0.000000 -0.285236 0.785934 0.785934 0.785934
1796.348999 0.000000 2727.079834 0.000000 0.139415 0.000000 0.990234 0.527454 0.527454 0.527454
1818.901245 0.000000 2738.850830 0.000000 0.705632 0.000000 0.708578 0.417881 0.417881 0.417881
1803.224854 0.000000 2750.364258 0.000000 0.327727 0.000000 0.944773 0.198512 0.198512 0.198512
1806.575317 0.000000 2732.302246 0.000000 0.262617 0.000000 -0.964900 1.044387 1.044387 1.044387
1802.095581 0.000000 2737.400146 0.000000 0.977799 0.000000 0.209546 0.625475 0.625475 0.625475
1795.461304 0.000000 2746.947510 0.000000 0.992010 0.000000 -0.126158 0.756371 0.756371 0.756371
1824.431763 0.000000 2721.389648 0.000000 0.894919 0.000000 0.446229 0.633716 0.633716 0.633716
1797.544678 0.000000 2749.525635 0.000000 0.777626 0.000000 -0.628728 0.896055 0.896055 0.896055
1802.534546 0.000000 2734.205566 0.000000 0.327388 0.000000 -0.944890 0.888113 0.888113 0.888113
1811.542969 0.000000 2742.166504 0.000000 0.226429 0.000000 0.974028 0.305883 0.305883 0.305883
1804.026733 0.000000 2727.280273 0.000000 0.569088 0.000000 -0.822277 1.093098 1.093098 1.093098
1810.764282 0.000000 2745.113281 0.000000 0.994157 0.000000 -0.107944 0.729107 0.729107 0.729107
1792.119873 0.000000 2736.561035 0.000000 0.297142 0.000000 -0.954833 0.908478 0.908478 0.908478
1793.620239 0.000000 2748.693604 0.000000 0.963986 0.000000 0.265951 0.580040 0.580040 0.580040
1809.379272 0.000000 2750.610596 0.000000 0.941000 0.000000 0.338407 0.573909 0.573909 0.573909
1812.681030 0.000000 2750.369873 0.000000 0.951484 0.000000 0.307697 0.585762 0.585762 0.585762
1793.871704 0.000000 2728.740479 0.000000 0.796921 0.000000 -0.604083 0.871160 0.871160 0.871160
1814.500854 0.000000 2730.482178 0.000000 0.161081 0.000000 -0.986941 1.138301 1.138301 1.138301
1845.300781 0.000000 2750.975098 0.000000 0.617932 0.000000 0.786232 0.535574 0.535574 0.535574
1805.896606 0.000000 2740.439697 0.000000 0.807537 0.000000 -0.589816 0.952457 0.952457 0.952457
1814.295288 0.000000 2745.891357 0.000000 0.530416 0.000000 -0.847737 0.906861 0.906861 0.906861
1814.723022 0.000000 2742.846924 0.000000 0.748439 0.000000 -0.663204 0.977508 0.977508 0.977508
1798.961426 0.000000 2751.187988 0.000000 0.733310 0.000000 0.679895 0.596784 0.596784 0.596784
1823.497925 0.000000 2737.235840 0.000000 0.074700 0.000000 0.997206 0.090837 0.090837 0.090837
1798.599976 0.000000 2744.836426 0.000000 0.204807 0.000000 -0.978802 0.900309 0.900309 0.900309
1818.854126 0.000000 2735.169434 0.000000 0.507509 0.000000 0.861647 0.286208 0.286208 0.286208
1819.450684 0.000000 2732.910400 0.000000 0.581887 0.000000 -0.813270 0.914110 0.914110 0.914110
1808.640381 0.000000 2728.706543 0.000000 0.730053 0.000000 0.683390 0.504083 0.504083 0.504083
1816.485107 0.000000 2734.265381 0.000000 0.472603 0.000000 0.881276 0.490780 0.490780 0.490780
1791.880005 0.000000 2750.193848 0.000000 0.922383 0.000000 -0.386277 0.747129 0.747129 0.747129
1816.132812 0.000000 2739.202881 0.000000 0.852116 0.000000 -0.523353 0.787591 0.787591 0.787591
1804.230347 0.000000 2730.362549 0.000000 0.150570 0.000000 -0.988599 1.106877 1.106877 1.106877
1813.276611 0.000000 2744.544678 0.000000 0.080574 0.000000 -0.996749 1.267701 1.267701 1.267701
1817.618286 0.000000 2741.586670 0.000000 0.711075 0.000000 -0.703116 1.013424 1.013424 1.013424
1795.508057 0.000000 2728.528320 0.000000 0.611832 0.000000 0.790988 0.393849 0.393849 0.393849
1807.279663 0.000000 2737.190430 0.000000 0.616890 0.000000 0.787049 0.424501 0.424501 0.424501
1806.461670 0.000000 2742.837891 0.000000 0.371394 0.000000 -0.928475 1.184669 1.184669 1.184669
1811.666626 0.000000 2747.624268 0.000000 0.909185 0.000000 -0.416393 0.859115 0.859115 0.859115
1817.614990 0.000000 2748.783691 0.000000 0.770748 0.000000 0.637140 0.394578 0.394578 0.394578
1806.458740 0.000000 2729.335938 0.000000 0.574931 0.000000 0.818202 0.517461 0.517461 0.517461
1809.032959 0.000000 2724.751465 0.000000 0.593010 0.000000 0.805195 0.431738 0.431738 0.431738
1804.930054 0.000000 2731.967773 0.000000 0.259314 0.000000 0.965793 0.324984 0.324984 0.324984
1810.205566 0.000000 2736.283691 0.000000 0.534657 0.000000 -0.845069 1.018430 1.018430 1.018430
1812.116577 0.000000 2737.061768 0.000000 0.934940 0.000000 0.354806 0.577031 0.577031 0.577031
1792.519409 0.000000 2735.152344 0.000000 0.495825 0.000000 -0.868422 0.887525 0.887525 0.887525
1818.875488 0.000000 2749.730469 0.000000 0.558769 0.000000 0.829323 0.529105 0.529105 0.529105
1825.136353 0.000000 2726.686768 0.000000 0.687587 0.000000 -0.726102 0.886039 0.886039 0.886039
1805.818359 0.000000 2745.964600 0.000000 0.992781 0.000000 0.119938 0.646423 0.646423 0.646423
1792.794678 0.000000 2732.491699 0.000000 0.992174 0.000000 0.124866 0.644210 0.644210 0.644210
1801.808960 0.000000 2750.777100 0.000000 0.764885 0.000000 -0.644167 0.932407 0.932407 0.932407
1813.249756 0.000000 2740.145020 0.000000 0.648794 0.000000 -0.760964 0.984125 0.984125 0.984125
1822.638184 0.000000 2728.299805 0.000000 0.701139 0.000000 0.713025 0.387872 0.387872 0.387872
1812.653809 0.000000 2724.592285 0.000000 0.273547 0.000000 -0.961859 1.201915 1.201915 1.201915
1794.873535 0.000000 2731.455811 0.000000 0.373715 0.000000 0.927544 0.170683 0.170683 0.170683
1804.281006 0.000000 2736.502441 0.000000 0.996489 0.000000 0.083725 0.665868 0.665868 0.665868
1814.073364 0.000000 2738.432617 0.000000 0.876782 0.000000 0.480888 0.604439 0.604439 0.604439
1810.388794 0.000000 2743.667969 0.000000 0.250898 0.000000 -0.968014 1.086719 1.086719 1.086719
1821.919067 0.000000 2739.793457 0.000000 0.893872 0.000000 -0.448323 0.813740 0.813740 0.813740
1793.517700 0.000000 2737.681396 0.000000 0.691911 0.000000 -0.721983 0.832513 0.832513 0.832513
1809.588135 0.000000 2733.189697 0.000000 0.528912 0.000000 0.848677 0.414847 0.414847 0.414847
1816.093018 0.000000 2743.611572 0.000000 0.842533 0.000000 0.538644 0.590652 0.590652 0.590652
1821.155396 0.000000 2732.147705 0.000000 0.997689 0.000000 -0.067949 0.722817 0.722817 0.722817
1799.952148 0.000000 2732.354736 0.000000 0.954552 0.000000 0.298044 0.572007 0.572007 0.572007
1802.126465 0.000000 2745.769043 0.000000 0.488869 0.000000 0.872357 0.248003 0.248003 0.248003
1801.450317 0.000000 2743.594971 0.000000 0.868985 0.000000 0.494838 0.590539 0.590539 0.590539
1815.741333 0.000000 2724.321289 0.000000 0.521058 0.000000 0.853521 0.453358 0.453358 0.453358
1815.497803 0.000000 2729.095703 0.000000 0.070784 0.000000 -0.997492 1.308140 1.308140 1.308140
1794.471313 0.000000 2744.140625 0.000000 0.516824 0.000000 -0.856092 0.861633 0.861633 0.861633
1815.852905 0.000000 2726.926758 0.000000 0.883593 0.000000 -0.468255 0.838814 0.838814 0.838814
1821.249146 0.000000 2730.733154 0.000000 0.296028 0.000000 -0.955179 0.933089 0.933089 0.933089
1810.868652 0.000000 2734.373047 0.000000 0.995403 0.000000 -0.095779 0.735372 0.735372 0.735372
1813.084351 0.000000 2743.016357 0.000000 0.873043 0.000000 -0.487644 0.852224 0.852224 0.852224
1807.646851 0.000000 2733.992920 0.000000 0.317582 0.000000 -0.948231 1.029228 1.029228 1.029228
1813.123169 0.000000 2735.313477 0.000000 0.863963 0.000000 0.503556 0.591178 0.591178 0.591178
1801.437622 0.000000 2730.508545 0.000000 0.777101 0.000000 0.629375 0.396635 0.396635 0.396635
1795.608887 0.000000 2733.289795 0.000000 0.489801 0.000000 0.871834 0.318781 0.318781 0.318781
1821.379272 0.000000 2736.879883 0.000000 0.012421 0.000000 0.999923 0.217960 0.217960 0.217960
1822.109619 0.000000 2734.641602 0.000000 0.570280 0.000000 -0.821450 0.949318 0.949318 0.949318
1811.798340 0.000000 2728.903564 0.000000 0.568549 0.000000 0.822649 0.397801 0.397801 0.397801
1792.429932 0.000000 2747.052002 0.000000 0.999787 0.000000 -0.020648 0.709202 0.709202 0.709202
1824.290771 0.000000 2730.799316 0.000000 0.774804 0.000000 -0.632202 0.897345 0.897345 0.897345
1827.100586 0.000000 2723.234619 0.000000 0.820798 0.000000 0.571219 0.551248 0.551248 0.551248
1811.102051 0.000000 2726.925049 0.000000 0.090803 0.000000 -0.995869 1.178446 1.178446 1.178446
1817.746826 0.000000 2730.146240 0.000000 0.943283 0.000000 0.331990 0.569891 0.569891 0.569891
1803.820557 0.000000 2743.564453 0.000000 0.853043 0.000000 -0.521841 0.933143 0.933143 0.933143
1803.397583 0.000000 2739.201660 0.000000 0.997787 0.000000 0.066496 0.676393 0.676393 0.676393
1793.577026 0.000000 2745.165039 0.000000 0.765590 0.000000 -0.643329 0.878307 0.878307 0.878307
1822.621338 0.000000 2707.478271 0.000000 0.851837 0.000000 0.523806 0.527540 0.527540 0.527540
1813.503418 0.000000 2728.358398 0.000000 0.148264 0.000000 -0.988948 1.055360 1.055360 1.055360
1809.032471 0.000000 2746.101074 0.000000 0.528657 0.000000 0.848836 0.420077 0.420077 0.420077
1815.318237 0.000000 2731.580322 0.000000 0.843539 0.000000 -0.537067 0.876363 0.876363 0.876363
1822.259277 0.000000 2732.927490 0.000000 0.058249 0.000000 -0.998302 1.051552 1.051552 1.051552
1796.224365 0.000000 2749.556396 0.000000 0.973779 0.000000 -0.227497 0.766179 0.766179 0.766179
1792.419800 0.000000 2729.876465 0.000000 0.302779 0.000000 -0.953061 1.033337 1.033337 1.033337
1806.808716 0.000000 2750.088379 0.000000 0.710335 0.000000 0.703864 0.352039 0.352039 0.352039
1805.370728 0.000000 2733.212646 0.000000 0.171940 0.000000 0.985107 0.353077 0.353077 0.353077
1806.401733 0.000000 2735.833496 0.000000 0.587330 0.000000 -0.809348 0.998296 0.998296 0.998296
1807.609253 0.000000 2731.446289 0.000000 0.972132 0.000000 0.234435 0.637141 0.637141 0.637141
1800.335205 0.000000 2749.115723 0.000000 0.197968 0.000000 -0.980208 1.093080 1.093080 1.093080
1806.730591 0.000000 2747.371582 0.000000 0.241079 0.000000 -0.970506 0.973713 0.973713 0.973713
1814.408203 0.000000 2748.702393 0.000000 0.950309 0.000000 -0.311309 0.759749 0.759749 0.759749
1810.975464 0.000000 2750.524902 0.000000 0.993197 0.000000 0.116442 0.653906 0.653906 0.653906
1815.542114 0.000000 2750.821045 0.000000 0.999723 0.000000 -0.023522 0.708427 0.708427 0.708427
1822.391846 0.000000 2730.092773 0.000000 0.578248 0.000000 -0.815861 1.125231 1.125231 1.125231
1794.396484 0.000000 2747.687012 0.000000 0.865052 0.000000 -0.501682 0.934199 0.934199 0.934199
1812.160278 0.000000 2745.259277 0.000000 0.340404 0.000000 -0.940279 1.166101 1.166101 1.166101
1794.704468 0.000000 2749.842285 0.000000 0.986297 0.000000 -0.164977 0.746342 0.746342 0.746342
1811.127319 0.000000 2724.271484 0.000000 0.967127 0.000000 0.254295 0.630802 0.630802 0.630802
1799.180664 0.000000 2749.902344 0.000000 0.995742 0.000000 -0.092180 0.722585 0.722585 0.722585
1804.100586 0.000000 2747.571533 0.000000 0.980111 0.000000 0.198449 0.661945 0.661945 0.661945
1819.748901 0.000000 2734.249268 0.000000 0.935243 0.000000 -0.354006 0.844179 0.844179 0.844179
1801.717773 0.000000 2747.044434 0.000000 0.972821 0.000000 -0.231558 0.786575 0.786575 0.786575
1813.772461 0.000000 2727.085938 0.000000 0.382071 0.000000 -0.924133 1.120236 1.120236 1.120236
1800.703125 0.000000 2733.885986 0.000000 0.320129 0.000000 -0.947374 1.041572 1.041572 1.041572
1807.672852 0.000000 2748.222656 0.000000 0.494001 0.000000 -0.869461 1.101588 1.101588 1.101588
1813.972046 0.000000 2724.957520 0.000000 0.590693 0.000000 -0.806897 1.064251 1.064251 1.064251
1810.116333 0.000000 2725.666504 0.000000 0.835649 0.000000 0.549264 0.543507 0.543507 0.543507
1808.238892 0.000000 2727.325684 0.000000 0.560474 0.000000 0.828172 0.377687 0.377687 0.377687
1815.875854 0.000000 2746.846191 0.000000 0.845881 0.000000 0.533372 0.477806 0.477806 0.477806
1802.451782 0.000000 2729.750732 0.000000 0.557050 0.000000 0.830479 0.359197 0.359197 0.359197
1806.057739 0.000000 2727.375977 0.000000 0.532752 0.000000 0.846272 0.312092 0.312092 0.312092
1810.055664 0.000000 2749.569092 0.000000 0.143470 0.000000 0.989655 0.323481 0.323481 0.323481
1817.548096 0.000000 2734.987305 0.000000 0.929402 0.000000 -0.369068 0.773326 0.773326 0.773326
1814.642212 0.000000 2741.070557 0.000000 0.597907 0.000000 -0.801565 1.098148 1.098148 1.098148
1801.327759 0.000000 2727.846191 0.000000 0.997218 0.000000 -0.074546 0.715126 0.715126 0.715126
1815.752930 0.000000 2740.390137 0.000000 0.448087 0.000000 -0.893990 1.173616 1.173616 1.173616
1817.290527 0.000000 2732.620605 0.000000 0.925550 0.000000 0.378625 0.556136 0.556136 0.556136
1806.446899 0.000000 2738.070312 0.000000 0.904283 0.000000 0.426933 0.565871 0.565871 0.565871
1796.754517 0.000000 2730.421631 0.000000 0.787531 0.000000 -0.616275 0.995902 0.995902 0.995902
1798.301514 0.000000 2747.699707 0.000000 0.734665 0.000000 0.678430 0.514969 0.514969 0.514969
1823.399414 0.000000 2732.543213 0.000000 0.894070 0.000000 0.447926 0.592050 0.592050 0.592050
1801.373169 0.000000 2744.814209 0.000000 0.955709 0.000000 0.294314 0.585145 0.585145 0.585145
1823.152466 0.000000 2739.109131 0.000000 0.886369 0.000000 0.462979 0.572137 0.572137 0.572137
1798.113403 0.000000 2728.431641 0.000000 0.166270 0.000000 -0.986080 1.301027 1.301027 1.301027
1809.405029 0.000000 2730.179199 0.000000 0.957996 0.000000 0.286781 0.627820 0.627820 0.627820
1793.171387 0.000000 2731.384277 0.000000 0.339395 0.000000 -0.940644 1.245689 1.245689 1.245689
1801.042358 0.000000 2731.613525 0.000000 0.602186 0.000000 -0.798356 1.112015 1.112015 1.112015
1803.767578 0.000000 2731.670898 0.000000 0.868623 0.000000 -0.495474 0.827734 0.827734 0.827734
1824.281860 0.000000 2728.537598 0.000000 0.833152 0.000000 0.553044 0.438853 0.438853 0.438853
1809.218628 0.000000 2747.258789 0.000000 0.946937 0.000000 -0.321419 0.790353 0.790353 0.790353
1807.365723 0.000000 2740.255127 0.000000 0.685116 0.000000 -0.728434 0.956696 0.956696 0.956696
1805.230835 0.000000 2748.619385 0.000000 0.940987 0.000000 -0.338442 0.803780 0.803780 0.803780
1816.593628 0.000000 2731.585449 0.000000 0.988200 0.000000 0.153169 0.640879 0.640879 0.640879
1805.169067 0.000000 2729.608398 0.000000 0.997042 0.000000 0.076860 0.667328 0.667328 0.667328
1802.174805 0.000000 2742.550781 0.000000 0.723481 0.000000 0.690344 0.376422 0.376422 0.376422
1811.477417 0.000000 2746.306885 0.000000 0.995409 0.000000 0.095717 0.664484 0.664484 0.664484
1825.387451 0.000000 2731.203613 0.000000 0.586956 0.000000 0.809619 0.427940 0.427940 0.427940
1821.474243 0.000000 2750.871094 0.000000 0.772864 0.000000 0.634571 0.444105 0.444105 0.444105
1806.314941 0.000000 2744.091309 0.000000 0.927941 0.000000 0.372728 0.541139 0.541139 0.541139
1793.247681 0.000000 2733.585938 0.000000 0.195970 0.000000 0.980610 0.087900 0.087900 0.087900
1809.070557 0.000000 2735.774658 0.000000 0.932889 0.000000 -0.360164 0.779198 0.779198 0.779198
1807.029663 0.000000 2730.423584 0.000000 0.857311 0.000000 0.514799 0.556353 0.556353 0.556353
1803.798706 0.000000 2726.138672 0.000000 0.999913 0.000000 0.013161 0.694526 0.694526 0.694526
1819.231445 0.000000 2750.865234 0.000000 0.981548 0.000000 0.191214 0.614933 0.614933 0.614933
1792.761719 0.000000 2749.455811 0.000000 0.825649 0.000000 -0.564183 0.967132 0.967132 0.967132
1804.408081 0.000000 2750.729736 0.000000 0.406459 0.000000 0.913669 0.385878 0.385878 0.385878
1800.290283 0.000000 2729.674805 0.000000 0.922399 0.000000 -0.386237 0.876716 0.876716 0.876716
1807.938354 0.000000 2745.701660 0.000000 0.704327 0.000000 -0.709876 1.028299 1.028299 1.028299
1819.954102 0.000000 2736.722900 0.000000 0.973953 0.000000 0.226752 0.648433 0.648433 0.648433
1800.280762 0.000000 2728.447266 0.000000 0.995343 0.000000 0.096395 0.656976 0.656976 0.656976
1814.254028 0.000000 2729.354004 0.000000 0.205046 0.000000 0.978752 0.146865 0.146865 0.146865
1797.558472 0.000000 2731.434326 0.000000 0.704347 0.000000 -0.709855 1.051736 1.051736 1.051736
1803.462280 0.000000 2741.128418 0.000000 0.970614 0.000000 -0.240644 0.804479 0.804479 0.804479
1821.112427 0.000000 2738.813232 0.000000 0.335611 0.000000 -0.942001 1.000577 1.000577 1.000577
1815.964111 0.000000 2728.061768 0.000000 0.639716 0.000000 -0.768611 1.055435 1.055435 1.055435
1805.267212 0.000000 2735.847412 0.000000 0.214374 0.000000 -0.976752 1.102480 1.102480 1.102480
1803.206665 0.000000 2736.958496 0.000000 0.758836 0.000000 0.651282 0.449618 0.449618 0.449618
1806.170776 0.000000 2751.277832 0.000000 0.294343 0.000000 0.955700 0.133141 0.133141 0.133141
1808.223267 0.000000 2750.641846 0.000000 0.323931 0.000000 -0.946081 1.153238 1.153238 1.153238
1808.019043 0.000000 2725.279541 0.000000 0.628108 0.000000 0.778126 0.444442 0.444442 0.444442
1802.298462 0.000000 2728.486328 0.000000 0.211741 0.000000 0.977326 0.227924 0.227924 0.227924
1810.731079 0.000000 2730.871582 0.000000 0.869014 0.000000 -0.494787 0.853770 0.853770 0.853770
1805.332886 0.000000 2744.946289 0.000000 0.945436 0.000000 0.325809 0.552109 0.552109 0.552109
1810.686646 0.000000 2748.202148 0.000000 0.087664 0.000000 0.996150 0.308653 0.308653 0.308653
1801.261108 0.000000 2749.802002 0.000000 0.926550 0.000000 0.376173 0.589468 0.589468 0.589468
1818.328491 0.000000 2737.887451 0.000000 0.787730 0.000000 0.616020 0.550381 0.550381 0.550381
1797.443604 0.000000 2732.541992 0.000000 0.007690 0.000000 -0.999970 1.396573 1.396573 1.396573
1796.291870 0.000000 2746.223389 0.000000 0.661663 0.000000 -0.749801 0.991862 0.991862 0.991862
1823.234253 0.000000 2734.993896 0.000000 0.585068 0.000000 0.810984 0.455368 0.455368 0.455368
1811.866455 0.000000 2730.004883 0.000000 0.535125 0.000000 -0.844773 0.998913 0.998913 0.998913
1816.517212 0.000000 2750.201172 0.000000 0.794985 0.000000 -0.606629 0.936932 0.936932 0.936932
1804.982300 0.000000 2737.898926 0.000000 0.980922 0.000000 -0.194402 0.779665 0.779665 0.779665
1816.745239 0.000000 2740.884766 0.000000 0.876453 0.000000 -0.481487 0.901917 0.901917 0.901917
1803.202026 0.000000 2745.375977 0.000000 0.306792 0.000000 -0.951776 1.236840 1.236840 1.236840
1794.599121 0.000000 2729.629883 0.000000 0.382166 0.000000 0.924094 0.304518 0.304518 0.304518
1802.713745 0.000000 2738.283936 0.000000 0.864963 0.000000 -0.501835 0.886504 0.886504 0.886504
1800.054077 0.000000 2746.943359 0.000000 0.073563 0.000000 -0.997291 1.254682 1.254682 1.254682
1799.003296 0.000000 2731.154297 0.000000 0.444405 0.000000 0.895826 0.205219 0.205219 0.205219
1818.025391 0.000000 2735.968750 0.000000 0.999596 0.000000 -0.028425 0.711327 0.711327 0.711327
1812.127563 0.000000 2726.541016 0.000000 0.720879 0.000000 0.693060 0.427013 0.427013 0.427013
1806.619019 0.000000 2733.419189 0.000000 0.998012 0.000000 0.063032 0.683356 0.683356 0.683356
1812.481323 0.000000 2741.383301 0.000000 0.684183 0.000000 0.729310 0.431475 0.431475 0.431475
1804.466797 0.000000 2738.862305 0.000000 0.932225 0.000000 0.361879 0.534989 0.534989 0.534989
1809.712280 0.000000 2728.952881 0.000000 0.466939 0.000000 0.884290 0.417485 0.417485 0.417485
1813.643799 0.000000 2750.954834 0.000000 0.818520 0.000000 -0.574478 0.923518 0.923518 0.923518
1814.001221 0.000000 2743.659668 0.000000 0.476966 0.000000 -0.878922 1.110888 1.110888 1.110888
1811.941406 0.000000 2733.445312 0.000000 0.374708 0.000000 -0.927143 1.048412 1.048412 1.048412
1793.339966 0.000000 2747.662109 0.000000 0.847381 0.000000 -0.530985 0.949449 0.949449 0.949449
1821.055054 0.000000 2734.780273 0.000000 0.654478 0.000000 0.756081 0.413842 0.413842 0.413842
1806.514526 0.000000 2739.568359 0.000000 0.207584 0.000000 -0.978217 1.114063 1.114063 1.114063
1798.525146 0.000000 2733.250000 0.000000 0.412702 0.000000 0.910866 0.215602 0.215602 0.215602
1807.914307 0.000000 2738.073242 0.000000 0.969944 0.000000 -0.243328 0.774741 0.774741 0.774741
1794.741333 0.000000 2746.138672 0.000000 0.832544 0.000000 0.553959 0.438363 0.438363 0.438363
1819.323608 0.000000 2739.872803 0.000000 0.862039 0.000000 -0.506841 0.890418 0.890418 0.890418
1813.269409 0.000000 2737.689209 0.000000 0.897566 0.000000 0.440880 0.545205 0.545205 0.545205
1811.187134 0.000000 2727.990234 0.000000 0.885127 0.000000 0.465349 0.543512 0.543512 0.543512
1804.647095 0.000000 2742.896729 0.000000 0.840377 0.000000 -0.542002 0.886195 0.886195 0.886195
1822.413452 0.000000 2737.119873 0.000000 0.038602 0.000000 -0.999255 1.323886 1.323886 1.323886
1804.394165 0.000000 2744.449707 0.000000 0.520606 0.000000 0.853797 0.244011 0.244011 0.244011
1796.081421 0.000000 2747.926514 0.000000 0.155819 0.000000 -0.987786 1.186920 1.186920 1.186920
1803.173828 0.000000 2727.875977 0.000000 0.008770 0.000000 -0.999962 1.349685 1.349685 1.349685
1804.682983 0.000000 2734.005127 0.000000 0.166105 0.000000 -0.986108 1.117089 1.117089 1.117089
1797.615967 0.000000 2746.914307 0.000000 0.425457 0.000000 -0.904978 1.089487 1.089487 1.089487
1806.209229 0.000000 2741.809326 0.000000 0.176446 0.000000 0.984310 0.261678 0.261678 0.261678
1823.249512 0.000000 2730.716553 0.000000 0.896500 0.000000 0.443043 0.495458 0.495458 0.495458
1814.707520 0.000000 2726.596191 0.000000 0.633208 0.000000 0.773982 0.447872 0.447872 0.447872
1808.632812 0.000000 2733.657227 0.000000 0.866681 0.000000 -0.498864 0.846951 0.846951 0.846951
1810.007202 0.000000 2726.754395 0.000000 0.306111 0.000000 -0.951996 1.107262 1.107262 1.107262
1799.224487 0.000000 2730.072998 0.000000 0.740108 0.000000 0.672488 0.371316 0.371316 0.371316
1801.702393 0.000000 2748.091553 0.000000 0.498351 0.000000 -0.866975 1.000676 1.000676 1.000676
1791.782104 0.000000 2737.541016 0.000000 0.129244 0.000000 0.991613 0.077906 0.077906 0.077906
1810.360229 0.000000 2735.278809 0.000000 0.171543 0.000000 -0.985177 1.215647 1.215647 1.215647
1802.708984 0.000000 2751.302979 0.000000 0.047050 0.000000 0.998893 0.082220 0.082220 0.082220
1809.117554 0.000000 2732.266113 0.000000 0.985564 0.000000 -0.169306 0.747867 0.747867 0.747867
1802.710205 0.000000 2739.927979 0.000000 0.990578 0.000000 0.136952 0.651262 0.651262 0.651262
1810.646973 0.000000 2731.981934 0.000000 0.798191 0.000000 0.602404 0.507929 0.507929 0.507929
1800.385864 0.000000 2745.036377 0.000000 0.871353 0.000000 0.490656 0.502828 0.502828 0.502828
1819.943604 0.000000 2738.872559 0.000000 0.946539 0.000000 0.322589 0.582327 0.582327 0.582327
1811.143066 0.000000 2736.674561 0.000000 0.438122 0.000000 0.898916 0.346588 0.346588 0.346588
1812.545288 0.000000 2736.155762 0.000000 0.186314 0.000000 -0.982490 1.169011 1.169011 1.169011
1802.800415 0.000000 2743.332520 0.000000 0.363224 0.000000 0.931702 0.190799 0.190799 0.190799
1804.254883 0.000000 2728.263672 0.000000 0.335489 0.000000 0.942044 0.178228 0.178228 0.178228
1821.538208 0.000000 2735.669922 0.000000 0.749497 0.000000 -0.662007 0.941494 0.941494 0.941494
1810.756836 0.000000 2742.742676 0.000000 0.312068 0.000000 -0.950060 1.067999 1.067999 1.067999
1796.605469 0.000000 2733.155029 0.000000 0.517560 0.000000 0.855647 0.242424 0.242424 0.242424
1824.604980 0.000000 2729.468994 0.000000 0.095708 0.000000 0.995409 0.042716 0.042716 0.042716
1795.187622 0.000000 2732.384033 0.000000 0.940039 0.000000 -0.341066 0.825299 0.825299 0.825299
1807.937622 0.000000 2736.379639 0.000000 0.863910 0.000000 0.503646 0.539503 0.539503 0.539503
1808.593262 0.000000 2748.549072 0.000000 0.658655 0.000000 0.752445 0.356149 0.356149 0.356149
1795.858398 0.000000 2731.077393 0.000000 0.875634 0.000000 0.482975 0.475379 0.475379 0.475379
1815.689209 0.000000 2742.711914 0.000000 0.985184 0.000000 -0.171501 0.765963 0.765963 0.765963
1816.688477 0.000000 2748.415771 0.000000 0.945172 0.000000 0.326572 0.552912 0.552912 0.552912
1804.197876 0.000000 2741.780273 0.000000 0.584419 0.000000 0.811452 0.321161 0.321161 0.321161
1807.266602 0.000000 2743.871582 0.000000 0.964357 0.000000 -0.264604 0.809042 0.809042 0.809042
1804.964722 0.000000 2740.951660 0.000000 0.433979 0.000000 -0.900923 1.148977 1.148977 1.148977
1798.320801 0.000000 2729.407227 0.000000 0.256497 0.000000 -0.966545 1.261486 1.261486 1.261486
1804.999390 0.000000 2727.458252 0.000000 0.999317 0.000000 0.036950 0.684951 0.684951 0.684951
1796.124390 0.000000 2729.324463 0.000000 0.572806 0.000000 -0.819691 1.128197 1.128197 1.128197
1813.365234 0.000000 2745.613770 0.000000 0.239281 0.000000 0.970950 0.193622 0.193622 0.193622
1807.348877 0.000000 2742.455322 0.000000 0.985621 0.000000 0.168969 0.630866 0.630866 0.630866
1806.937988 0.000000 2734.800537 0.000000 0.893445 0.000000 -0.449173 0.847351 0.847351 0.847351
1809.092163 0.000000 2727.766113 0.000000 0.737041 0.000000 0.675848 0.454884 0.454884 0.454884
1794.047852 0.000000 2731.900635 0.000000 0.964167 0.000000 0.265297 0.580342 0.580342 0.580342
1804.277832 0.000000 2729.296143 0.000000 0.024555 0.000000 -0.999698 1.356630 1.356630 1.356630
1820.464355 0.000000 2732.830566 0.000000 0.856466 0.000000 -0.516203 0.881999 0.881999 0.881999
1823.438721 0.000000 2736.067383 0.000000 0.315169 0.000000 0.949035 0.190951 0.190951 0.190951
1809.153931 0.000000 2749.305908 0.000000 0.894783 0.000000 0.446501 0.513151 0.513151 0.513151
1818.377075 0.000000 2739.770020 0.000000 0.662455 0.000000 -0.749102 1.003336 1.003336 1.003336
1805.088867 0.000000 2739.714600 0.000000 0.553688 0.000000 -0.832724 1.138508 1.138508 1.138508
1823.639404 0.000000 2731.636719 0.000000 0.649066 0.000000 -0.760732 1.085224 1.085224 1.085224
1811.780640 0.000000 2750.006836 0.000000 0.989774 0.000000 0.142646 0.643468 0.643468 0.643468
1803.382690 0.000000 2729.926758 0.000000 0.940006 0.000000 -0.341157 0.821075 0.821075 0.821075
1806.959473 0.000000 2727.027344 0.000000 0.866142 0.000000 0.499799 0.498782 0.498782 0.498782
1817.020508 0.000000 2730.754395 0.000000 0.964639 0.000000 -0.263573 0.802547 0.802547 0.802547
1814.978271 0.000000 2741.941406 0.000000 0.107385 0.000000 0.994218 0.073517 0.073517 0.073517
1801.966553 0.000000 2731.523438 0.000000 0.455031 0.000000 0.890475 0.210521 0.210521 0.210521
1822.734497 0.000000 2729.232422 0.000000 0.988101 0.000000 0.153805 0.639282 0.639282 0.639282
1816.744507 0.000000 2733.362793 0.000000 0.285224 0.000000 0.958461 0.225199 0.225199 0.225199
1791.883789 0.000000 2732.294922 0.000000 0.417097 0.000000 -0.908862 1.208266 1.208266 1.208266
1814.992798 0.000000 2746.554932 0.000000 0.427469 0.000000 0.904030 0.254056 0.254056 0.254056
1803.787476 0.000000 2746.359863 0.000000 0.247138 0.000000 0.968980 0.111286 0.111286 0.111286
1796.673950 0.000000 2747.065430 0.000000 0.482079 0.000000 0.876128 0.332394 0.332394 0.332394
1794.639282 0.000000 2730.545654 0.000000 0.345875 0.000000 0.938281 0.157385 0.157385 0.157385
1812.332642 0.000000 2725.479004 0.000000 0.909570 0.000000 0.415551 0.533739 0.533739 0.533739
1818.339111 0.000000 2750.925537 0.000000 0.995486 0.000000 -0.094909 0.742026 0.742026 0.742026
1810.208740 0.000000 2750.985352 0.000000 0.086861 0.000000 -0.996220 1.286043 1.286043 1.286043
1793.841797 0.000000 2749.567871 0.000000 0.580376 0.000000 -0.814348 1.124068 1.124068 1.124068
1792.771729 0.000000 2748.385010 0.000000 0.736047 0.000000 -0.676931 1.031367 1.031367 1.031367
1816.938843 0.000000 2749.385498 0.000000 0.982788 0.000000 -0.184737 0.782151 0.782151 0.782151
1796.399292 0.000000 2728.403564 0.000000 0.992945 0.000000 0.118575 0.647034 0.647034 0.647034
1799.987183 0.000000 2733.301758 0.000000 0.264030 0.000000 -0.964514 1.251312 1.251312 1.251312
1797.480713 0.000000 2729.824707 0.000000 0.014497 0.000000 0.999895 0.006461 0.006461 0.006461
1806.067261 0.000000 2748.025635 0.000000 0.989520 0.000000 -0.144396 0.755204 0.755204 0.755204
1802.648071 0.000000 2741.734375 0.000000 0.267061 0.000000 -0.963680 1.259073 1.259073 1.259073
1807.243530 0.000000 2749.297119 0.000000 0.931451 0.000000 -0.363868 0.841881 0.841881 0.841881
1792.700317 0.000000 2750.668457 0.000000 0.182450 0.000000 0.983215 0.169044 0.169044 0.169044
1817.941284 0.000000 2749.609863 0.000000 0.103317 0.000000 0.994648 0.051252 0.051252 0.051252
1823.479004 0.000000 2728.077637 0.000000 0.773056 0.000000 -0.634337 0.970192 0.970192 0.970192
1803.199951 0.000000 2726.764893 0.000000 0.519536 0.000000 0.854449 0.273890 0.273890 0.273890
1792.554565 0.000000 2730.754395 0.000000 0.193215 0.000000 -0.981156 1.313352 1.313352 1.313352
1811.898193 0.000000 2750.985596 0.000000 0.998143 0.000000 0.060914 0.675927 0.675927 0.675927
1803.542725 0.000000 2744.580566 0.000000 0.364498 0.000000 -0.931204 1.210713 1.210713 1.210713
1795.250732 0.000000 2747.751709 0.000000 0.913646 0.000000 0.406511 0.513443 0.513443 0.513443
1802.407959 0.000000 2747.488770 0.000000 0.887212 0.000000 0.461361 0.486306 0.486306 0.486306
1803.450684 0.000000 2740.302734 0.000000 0.873517 0.000000 0.486794 0.481429 0.481429 0.481429
1796.036377 0.000000 2732.554932 0.000000 0.050747 0.000000 0.998712 0.022624 0.022624 0.022624
1822.104492 0.000000 2730.846924 0.000000 0.404066 0.000000 -0.914730 1.214635 1.214635 1.214635
1807.616577 0.000000 2750.074463 0.000000 0.041688 0.000000 0.999131 0.018583 0.018583 0.018583
1876.739502 0.000000 2746.390137 0.000000 0.058967 0.000000 0.998260 0.694716 0.694716 0.694716
1898.758667 0.000000 2695.290283 0.000000 0.766725 0.000000 0.641976 0.523362 0.523362 0.523362
1893.121460 0.000000 2720.474121 0.000000 0.809551 0.000000 -0.587050 0.826092 0.826092 0.826092
1856.004028 0.000000 2712.222412 0.000000 0.346056 0.000000 0.938214 0.587239 0.587239 0.587239
1879.444336 0.000000 2737.759277 0.000000 0.970419 0.000000 -0.241427 0.701278 0.701278 0.701278
1890.024414 0.000000 2748.496826 0.000000 0.875762 0.000000 0.482743 0.664784 0.664784 0.664784
1881.478027 0.000000 2743.135498 0.000000 0.707832 0.000000 -0.706381 0.931658 0.931658 0.931658
1883.342163 0.000000 2719.593994 0.000000 0.967525 0.000000 -0.252776 0.759843 0.759843 0.759843
1884.441895 0.000000 2739.753418 0.000000 0.998185 0.000000 0.060230 0.696735 0.696735 0.696735
1880.969604 0.000000 2747.428467 0.000000 0.287025 0.000000 -0.957923 1.270267 1.270267 1.270267
1877.544189 0.000000 2741.689941 0.000000 0.858393 0.000000 0.512993 0.543733 0.543733 0.543733
1878.256836 0.000000 2750.051270 0.000000 0.916016 0.000000 0.401142 0.672589 0.672589 0.672589
1884.483765 0.000000 2746.040527 0.000000 0.198202 0.000000 -0.980161 1.196058 1.196058 1.196058
1860.190186 0.000000 2720.360840 0.000000 0.291326 0.000000 -0.956624 0.880508 0.880508 0.880508
1887.976929 0.000000 2751.093018 0.000000 0.978291 0.000000 -0.207238 0.740494 0.740494 0.740494
1882.719360 0.000000 2736.844971 0.000000 0.644916 0.000000 -0.764253 0.741045 0.741045 0.741045
1886.633911 0.000000 2748.313477 0.000000 0.543265 0.000000 0.839561 0.403958 0.403958 0.403958
1918.630249 0.000000 2700.734619 0.000000 0.969057 0.000000 -0.246839 0.726588 0.726588 0.726588
1876.562134 0.000000 2738.511719 0.000000 0.789670 0.000000 -0.613532 0.749636 0.749636 0.749636
1881.441528 0.000000 2740.034912 0.000000 0.931384 0.000000 0.364038 0.543073 0.543073 0.543073
1878.895508 0.000000 2744.418945 0.000000 0.633893 0.000000 -0.773421 0.817439 0.817439 0.817439
1875.898071 0.000000 2743.809570 0.000000 0.260070 0.000000 0.965590 0.608587 0.608587 0.608587
1861.702881 0.000000 2718.080811 0.000000 0.604012 0.000000 0.796976 0.451791 0.451791 0.451791
1884.048340 0.000000 2742.364014 0.000000 0.054035 0.000000 -0.998539 0.869640 0.869640 0.869640
1881.585693 0.000000 2750.443848 0.000000 0.436163 0.000000 -0.899868 0.962152 0.962152 0.962152
1916.387329 0.000000 2699.787842 0.000000 0.433298 0.000000 0.901251 0.554818 0.554818 0.554818
1891.226562 0.000000 2750.589844 0.000000 0.484896 0.000000 0.874572 0.513961 0.513961 0.513961
1883.118774 0.000000 2748.240967 0.000000 0.589847 0.000000 -0.807515 1.063015 1.063015 1.063015
1882.269409 0.000000 2745.446777 0.000000 0.971395 0.000000 -0.237471 0.741900 0.741900 0.741900
1898.965332 0.000000 2692.253662 0.000000 0.188050 0.000000 -0.982159 0.890745 0.890745 0.890745
1878.750000 0.000000 2747.446289 0.000000 0.711182 0.000000 0.703008 0.573292 0.573292 0.573292
1879.861450 0.000000 2741.638428 0.000000 0.263535 0.000000 -0.964650 1.119344 1.119344 1.119344
1893.280518 0.000000 2722.839355 0.000000 0.995716 0.000000 -0.092464 0.716829 0.716829 0.716829
1886.556274 0.000000 2745.397217 0.000000 0.167886 0.000000 0.985806 0.565233 0.565233 0.565233
1878.665649 0.000000 2739.801758 0.000000 0.704758 0.000000 -0.709447 0.768917 0.768917 0.768917
1875.808594 0.000000 2740.492432 0.000000 0.710510 0.000000 0.703687 0.634522 0.634522 0.634522
1916.793945 0.000000 2701.873535 0.000000 0.877789 0.000000 0.479047 0.648491 0.648491 0.648491
1880.016357 0.000000 2749.161621 0.000000 0.413101 0.000000 0.910685 0.189776 0.189776 0.189776
1885.247070 0.000000 2743.937500 0.000000 0.762592 0.000000 -0.646879 0.778682 0.778682 0.778682
1885.826172 0.000000 2741.634766 0.000000 0.124445 0.000000 0.992226 0.439713 0.439713 0.439713
1881.237793 0.000000 2738.120850 0.000000 0.466848 0.000000 0.884338 0.525544 0.525544 0.525544
1880.346436 0.000000 2745.647217 0.000000 0.150534 0.000000 -0.988605 1.288002 1.288002 1.288002
1883.007935 0.000000 2740.892578 0.000000 0.590700 0.000000 -0.806891 1.074092 1.074092 1.074092
1899.889160 0.000000 2693.741211 0.000000 0.959157 0.000000 -0.282875 0.739594 0.739594 0.739594
1888.310181 0.000000 2747.428955 0.000000 0.522205 0.000000 0.852820 0.551852 0.551852 0.551852
1889.512573 0.000000 2750.235840 0.000000 0.735376 0.000000 -0.677659 1.018796 1.018796 1.018796
1883.448120 0.000000 2744.139160 0.000000 0.193160 0.000000 -0.981167 0.940540 0.940540 0.940540
1882.893433 0.000000 2738.850830 0.000000 0.667339 0.000000 0.744754 0.519404 0.519404 0.519404
1884.827515 0.000000 2747.960693 0.000000 0.143510 0.000000 0.989649 0.183859 0.183859 0.183859
1888.127197 0.000000 2749.242676 0.000000 0.659824 0.000000 -0.751420 0.939216 0.939216 0.939216
1885.904175 0.000000 2749.812256 0.000000 0.784801 0.000000 0.619747 0.559825 0.559825 0.559825
1919.191895 0.000000 2698.739258 0.000000 0.247970 0.000000 0.968768 0.524654 0.524654 0.524654
1882.542236 0.000000 2716.716064 0.000000 0.980220 0.000000 -0.197910 0.728898 0.728898 0.728898
1878.287476 0.000000 2745.891357 0.000000 0.027067 0.000000 -0.999634 0.905032 0.905032 0.905032
1878.715210 0.000000 2742.846924 0.000000 0.355297 0.000000 -0.934753 1.012327 1.012327 1.012327
1880.125000 0.000000 2739.202881 0.000000 0.952154 0.000000 0.305618 0.650064 0.650064 0.650064
1881.610474 0.000000 2741.586670 0.000000 0.999820 0.000000 0.018961 0.692014 0.692014 0.692014
1885.973877 0.000000 2746.804199 0.000000 0.114897 0.000000 -0.993377 1.226579 1.226579 1.226579
1917.771240 0.000000 2699.216064 0.000000 0.622630 0.000000 -0.782516 0.816221 0.816221 0.816221
1856.839111 0.000000 2710.836914 0.000000 0.345444 0.000000 0.938439 0.380694 0.380694 0.380694
1881.607178 0.000000 2748.783691 0.000000 0.997802 0.000000 0.066260 0.670451 0.670451 0.670451
1882.867676 0.000000 2749.730469 0.000000 0.745062 0.000000 0.666995 0.417997 0.417997 0.417997
1860.271240 0.000000 2721.946777 0.000000 0.565283 0.000000 0.824897 0.562690 0.562690 0.562690
1883.025635 0.000000 2718.098389 0.000000 0.328960 0.000000 0.944344 0.410653 0.410653 0.410653
1877.241943 0.000000 2740.145020 0.000000 0.975076 0.000000 0.221871 0.635095 0.635095 0.635095
1880.085205 0.000000 2743.611572 0.000000 0.490495 0.000000 0.871444 0.387488 0.387488 0.387488
1883.131714 0.000000 2746.744141 0.000000 0.165533 0.000000 -0.986204 1.097625 1.097625 1.097625
1861.379150 0.000000 2719.483398 0.000000 0.972388 0.000000 0.233370 0.636609 0.636609 0.636609
1877.076538 0.000000 2743.016357 0.000000 0.719564 0.000000 -0.694426 0.895856 0.895856 0.895856
1881.149780 0.000000 2744.499756 0.000000 0.997020 0.000000 -0.077138 0.731980 0.731980 0.731980
1882.815918 0.000000 2742.942627 0.000000 0.938910 0.000000 -0.344164 0.825872 0.825872 0.825872
1887.450195 0.000000 2746.399902 0.000000 0.795052 0.000000 0.606541 0.483608 0.483608 0.483608
1884.609375 0.000000 2741.067383 0.000000 0.047553 0.000000 -0.998869 0.974182 0.974182 0.974182
1878.400391 0.000000 2748.702393 0.000000 0.713573 0.000000 -0.700581 0.907544 0.907544 0.907544
1887.156128 0.000000 2750.065918 0.000000 0.376401 0.000000 0.926457 0.470153 0.470153 0.470153
1884.072021 0.000000 2749.084717 0.000000 0.969542 0.000000 0.244924 0.648109 0.648109 0.648109
1878.634399 0.000000 2741.070557 0.000000 0.992469 0.000000 0.122495 0.660512 0.660512 0.660512
1879.745117 0.000000 2740.390137 0.000000 0.776527 0.000000 0.630084 0.480808 0.480808 0.480808
1881.823853 0.000000 2746.555908 0.000000 0.901437 0.000000 -0.432911 0.899519 0.899519 0.899519
1892.990967 0.000000 2721.637695 0.000000 0.618651 0.000000 0.785666 0.518367 0.518367 0.518367
1882.057129 0.000000 2718.752686 0.000000 0.035357 0.000000 -0.999375 1.059562 1.059562 1.059562
1882.086426 0.000000 2747.683838 0.000000 0.998046 0.000000 -0.062486 0.717702 0.717702 0.717702
1880.720459 0.000000 2742.329590 0.000000 0.222857 0.000000 0.974851 0.302455 0.302455 0.302455
1888.908569 0.000000 2748.466064 0.000000 0.109033 0.000000 0.994038 0.288778 0.288778 0.288778
1880.509399 0.000000 2750.201172 0.000000 1.000000 0.000000 -0.000199 0.700047 0.700047 0.700047
1880.737427 0.000000 2740.884766 0.000000 0.929970 0.000000 -0.367634 0.858554 0.858554 0.858554
1879.745361 0.000000 2748.055908 0.000000 0.912926 0.000000 0.408124 0.587594 0.587594 0.587594
1899.777710 0.000000 2694.855469 0.000000 0.475823 0.000000 0.879541 0.427622 0.427622 0.427622
1876.473511 0.000000 2741.383301 0.000000 0.065719 0.000000 0.997838 0.263392 0.263392 0.263392
1877.993408 0.000000 2743.659668 0.000000 0.996969 0.000000 0.077802 0.680129 0.680129 0.680129
1884.159668 0.000000 2747.104492 0.000000 0.985181 0.000000 -0.171520 0.762356 0.762356 0.762356
1883.091431 0.000000 2741.925781 0.000000 0.229434 0.000000 -0.973324 1.233643 1.233643 1.233643
1887.006714 0.000000 2747.337891 0.000000 0.994928 0.000000 0.100594 0.666542 0.666542 0.666542
1887.688599 0.000000 2748.254639 0.000000 0.724453 0.000000 0.689324 0.474047 0.474047 0.474047
1885.810547 0.000000 2747.773682 0.000000 0.533640 0.000000 -0.845712 1.064607 1.064607 1.064607
1888.403931 0.000000 2750.189453 0.000000 0.234525 0.000000 0.972110 0.128809 0.128809 0.128809
1880.680664 0.000000 2748.415771 0.000000 0.814910 0.000000 0.579587 0.424500 0.424500 0.424500
1888.937866 0.000000 2751.003174 0.000000 0.216366 0.000000 0.976312 0.120828 0.120828 0.120828
1880.843262 0.000000 2746.498779 0.000000 0.822059 0.000000 -0.569402 0.969955 0.969955 0.969955
1881.386597 0.000000 2745.746826 0.000000 0.760904 0.000000 -0.648864 0.992447 0.992447 0.992447
1882.108276 0.000000 2740.675049 0.000000 0.912096 0.000000 -0.409977 0.868316 0.868316 0.868316
1882.067749 0.000000 2742.385254 0.000000 0.922796 0.000000 -0.385289 0.841697 0.841697 0.841697
1885.399536 0.000000 2746.070801 0.000000 0.989819 0.000000 0.142330 0.648337 0.648337 0.648337
1882.483032 0.000000 2748.877441 0.000000 0.068820 0.000000 -0.997629 1.280066 1.280066 1.280066
1880.931030 0.000000 2749.385498 0.000000 0.638925 0.000000 -0.769269 1.091131 1.091131 1.091131
1881.933472 0.000000 2749.609863 0.000000 0.706138 0.000000 -0.708075 1.050610 1.050610 1.050610
1883.865234 0.000000 2740.623047 0.000000 0.520631 0.000000 0.853782 0.292304 0.292304 0.292304
1848.421509 0.000000 2803.682373 0.000000 0.692421 0.000000 0.721494 0.669013 0.669013 0.669013
1828.986084 0.000000 2797.245850 0.000000 0.954060 0.000000 0.299616 0.680856 0.680856 0.680856
1803.162964 0.000000 2752.114990 0.000000 0.967318 0.000000 -0.253567 0.733154 0.733154 0.733154
1797.342896 0.000000 2809.884033 0.000000 0.034212 0.000000 -0.999415 1.384751 1.384751 1.384751
1832.102905 0.000000 2813.268799 0.000000 0.665991 0.000000 0.745960 0.588172 0.588172 0.588172
1808.222168 0.000000 2796.686279 0.000000 0.998098 0.000000 0.061653 0.679300 0.679300 0.679300
1792.153809 0.000000 2754.621338 0.000000 0.849322 0.000000 0.527875 0.614479 0.614479 0.614479
1818.750977 0.000000 2793.133545 0.000000 0.984687 0.000000 -0.174333 0.756346 0.756346 0.756346
1823.095947 0.000000 2807.261963 0.000000 0.200504 0.000000 0.979693 0.405746 0.405746 0.405746
1837.424683 0.000000 2803.783447 0.000000 0.010014 0.000000 -0.999950 0.836380 0.836380 0.836380
1813.355713 0.000000 2751.682129 0.000000 0.649618 0.000000 -0.760261 1.015468 1.015468 1.015468
1842.143188 0.000000 2811.720703 0.000000 0.814918 0.000000 -0.579576 0.835046 0.835046 0.835046
1803.153809 0.000000 2789.136230 0.000000 0.964792 0.000000 -0.263014 0.749302 0.749302 0.749302
1800.342529 0.000000 2801.196289 0.000000 0.997913 0.000000 0.064574 0.697064 0.697064 0.697064
1792.495239 0.000000 2785.493896 0.000000 0.715176 0.000000 -0.698945 0.748690 0.748690 0.748690
1837.670532 0.000000 2794.628662 0.000000 0.873708 0.000000 0.486450 0.621873 0.621873 0.621873
1792.282227 0.000000 2802.444824 0.000000 0.858822 0.000000 -0.512274 0.913358 0.913358 0.913358
1811.406616 0.000000 2789.547363 0.000000 0.606484 0.000000 0.795096 0.691968 0.691968 0.691968
1822.480103 0.000000 2799.995361 0.000000 0.945883 0.000000 0.324507 0.657838 0.657838 0.657838
1831.628540 0.000000 2790.767334 0.000000 0.997203 0.000000 0.074740 0.680259 0.680259 0.680259
1794.098877 0.000000 2760.790039 0.000000 0.849788 0.000000 0.527124 0.545725 0.545725 0.545725
1800.038208 0.000000 2794.820557 0.000000 0.248192 0.000000 0.968711 0.640024 0.640024 0.640024
1821.285889 0.000000 2753.051758 0.000000 0.733184 0.000000 -0.680030 0.995348 0.995348 0.995348
1853.211060 0.000000 2772.151855 0.000000 0.715096 0.000000 -0.699026 0.912372 0.912372 0.912372
1791.883301 0.000000 2812.399658 0.000000 0.283699 0.000000 -0.958913 0.722424 0.722424 0.722424
1842.957031 0.000000 2805.893555 0.000000 0.907030 0.000000 0.421066 0.512395 0.512395 0.512395
1808.374146 0.000000 2755.082764 0.000000 0.451835 0.000000 -0.892101 0.823251 0.823251 0.823251
1809.862671 0.000000 2803.772217 0.000000 0.844296 0.000000 0.535878 0.504308 0.504308 0.504308
1825.448730 0.000000 2792.196777 0.000000 0.403099 0.000000 -0.915156 0.837362 0.837362 0.837362
1797.034058 0.000000 2789.360352 0.000000 0.786672 0.000000 -0.617371 0.932567 0.932567 0.932567
1853.948486 0.000000 2802.414307 0.000000 0.861680 0.000000 0.507452 0.486075 0.486075 0.486075
1836.728027 0.000000 2809.549805 0.000000 0.180897 0.000000 0.983502 0.110187 0.110187 0.110187
1826.032227 0.000000 2812.481201 0.000000 0.526624 0.000000 -0.850098 0.717758 0.717758 0.717758
1808.154053 0.000000 2813.469482 0.000000 0.996886 0.000000 -0.078862 0.703863 0.703863 0.703863
1817.485840 0.000000 2807.119873 0.000000 0.994672 0.000000 0.103090 0.655963 0.655963 0.655963
1813.846069 0.000000 2795.950928 0.000000 0.972482 0.000000 -0.232980 0.712328 0.712328 0.712328
1797.359009 0.000000 2815.265869 0.000000 0.908054 0.000000 -0.418853 0.785346 0.785346 0.785346
1817.188477 0.000000 2788.058838 0.000000 0.866994 0.000000 0.498318 0.663534 0.663534 0.663534
1798.605835 0.000000 2766.231689 0.000000 0.706091 0.000000 -0.708121 0.761878 0.761878 0.761878
1855.140137 0.000000 2807.397949 0.000000 0.023036 0.000000 -0.999735 0.721639 0.721639 0.721639
1829.765259 0.000000 2808.752930 0.000000 0.359867 0.000000 -0.933003 0.849225 0.849225 0.849225
1796.692749 0.000000 2804.749023 0.000000 0.805158 0.000000 -0.593060 0.888608 0.888608 0.888608
1796.038818 0.000000 2798.689209 0.000000 0.973065 0.000000 -0.230533 0.737401 0.737401 0.737401
1805.765015 0.000000 2800.987549 0.000000 0.846465 0.000000 -0.532444 0.744156 0.744156 0.744156
1840.023926 0.000000 2799.527100 0.000000 0.994885 0.000000 0.101016 0.658797 0.658797 0.658797
1807.149902 0.000000 2791.988037 0.000000 0.725346 0.000000 -0.688384 0.985277 0.985277 0.985277
1791.815308 0.000000 2790.129395 0.000000 0.808957 0.000000 0.587868 0.660464 0.660464 0.660464
1826.214600 0.000000 2803.322998 0.000000 0.648627 0.000000 0.761107 0.613834 0.613834 0.613834
1793.081299 0.000000 2807.874023 0.000000 0.584784 0.000000 -0.811189 1.121651 1.121651 1.121651
1801.042236 0.000000 2806.154785 0.000000 0.823192 0.000000 0.567764 0.628249 0.628249 0.628249
1833.140381 0.000000 2794.851807 0.000000 0.706960 0.000000 0.707254 0.636846 0.636846 0.636846
1822.507690 0.000000 2795.522217 0.000000 0.280423 0.000000 -0.959876 0.807922 0.807922 0.807922
1811.554932 0.000000 2799.666016 0.000000 0.667250 0.000000 -0.744834 0.959919 0.959919 0.959919
1855.370361 0.000000 2798.178467 0.000000 0.948987 0.000000 0.315315 0.657394 0.657394 0.657394
1820.449707 0.000000 2803.737793 0.000000 0.617224 0.000000 -0.786787 0.734817 0.734817 0.734817
1795.950195 0.000000 2752.581787 0.000000 0.717662 0.000000 -0.696391 1.000217 1.000217 1.000217
1850.965576 0.000000 2806.889404 0.000000 0.873630 0.000000 0.486591 0.682238 0.682238 0.682238
1844.290283 0.000000 2801.873779 0.000000 0.163898 0.000000 0.986477 0.631194 0.631194 0.631194
1854.091553 0.000000 2791.473389 0.000000 0.974174 0.000000 0.225798 0.689651 0.689651 0.689651
1813.552002 0.000000 2805.674316 0.000000 0.689512 0.000000 -0.724274 0.746712 0.746712 0.746712
1833.474487 0.000000 2806.888184 0.000000 0.499275 0.000000 0.866444 0.674359 0.674359 0.674359
1814.790283 0.000000 2791.867432 0.000000 0.128732 0.000000 0.991679 0.465686 0.465686 0.465686
1817.239502 0.000000 2752.990723 0.000000 0.950374 0.000000 0.311110 0.627022 0.627022 0.627022
1845.770386 0.000000 2813.394287 0.000000 0.138952 0.000000 -0.990299 0.872602 0.872602 0.872602
1809.311035 0.000000 2751.333984 0.000000 0.850232 0.000000 -0.526409 0.902481 0.902481 0.902481
1835.583130 0.000000 2791.406738 0.000000 0.054611 0.000000 0.998508 0.167428 0.167428 0.167428
1797.769287 0.000000 2762.500244 0.000000 0.459113 0.000000 -0.888378 0.759257 0.759257 0.759257
1810.533691 0.000000 2793.686768 0.000000 0.877818 0.000000 -0.478995 0.758487 0.758487 0.758487
1807.823242 0.000000 2758.884033 0.000000 0.572706 0.000000 -0.819761 0.830995 0.830995 0.830995
1803.381714 0.000000 2792.908936 0.000000 0.980479 0.000000 0.196625 0.676135 0.676135 0.676135
1821.876953 0.000000 2790.900635 0.000000 0.982223 0.000000 0.187719 0.653138 0.653138 0.653138
1807.563599 0.000000 2788.226562 0.000000 0.160552 0.000000 0.987027 0.362528 0.362528 0.362528
1795.062134 0.000000 2757.199463 0.000000 0.476313 0.000000 0.879276 0.275685 0.275685 0.275685
1841.210083 0.000000 2795.833740 0.000000 0.975456 0.000000 -0.220195 0.722503 0.722503 0.722503
1829.063477 0.000000 2793.607422 0.000000 0.760148 0.000000 -0.649750 1.002817 1.002817 1.002817
1839.412964 0.000000 2806.864502 0.000000 0.889307 0.000000 -0.457312 0.838618 0.838618 0.838618
1804.289551 0.000000 2804.217529 0.000000 0.541565 0.000000 -0.840659 0.815167 0.815167 0.815167
1797.049927 0.000000 2793.002441 0.000000 0.652216 0.000000 -0.758034 0.734579 0.734579 0.734579
1825.526367 0.000000 2798.281250 0.000000 0.200442 0.000000 0.979706 0.192807 0.192807 0.192807
1800.218872 0.000000 2791.253662 0.000000 0.669320 0.000000 0.742974 0.433624 0.433624 0.433624
1826.688965 0.000000 2807.024902 0.000000 0.471773 0.000000 0.881720 0.581150 0.581150 0.581150
1842.634399 0.000000 2815.303223 0.000000 0.238277 0.000000 0.971197 0.249019 0.249019 0.249019
1795.266479 0.000000 2812.629639 0.000000 0.879357 0.000000 -0.476163 0.773721 0.773721 0.773721
1799.865234 0.000000 2752.666016 0.000000 0.187602 0.000000 -0.982245 1.187889 1.187889 1.187889
1800.687134 0.000000 2809.974854 0.000000 0.788692 0.000000 0.614789 0.678015 0.678015 0.678015
1841.056519 0.000000 2802.884766 0.000000 0.459510 0.000000 0.888173 0.411480 0.411480 0.411480
1791.805908 0.000000 2758.011963 0.000000 0.897584 0.000000 -0.440844 0.740690 0.740690 0.740690
1818.807373 0.000000 2755.875244 0.000000 0.990883 0.000000 -0.134724 0.710627 0.710627 0.710627
1795.126709 0.000000 2764.390869 0.000000 0.729601 0.000000 -0.683873 0.776330 0.776330 0.776330
1839.489502 0.000000 2813.529297 0.000000 0.708582 0.000000 -0.705628 0.731485 0.731485 0.731485
1833.023315 0.000000 2810.260498 0.000000 0.947121 0.000000 -0.320877 0.826730 0.826730 0.826730
1792.313110 0.000000 2751.478027 0.000000 0.908403 0.000000 0.418095 0.534914 0.534914 0.534914
1799.034302 0.000000 2812.624756 0.000000 0.270195 0.000000 0.962806 0.121923 0.121923 0.121923
1827.933228 0.000000 2800.302490 0.000000 0.589333 0.000000 0.807890 0.601377 0.601377 0.601377
1806.188721 0.000000 2752.896240 0.000000 0.988754 0.000000 -0.149554 0.756141 0.756141 0.756141
1837.168335 0.000000 2797.722168 0.000000 0.766404 0.000000 0.642359 0.539083 0.539083 0.539083
1797.190186 0.000000 2801.621338 0.000000 0.096759 0.000000 -0.995308 1.132724 1.132724 1.132724
1826.532959 0.000000 2795.356934 0.000000 0.003425 0.000000 0.999994 0.067265 0.067265 0.067265
1829.114990 0.000000 2812.757812 0.000000 0.998274 0.000000 -0.058724 0.706058 0.706058 0.706058
1794.243652 0.000000 2788.025146 0.000000 0.185301 0.000000 -0.982682 1.200813 1.200813 1.200813
1852.672852 0.000000 2799.651855 0.000000 0.997614 0.000000 -0.069044 0.703140 0.703140 0.703140
1837.076416 0.000000 2800.766602 0.000000 0.763206 0.000000 0.646155 0.625108 0.625108 0.625108
1808.792480 0.000000 2800.910645 0.000000 0.755426 0.000000 0.655234 0.568893 0.568893 0.568893
1812.569946 0.000000 2802.496094 0.000000 0.539798 0.000000 0.841795 0.568853 0.568853 0.568853
1794.589478 0.000000 2791.270264 0.000000 0.536123 0.000000 -0.844140 0.807131 0.807131 0.807131
1824.921143 0.000000 2809.734131 0.000000 0.992100 0.000000 0.125448 0.685932 0.685932 0.685932
1839.661133 0.000000 2809.953369 0.000000 0.101916 0.000000 0.994793 0.284198 0.284198 0.284198
1850.928589 0.000000 2802.054443 0.000000 0.916646 0.000000 0.399699 0.615925 0.615925 0.615925
1834.198730 0.000000 2788.662109 0.000000 0.384377 0.000000 0.923176 0.578718 0.578718 0.578718
1810.521851 0.000000 2757.371094 0.000000 0.786792 0.000000 0.617218 0.668613 0.668613 0.668613
1823.300415 0.000000 2804.292725 0.000000 0.415187 0.000000 0.909736 0.458378 0.458378 0.458378
1817.449341 0.000000 2804.019287 0.000000 0.995473 0.000000 -0.095047 0.717633 0.717633 0.717633
1820.075195 0.000000 2788.659424 0.000000 0.194473 0.000000 0.980908 0.630311 0.630311 0.630311
1814.903320 0.000000 2808.403320 0.000000 0.810803 0.000000 -0.585320 0.722947 0.722947 0.722947
1836.408203 0.000000 2806.596191 0.000000 0.183568 0.000000 0.983007 0.501358 0.501358 0.501358
1821.925659 0.000000 2755.982178 0.000000 0.273456 0.000000 0.961885 0.586948 0.586948 0.586948
1799.795532 0.000000 2788.421387 0.000000 0.956229 0.000000 0.292619 0.662115 0.662115 0.662115
1816.166260 0.000000 2794.337402 0.000000 0.872275 0.000000 -0.489015 0.738397 0.738397 0.738397
1811.015259 0.000000 2796.892578 0.000000 0.087095 0.000000 -0.996200 1.062978 1.062978 1.062978
1804.950806 0.000000 2786.931152 0.000000 0.995195 0.000000 0.097917 0.692287 0.692287 0.692287
1793.415649 0.000000 2805.047852 0.000000 0.475947 0.000000 -0.879474 1.113210 1.113210 1.113210
1855.400879 0.000000 2795.037842 0.000000 0.828736 0.000000 0.559639 0.652253 0.652253 0.652253
1805.480835 0.000000 2814.192139 0.000000 0.575851 0.000000 -0.817555 0.790326 0.790326 0.790326
1798.307251 0.000000 2807.208252 0.000000 0.971637 0.000000 0.236478 0.619894 0.619894 0.619894
1799.322021 0.000000 2803.936523 0.000000 0.883369 0.000000 -0.468678 0.808262 0.808262 0.808262
1817.307251 0.000000 2790.809326 0.000000 0.869930 0.000000 -0.493175 0.845108 0.845108 0.845108
1796.014648 0.000000 2767.222168 0.000000 0.208961 0.000000 0.977924 0.474165 0.474165 0.474165
1855.760742 0.000000 2773.197510 0.000000 0.993467 0.000000 0.114118 0.676616 0.676616 0.676616
1852.659668 0.000000 2804.790283 0.000000 0.429709 0.000000 -0.902968 0.944140 0.944140 0.944140
1797.526489 0.000000 2786.708740 0.000000 0.162383 0.000000 -0.986728 0.845143 0.845143 0.845143
1828.243042 0.000000 2791.074463 0.000000 0.732361 0.000000 -0.680916 0.829587 0.829587 0.829587
1842.649902 0.000000 2799.576904 0.000000 0.960628 0.000000 -0.277838 0.739854 0.739854 0.739854
1793.731201 0.000000 2810.488770 0.000000 0.930447 0.000000 -0.366427 0.787855 0.787855 0.787855
1795.626953 0.000000 2807.210205 0.000000 0.999671 0.000000 0.025661 0.688564 0.688564 0.688564
1806.069580 0.000000 2798.369873 0.000000 0.659568 0.000000 0.751645 0.646489 0.646489 0.646489
1793.747192 0.000000 2800.225830 0.000000 0.937651 0.000000 0.347577 0.582751 0.582751 0.582751
1835.092407 0.000000 2811.815674 0.000000 0.945696 0.000000 0.325054 0.601643 0.601643 0.601643
1827.759277 0.000000 2810.525146 0.000000 0.482720 0.000000 0.875775 0.597439 0.597439 0.597439
1825.331543 0.000000 2800.908447 0.000000 0.950111 0.000000 0.311913 0.590240 0.590240 0.590240
1841.606445 0.000000 2808.267578 0.000000 0.202674 0.000000 0.979246 0.174544 0.174544 0.174544
1806.329224 0.000000 2756.589600 0.000000 0.986725 0.000000 -0.162399 0.768416 0.768416 0.768416
1835.159302 0.000000 2796.281738 0.000000 0.974498 0.000000 0.224395 0.687739 0.687739 0.687739
1794.748047 0.000000 2802.564941 0.000000 0.440538 0.000000 -0.897734 0.922055 0.922055 0.922055
1819.958130 0.000000 2795.329346 0.000000 0.419199 0.000000 -0.907894 0.799458 0.799458 0.799458
1805.349976 0.000000 2790.279297 0.000000 0.590461 0.000000 0.807067 0.430831 0.430831 0.430831
1802.037598 0.000000 2803.122314 0.000000 0.564874 0.000000 0.825177 0.452376 0.452376 0.452376
1809.042603 0.000000 2790.297363 0.000000 0.764086 0.000000 0.645115 0.544379 0.544379 0.544379
1819.177734 0.000000 2751.448975 0.000000 0.897280 0.000000 -0.441462 0.902158 0.902158 0.902158
1837.681030 0.000000 2811.834961 0.000000 0.159029 0.000000 -0.987274 0.961396 0.961396 0.961396
1807.445679 0.000000 2803.028809 0.000000 0.469756 0.000000 -0.882796 0.924970 0.924970 0.924970
1804.060547 0.000000 2754.369873 0.000000 0.157702 0.000000 -0.987487 1.006075 1.006075 1.006075
1796.314331 0.000000 2755.111328 0.000000 0.880894 0.000000 -0.473314 0.840448 0.840448 0.840448
1837.851807 0.000000 2792.215088 0.000000 0.059980 0.000000 0.998200 0.578550 0.578550 0.578550
1821.296875 0.000000 2793.250732 0.000000 0.824052 0.000000 0.566514 0.495812 0.495812 0.495812
1830.709839 0.000000 2795.511475 0.000000 0.978260 0.000000 0.207383 0.680651 0.680651 0.680651
1845.964600 0.000000 2803.674805 0.000000 0.882053 0.000000 -0.471151 0.738581 0.738581 0.738581
1833.426270 0.000000 2792.392334 0.000000 0.203490 0.000000 0.979077 0.277504 0.277504 0.277504
1835.427856 0.000000 2793.926270 0.000000 0.954022 0.000000 0.299735 0.633501 0.633501 0.633501
1810.188599 0.000000 2753.489990 0.000000 0.875511 0.000000 0.483197 0.606581 0.606581 0.606581
1808.219116 0.000000 2794.235352 0.000000 0.957626 0.000000 -0.288015 0.801602 0.801602 0.801602
1830.744019 0.000000 2811.046631 0.000000 0.961981 0.000000 -0.273118 0.804423 0.804423 0.804423
1809.405396 0.000000 2798.637451 0.000000 0.025612 0.000000 0.999672 0.289549 0.289549 0.289549
1823.266235 0.000000 2797.821533 0.000000 0.486651 0.000000 -0.873597 0.792844 0.792844 0.792844
1822.226074 0.000000 2802.245605 0.000000 0.181364 0.000000 -0.983416 1.000872 1.000872 1.000872
1854.888306 0.000000 2805.158936 0.000000 0.819283 0.000000 -0.573389 0.772565 0.772565 0.772565
1791.853149 0.000000 2760.577148 0.000000 0.185805 0.000000 -0.982587 0.782229 0.782229 0.782229
1800.359985 0.000000 2814.426514 0.000000 0.981031 0.000000 -0.193848 0.724206 0.724206 0.724206
1823.591187 0.000000 2793.549805 0.000000 0.430056 0.000000 0.902802 0.444134 0.444134 0.444134
1837.369751 0.000000 2790.017822 0.000000 0.910443 0.000000 0.413634 0.653795 0.653795 0.653795
1831.270508 0.000000 2793.113037 0.000000 0.831161 0.000000 -0.556031 0.893712 0.893712 0.893712
1839.043823 0.000000 2801.791016 0.000000 0.924059 0.000000 0.382250 0.558796 0.558796 0.558796
1839.589844 0.000000 2797.303467 0.000000 0.709851 0.000000 0.704352 0.364025 0.364025 0.364025
1854.867798 0.000000 2800.334473 0.000000 0.534945 0.000000 -0.844887 1.086911 1.086911 1.086911
1825.271362 0.000000 2805.296875 0.000000 0.758049 0.000000 -0.652198 0.912318 0.912318 0.912318
1839.475220 0.000000 2804.559326 0.000000 0.327935 0.000000 -0.944700 1.093338 1.093338 1.093338
1815.869263 0.000000 2805.622803 0.000000 0.998059 0.000000 -0.062281 0.703812 0.703812 0.703812
1815.630371 0.000000 2751.484619 0.000000 0.610642 0.000000 -0.791907 1.027418 1.027418 1.027418
1834.734619 0.000000 2808.697021 0.000000 0.726663 0.000000 0.686994 0.469707 0.469707 0.469707
1819.546509 0.000000 2790.790283 0.000000 0.198640 0.000000 -0.980073 1.064136 1.064136 1.064136
1794.346558 0.000000 2754.247070 0.000000 0.769102 0.000000 0.639127 0.420095 0.420095 0.420095
1850.539307 0.000000 2804.248779 0.000000 0.522258 0.000000 -0.852788 0.867772 0.867772 0.867772
1843.059448 0.000000 2803.673584 0.000000 0.267181 0.000000 -0.963646 1.088586 1.088586 1.088586
1797.255493 0.000000 2764.614258 0.000000 0.265530 0.000000 0.964103 0.269944 0.269944 0.269944
1813.593262 0.000000 2800.642578 0.000000 0.996292 0.000000 -0.086042 0.715356 0.715356 0.715356
1843.586548 0.000000 2813.361328 0.000000 0.655099 0.000000 -0.755543 1.009832 1.009832 1.009832
1794.810669 0.000000 2786.002197 0.000000 0.785808 0.000000 0.618471 0.545018 0.545018 0.545018
1801.278931 0.000000 2793.071045 0.000000 0.900310 0.000000 -0.435250 0.802305 0.802305 0.802305
1819.311646 0.000000 2753.805176 0.000000 0.690648 0.000000 -0.723191 0.988204 0.988204 0.988204
1802.386841 0.000000 2791.102539 0.000000 0.669514 0.000000 0.742799 0.375181 0.375181 0.375181
1811.816406 0.000000 2804.476807 0.000000 0.800501 0.000000 0.599331 0.595551 0.595551 0.595551
1791.817749 0.000000 2787.974854 0.000000 0.544857 0.000000 -0.838529 1.011121 1.011121 1.011121
1797.784546 0.000000 2753.561035 0.000000 0.371868 0.000000 -0.928285 0.847625 0.847625 0.847625
1824.538330 0.000000 2796.157471 0.000000 0.635122 0.000000 -0.772412 0.982272 0.982272 0.982272
1791.782959 0.000000 2809.717041 0.000000 0.962808 0.000000 -0.270186 0.764067 0.764067 0.764067
1827.448120 0.000000 2805.041504 0.000000 0.551421 0.000000 -0.834227 0.781047 0.781047 0.781047
1793.707397 0.000000 2758.698730 0.000000 0.807532 0.000000 0.589824 0.493842 0.493842 0.493842
1793.149292 0.000000 2756.413086 0.000000 0.886815 0.000000 0.462124 0.611850 0.611850 0.611850
1817.871460 0.000000 2795.516113 0.000000 0.965072 0.000000 -0.261985 0.719920 0.719920 0.719920
1810.747192 0.000000 2801.695312 0.000000 0.568954 0.000000 -0.822369 1.101601 1.101601 1.101601
1798.114502 0.000000 2791.181152 0.000000 0.923035 0.000000 0.384716 0.639959 0.639959 0.639959
1797.115234 0.000000 2811.855957 0.000000 0.113824 0.000000 -0.993501 1.349166 1.349166 1.349166
1811.200073 0.000000 2751.799316 0.000000 0.157450 0.000000 0.987527 0.142053 0.142053 0.142053
1807.312988 0.000000 2815.302246 0.000000 0.988459 0.000000 -0.151488 0.748900 0.748900 0.748900
1795.410522 0.000000 2809.247803 0.000000 0.460767 0.000000 0.887521 0.213396 0.213396 0.213396
1824.318359 0.000000 2802.616699 0.000000 0.934255 0.000000 -0.356606 0.824259 0.824259 0.824259
1838.371582 0.000000 2808.498291 0.000000 0.180754 0.000000 0.983528 0.306750 0.306750 0.306750
1841.036499 0.000000 2805.827881 0.000000 0.980393 0.000000 -0.197053 0.754768 0.754768 0.754768
1808.289917 0.000000 2753.167236 0.000000 0.227619 0.000000 0.973750 0.467964 0.467964 0.467964
1809.748291 0.000000 2795.457764 0.000000 0.993092 0.000000 -0.117335 0.740900 0.740900 0.740900
1797.145630 0.000000 2757.356934 0.000000 0.361596 0.000000 0.932335 0.488048 0.488048 0.488048
1794.010498 0.000000 2752.358154 0.000000 0.007392 0.000000 0.999973 0.090724 0.090724 0.090724
1823.759399 0.000000 2791.234619 0.000000 0.996266 0.000000 -0.086339 0.713748 0.713748 0.713748
1841.397217 0.000000 2813.689453 0.000000 0.997851 0.000000 -0.065522 0.714782 0.714782 0.714782
1827.186523 0.000000 2793.014648 0.000000 0.999936 0.000000 -0.011320 0.702869 0.702869 0.702869
1808.678833 0.000000 2756.921631 0.000000 0.085777 0.000000 -0.996314 1.050327 1.050327 1.050327
1827.411987 0.000000 2798.463135 0.000000 0.859959 0.000000 0.510363 0.621374 0.621374 0.621374
1805.550049 0.000000 2802.840332 0.000000 0.881913 0.000000 -0.471412 0.832970 0.832970 0.832970
1839.505615 0.000000 2795.017334 0.000000 0.938251 0.000000 -0.345956 0.784577 0.784577 0.784577
1795.648193 0.000000 2758.993652 0.000000 0.967402 0.000000 0.253246 0.606485 0.606485 0.606485
1841.416382 0.000000 2800.988770 0.000000 0.747294 0.000000 -0.664493 0.966736 0.966736 0.966736
1801.654907 0.000000 2753.332520 0.000000 0.480214 0.000000 0.877151 0.419540 0.419540 0.419540
1833.480347 0.000000 2790.389404 0.000000 0.077652 0.000000 0.996981 0.274691 0.274691 0.274691
1801.225220 0.000000 2789.615723 0.000000 0.702684 0.000000 0.711502 0.611459 0.611459 0.611459
1805.002930 0.000000 2751.422607 0.000000 0.912506 0.000000 -0.409064 0.814891 0.814891 0.814891
1824.941284 0.000000 2807.770996 0.000000 0.917784 0.000000 0.397081 0.552999 0.552999 0.552999
1829.999268 0.000000 2791.649902 0.000000 0.283629 0.000000 0.958934 0.477989 0.477989 0.477989
1844.549194 0.000000 2804.875977 0.000000 0.573264 0.000000 -0.819371 0.837615 0.837615 0.837615
1837.984375 0.000000 2805.656738 0.000000 0.496152 0.000000 0.868235 0.611785 0.611785 0.611785
1795.534668 0.000000 2800.666992 0.000000 0.673424 0.000000 -0.739257 1.022772 1.022772 1.022772
1816.997437 0.000000 2792.608887 0.000000 0.824511 0.000000 0.565846 0.527620 0.527620 0.527620
1811.848633 0.000000 2795.140625 0.000000 0.044014 0.000000 0.999031 0.337131 0.337131 0.337131
1828.650024 0.000000 2795.448730 0.000000 0.719253 0.000000 -0.694748 0.811408 0.811408 0.811408
1799.748047 0.000000 2754.541016 0.000000 0.995049 0.000000 -0.099387 0.712352 0.712352 0.712352
1806.563599 0.000000 2754.743164 0.000000 0.149928 0.000000 0.988697 0.171314 0.171314 0.171314
1805.169067 0.000000 2805.901123 0.000000 0.802615 0.000000 -0.596497 0.773718 0.773718 0.773718
1816.354248 0.000000 2809.631592 0.000000 0.837993 0.000000 -0.545681 0.791792 0.791792 0.791792
1800.714355 0.000000 2811.835205 0.000000 0.726041 0.000000 -0.687651 0.802033 0.802033 0.802033
1847.539795 0.000000 2814.057129 0.000000 0.972651 0.000000 -0.232270 0.745881 0.745881 0.745881
1844.103271 0.000000 2807.310303 0.000000 0.861016 0.000000 0.508578 0.640327 0.640327 0.640327
1840.238159 0.000000 2811.728027 0.000000 0.231600 0.000000 -0.972811 1.176677 1.176677 1.176677
1832.614990 0.000000 2808.511475 0.000000 0.649891 0.000000 0.760028 0.531016 0.531016 0.531016
1854.389404 0.000000 2793.529541 0.000000 0.514557 0.000000 0.857456 0.545153 0.545153 0.545153
1842.464111 0.000000 2809.944092 0.000000 0.655174 0.000000 -0.755478 0.803265 0.803265 0.803265
1799.007080 0.000000 2810.638428 0.000000 0.555154 0.000000 0.831748 0.262277 0.262277 0.262277
1838.119751 0.000000 2799.291260 0.000000 0.849228 0.000000 0.528026 0.502656 0.502656 0.502656
1825.450684 0.000000 2793.956055 0.000000 0.150562 0.000000 0.988601 0.531294 0.531294 0.531294
1806.510498 0.000000 2812.776611 0.000000 0.585134 0.000000 0.810937 0.610750 0.610750 0.610750
1854.038208 0.000000 2773.804443 0.000000 0.716815 0.000000 0.697264 0.542238 0.542238 0.542238
1836.139038 0.000000 2799.286133 0.000000 0.971829 0.000000 0.235689 0.674221 0.674221 0.674221
1795.553833 0.000000 2762.637939 0.000000 0.589349 0.000000 -0.807878 0.790402 0.790402 0.790402
1812.431396 0.000000 2753.182861 0.000000 0.999533 0.000000 -0.030569 0.706465 0.706465 0.706465
1805.763428 0.000000 2788.483643 0.000000 0.430287 0.000000 0.902692 0.355643 0.355643 0.355643
1796.072632 0.000000 2787.815918 0.000000 0.895619 0.000000 -0.444823 0.747530 0.747530 0.747530
1795.102051 0.000000 2805.516357 0.000000 0.933972 0.000000 0.357347 0.592075 0.592075 0.592075
1793.511475 0.000000 2789.633789 0.000000 0.991348 0.000000 -0.131261 0.740949 0.740949 0.740949
1807.146240 0.000000 2790.009521 0.000000 0.896805 0.000000 0.442426 0.527802 0.527802 0.527802
1799.082031 0.000000 2764.415527 0.000000 0.487210 0.000000 -0.873285 0.824336 0.824336 0.824336
1802.323975 0.000000 2804.867676 0.000000 0.937766 0.000000 0.347268 0.626245 0.626245 0.626245
1798.836304 0.000000 2802.228027 0.000000 0.658876 0.000000 -0.752251 0.888978 0.888978 0.888978
1826.872559 0.000000 2801.664062 0.000000 0.723221 0.000000 -0.690617 0.779935 0.779935 0.779935
1796.348999 0.000000 2791.064209 0.000000 0.782999 0.000000 0.622024 0.549831 0.549831 0.549831
1835.706421 0.000000 2789.578613 0.000000 0.970673 0.000000 -0.240404 0.725033 0.725033 0.725033
1824.245483 0.000000 2799.499268 0.000000 0.358383 0.000000 -0.933575 1.146164 1.146164 1.146164
1795.461304 0.000000 2810.931885 0.000000 0.355062 0.000000 -0.934843 1.172810 1.172810 1.172810
1838.092285 0.000000 2796.276367 0.000000 0.544558 0.000000 -0.838723 1.127728 1.127728 1.127728
1795.234863 0.000000 2789.458984 0.000000 0.879369 0.000000 0.476141 0.520478 0.520478 0.520478
1852.500122 0.000000 2801.337402 0.000000 0.145241 0.000000 -0.989396 1.013788 1.013788 1.013788
1798.859985 0.000000 2805.596924 0.000000 0.182382 0.000000 0.983228 0.144772 0.144772 0.144772
1797.544678 0.000000 2813.510010 0.000000 0.038086 0.000000 0.999274 0.177688 0.177688 0.177688
1852.343018 0.000000 2803.107178 0.000000 0.684132 0.000000 0.729358 0.371458 0.371458 0.371458
1804.026733 0.000000 2791.264648 0.000000 0.226969 0.000000 0.973902 0.315426 0.315426 0.315426
1833.276245 0.000000 2811.903809 0.000000 0.954993 0.000000 0.296628 0.583161 0.583161 0.583161
1791.819824 0.000000 2804.604492 0.000000 0.699043 0.000000 0.715080 0.349124 0.349124 0.349124
1830.407959 0.000000 2813.801270 0.000000 0.470810 0.000000 -0.882235 0.913391 0.913391 0.913391
1792.119873 0.000000 2800.545410 0.000000 0.230426 0.000000 0.973090 0.257975 0.257975 0.257975
1792.097290 0.000000 2806.248535 0.000000 0.251204 0.000000 -0.967934 1.286843 1.286843 1.286843
1796.954468 0.000000 2808.245605 0.000000 0.758924 0.000000 0.651179 0.383985 0.383985 0.383985
1826.650513 0.000000 2796.999023 0.000000 0.876947 0.000000 -0.480588 0.830540 0.830540 0.830540
1809.379272 0.000000 2814.594971 0.000000 0.232957 0.000000 -0.972487 0.966100 0.966100 0.966100
1801.001709 0.000000 2751.469727 0.000000 0.388483 0.000000 -0.921456 1.089090 1.089090 1.089090
1798.732788 0.000000 2789.645020 0.000000 0.926921 0.000000 0.375256 0.650926 0.650926 0.650926
1845.300781 0.000000 2814.959473 0.000000 0.785836 0.000000 0.618435 0.442491 0.442491 0.442491
1805.896606 0.000000 2804.424072 0.000000 0.982950 0.000000 -0.183874 0.721330 0.721330 0.721330
1796.500488 0.000000 2803.069336 0.000000 0.402430 0.000000 -0.915451 0.894045 0.894045 0.894045
1814.723022 0.000000 2806.831299 0.000000 0.842997 0.000000 0.537918 0.603721 0.603721 0.603721
1798.961426 0.000000 2815.172363 0.000000 0.050256 0.000000 -0.998736 1.300535 1.300535 1.300535
1823.497925 0.000000 2801.220215 0.000000 0.999755 0.000000 0.022114 0.696406 0.696406 0.696406
1792.592651 0.000000 2753.093506 0.000000 0.791047 0.000000 0.611755 0.610269 0.610269 0.610269
1798.599976 0.000000 2808.820801 0.000000 0.074102 0.000000 0.997251 0.098439 0.098439 0.098439
1831.254395 0.000000 2809.514404 0.000000 0.576081 0.000000 -0.817393 0.810366 0.810366 0.810366
1804.946167 0.000000 2755.746094 0.000000 0.796916 0.000000 -0.604090 0.840557 0.840557 0.840557
1808.640381 0.000000 2792.690918 0.000000 0.372375 0.000000 0.928082 0.246935 0.246935 0.246935
1826.375977 0.000000 2799.667969 0.000000 0.174530 0.000000 0.984652 0.495164 0.495164 0.495164
1823.796143 0.000000 2805.806396 0.000000 0.183494 0.000000 0.983021 0.406865 0.406865 0.406865
1835.170166 0.000000 2810.222900 0.000000 0.835880 0.000000 0.548913 0.527372 0.527372 0.527372
1842.715088 0.000000 2802.068359 0.000000 0.984191 0.000000 -0.177109 0.753207 0.753207 0.753207
1798.064209 0.000000 2788.190674 0.000000 0.903464 0.000000 -0.428664 0.756517 0.756517 0.756517
1820.835083 0.000000 2751.531982 0.000000 0.984097 0.000000 0.177631 0.633527 0.633527 0.633527
1817.618286 0.000000 2805.571045 0.000000 0.481016 0.000000 0.876712 0.501977 0.501977 0.501977
1800.378784 0.000000 2802.757324 0.000000 0.592294 0.000000 -0.805722 0.917761 0.917761 0.917761
1841.375366 0.000000 2798.691406 0.000000 0.435679 0.000000 0.900102 0.243949 0.243949 0.243949
1807.474365 0.000000 2751.795898 0.000000 0.909435 0.000000 0.415847 0.508879 0.508879 0.508879
1808.910034 0.000000 2802.455811 0.000000 0.953024 0.000000 -0.302895 0.806481 0.806481 0.806481
1793.031738 0.000000 2786.939453 0.000000 0.368792 0.000000 -0.929512 1.023178 1.023178 1.023178
1797.001465 0.000000 2806.266602 0.000000 0.776883 0.000000 -0.629645 1.003519 1.003519 1.003519
1793.987915 0.000000 2806.550293 0.000000 0.964921 0.000000 0.262540 0.581616 0.581616 0.581616
1800.826904 0.000000 2804.479492 0.000000 0.775844 0.000000 -0.630925 0.930279 0.930279 0.930279
1793.533081 0.000000 2803.498779 0.000000 0.894605 0.000000 -0.446857 0.883772 0.883772 0.883772
1836.646973 0.000000 2795.764893 0.000000 0.985008 0.000000 -0.172509 0.726663 0.726663 0.726663
1841.570190 0.000000 2804.316895 0.000000 0.078439 0.000000 -0.996919 1.112045 1.112045 1.112045
1820.430542 0.000000 2792.040039 0.000000 0.267257 0.000000 -0.963625 1.140826 1.140826 1.140826
1796.135254 0.000000 2765.619873 0.000000 0.998416 0.000000 -0.056261 0.718592 0.718592 0.718592
1804.696411 0.000000 2752.892578 0.000000 0.600769 0.000000 0.799423 0.534878 0.534878 0.534878
1829.144897 0.000000 2811.107666 0.000000 0.041320 0.000000 0.999146 0.186809 0.186809 0.186809
1806.458740 0.000000 2793.320312 0.000000 0.989577 0.000000 -0.144007 0.728790 0.728790 0.728790
1836.175537 0.000000 2808.118408 0.000000 0.568774 0.000000 0.822494 0.289868 0.289868 0.289868
1840.006470 0.000000 2808.249512 0.000000 0.401845 0.000000 -0.915708 1.144932 1.144932 1.144932
1810.205566 0.000000 2800.268066 0.000000 0.983638 0.000000 -0.180157 0.775343 0.775343 0.775343
1812.116577 0.000000 2801.046143 0.000000 0.909127 0.000000 0.416518 0.623420 0.623420 0.623420
1798.929565 0.000000 2751.358887 0.000000 0.144952 0.000000 0.989439 0.503220 0.503220 0.503220
1794.943481 0.000000 2755.684082 0.000000 0.828005 0.000000 -0.560720 0.940300 0.940300 0.940300
1855.152588 0.000000 2803.534180 0.000000 0.921772 0.000000 0.387733 0.549003 0.549003 0.549003
1822.638184 0.000000 2792.284180 0.000000 0.168150 0.000000 -0.985761 1.018479 1.018479 1.018479
1797.935181 0.000000 2803.466064 0.000000 0.022763 0.000000 0.999741 0.440290 0.440290 0.440290
1811.219604 0.000000 2803.133301 0.000000 0.991136 0.000000 -0.132848 0.753323 0.753323 0.753323
1841.052612 0.000000 2810.425537 0.000000 0.824763 0.000000 -0.565479 0.914266 0.914266 0.914266
1836.370239 0.000000 2811.060547 0.000000 0.999497 0.000000 -0.031718 0.705877 0.705877 0.705877
1793.517700 0.000000 2801.665771 0.000000 0.771032 0.000000 -0.636797 0.928013 0.928013 0.928013
1809.588135 0.000000 2797.174072 0.000000 0.828330 0.000000 0.560240 0.500465 0.500465 0.500465
1816.093018 0.000000 2807.595947 0.000000 0.945829 0.000000 0.324664 0.559004 0.559004 0.559004
1795.097046 0.000000 2751.407715 0.000000 0.989155 0.000000 -0.146874 0.742505 0.742505 0.742505
1795.305908 0.000000 2803.960693 0.000000 0.726531 0.000000 -0.687133 0.850920 0.850920 0.850920
1850.059814 0.000000 2805.631104 0.000000 0.590657 0.000000 -0.806923 0.854240 0.854240 0.854240
1838.795776 0.000000 2803.249512 0.000000 0.921644 0.000000 0.388036 0.573253 0.573253 0.573253
1815.497803 0.000000 2793.080078 0.000000 0.252739 0.000000 0.967534 0.488531 0.488531 0.488531
1794.471313 0.000000 2808.125000 0.000000 0.548667 0.000000 -0.836041 1.141190 1.141190 1.141190
1815.852905 0.000000 2790.911133 0.000000 0.164148 0.000000 -0.986436 0.928495 0.928495 0.928495
1814.724854 0.000000 2752.625244 0.000000 0.929902 0.000000 0.367807 0.618380 0.618380 0.618380
1853.788574 0.000000 2803.889893 0.000000 0.657080 0.000000 -0.753821 1.043203 1.043203 1.043203
1810.868652 0.000000 2798.357422 0.000000 0.038016 0.000000 0.999277 0.225880 0.225880 0.225880
1824.787842 0.000000 2803.941406 0.000000 0.557331 0.000000 -0.830290 1.033837 1.033837 1.033837
1817.683838 0.000000 2751.594482 0.000000 0.073006 0.000000 -0.997332 1.244419 1.244419 1.244419
1827.651001 0.000000 2794.354004 0.000000 0.370115 0.000000 -0.928986 1.181065 1.181065 1.181065
1818.504761 0.000000 2791.754395 0.000000 0.756769 0.000000 -0.653682 0.889247 0.889247 0.889247
1792.429932 0.000000 2811.036377 0.000000 0.680678 0.000000 0.732583 0.507482 0.507482 0.507482
1851.407349 0.000000 2805.364990 0.000000 0.674035 0.000000 0.738700 0.563466 0.563466 0.563466
1824.290771 0.000000 2794.783691 0.000000 0.463728 0.000000 -0.885977 0.905461 0.905461 0.905461
1810.493530 0.000000 2805.081787 0.000000 0.857009 0.000000 0.515302 0.612015 0.612015 0.612015
1834.030762 0.000000 2793.763672 0.000000 0.991316 0.000000 0.131502 0.671190 0.671190 0.671190
1820.025269 0.000000 2793.776123 0.000000 0.927678 0.000000 -0.373380 0.829730 0.829730 0.829730
1817.157593 0.000000 2808.484131 0.000000 0.723175 0.000000 -0.690665 0.821246 0.821246 0.821246
1842.565186 0.000000 2807.218018 0.000000 0.946676 0.000000 0.322186 0.583052 0.583052 0.583052
1799.697144 0.000000 2806.706543 0.000000 0.982462 0.000000 -0.186464 0.762934 0.762934 0.762934
1807.411377 0.000000 2757.572754 0.000000 0.678765 0.000000 0.734356 0.354097 0.354097 0.354097
1834.843262 0.000000 2792.587646 0.000000 0.900591 0.000000 -0.434667 0.798229 0.798229 0.798229
1803.397583 0.000000 2803.186035 0.000000 0.169624 0.000000 -0.985509 1.057295 1.057295 1.057295
1838.885742 0.000000 2800.436523 0.000000 0.987376 0.000000 -0.158392 0.757263 0.757263 0.757263
1830.417847 0.000000 2812.356201 0.000000 0.898085 0.000000 -0.439822 0.789931 0.789931 0.789931
1818.576416 0.000000 2752.656738 0.000000 0.984782 0.000000 0.173794 0.637725 0.637725 0.637725
1793.577026 0.000000 2809.149414 0.000000 0.090451 0.000000 0.995901 0.058471 0.058471 0.058471
1843.354492 0.000000 2800.868164 0.000000 0.650325 0.000000 0.759656 0.494941 0.494941 0.494941
1797.271362 0.000000 2766.681396 0.000000 0.928169 0.000000 -0.372160 0.763309 0.763309 0.763309
1796.693359 0.000000 2799.922607 0.000000 0.059427 0.000000 -0.998233 0.942989 0.942989 0.942989
1792.397339 0.000000 2759.250488 0.000000 0.738818 0.000000 0.673904 0.458339 0.458339 0.458339
1804.507568 0.000000 2789.211914 0.000000 0.986475 0.000000 0.163913 0.649644 0.649644 0.649644
1819.959839 0.000000 2752.570557 0.000000 0.962763 0.000000 -0.270347 0.797595 0.797595 0.797595
1805.385986 0.000000 2754.072998 0.000000 0.659596 0.000000 0.751621 0.515693 0.515693 0.515693
1796.224365 0.000000 2813.540771 0.000000 0.974320 0.000000 0.225166 0.622604 0.622604 0.622604
1828.524658 0.000000 2792.364990 0.000000 0.025416 0.000000 0.999677 0.038334 0.038334 0.038334
1794.875977 0.000000 2799.475098 0.000000 0.475755 0.000000 0.879578 0.476446 0.476446 0.476446
1795.785034 0.000000 2753.897949 0.000000 0.562629 0.000000 0.826710 0.320720 0.320720 0.320720
1816.237427 0.000000 2753.904053 0.000000 0.150758 0.000000 0.988571 0.372557 0.372557 0.372557
1806.808716 0.000000 2814.072754 0.000000 0.650365 0.000000 0.759622 0.422584 0.422584 0.422584
1831.971680 0.000000 2811.654297 0.000000 0.162322 0.000000 -0.986738 1.231396 1.231396 1.231396
1840.928223 0.000000 2797.129639 0.000000 0.118540 0.000000 0.992949 0.334607 0.334607 0.334607
1796.196655 0.000000 2756.429199 0.000000 0.665455 0.000000 0.746438 0.551260 0.551260 0.551260
1797.640991 0.000000 2754.936768 0.000000 0.834980 0.000000 -0.550281 0.865986 0.865986 0.865986
1855.119995 0.000000 2801.641113 0.000000 0.998748 0.000000 0.050032 0.680756 0.680756 0.680756
1832.143921 0.000000 2792.028320 0.000000 0.944187 0.000000 0.329411 0.596167 0.596167 0.596167
1832.692749 0.000000 2793.469238 0.000000 0.918647 0.000000 0.395078 0.574368 0.574368 0.574368
1807.567261 0.000000 2756.094971 0.000000 0.813661 0.000000 0.581339 0.439803 0.439803 0.439803
1840.337158 0.000000 2801.754395 0.000000 0.994871 0.000000 -0.101147 0.737184 0.737184 0.737184
1840.804810 0.000000 2807.160645 0.000000 0.489201 0.000000 -0.872171 1.112947 1.112947 1.112947
1843.841553 0.000000 2814.737061 0.000000 0.998968 0.000000 -0.045430 0.715408 0.715408 0.715408
1827.862427 0.000000 2796.482666 0.000000 0.444561 0.000000 0.895748 0.410938 0.410938 0.410938
1791.845215 0.000000 2808.352539 0.000000 0.524426 0.000000 -0.851456 0.938568 0.938568 0.938568
1845.567993 0.000000 2751.381836 0.000000 0.957464 0.000000 -0.288552 0.753200 0.753200 0.753200
1794.396484 0.000000 2811.671387 0.000000 0.429182 0.000000 0.903218 0.258744 0.258744 0.258744
1793.017212 0.000000 2788.431396 0.000000 0.317097 0.000000 0.948393 0.311745 0.311745 0.311745
1853.691650 0.000000 2800.833740 0.000000 0.396719 0.000000 -0.917940 0.956056 0.956056 0.956056
1843.719360 0.000000 2810.405273 0.000000 0.850804 0.000000 -0.525483 0.820863 0.820863 0.820863
1838.489868 0.000000 2798.019043 0.000000 0.987468 0.000000 0.157816 0.643778 0.643778 0.643778
1843.362793 0.000000 2812.079346 0.000000 0.106937 0.000000 -0.994266 1.229477 1.229477 1.229477
1799.180664 0.000000 2813.886719 0.000000 0.924424 0.000000 -0.381367 0.874365 0.874365 0.874365
1834.101929 0.000000 2810.926270 0.000000 0.270121 0.000000 -0.962826 1.085407 1.085407 1.085407
1824.557007 0.000000 2797.453857 0.000000 0.980996 0.000000 -0.194027 0.762447 0.762447 0.762447
1795.916870 0.000000 2801.919922 0.000000 0.885504 0.000000 0.464631 0.512529 0.512529 0.512529
1824.889648 0.000000 2806.530762 0.000000 0.974560 0.000000 0.224128 0.618622 0.618622 0.618622
1808.238892 0.000000 2791.310059 0.000000 0.556792 0.000000 0.830652 0.482434 0.482434 0.482434
1798.593506 0.000000 2752.563965 0.000000 0.016048 0.000000 0.999871 0.151155 0.151155 0.151155
1795.220703 0.000000 2760.227051 0.000000 0.731787 0.000000 0.681534 0.491641 0.491641 0.491641
1811.419067 0.000000 2753.906982 0.000000 0.995629 0.000000 -0.093394 0.717326 0.717326 0.717326
1825.617920 0.000000 2802.116943 0.000000 0.906227 0.000000 -0.422792 0.848758 0.848758 0.848758
1808.502686 0.000000 2803.745850 0.000000 0.017592 0.000000 -0.999845 1.237442 1.237442 1.237442
1806.057739 0.000000 2791.360352 0.000000 0.969283 0.000000 0.245947 0.606632 0.606632 0.606632
1801.327759 0.000000 2791.830566 0.000000 0.894139 0.000000 -0.447789 0.847673 0.847673 0.847673
1834.729126 0.000000 2790.307617 0.000000 0.599648 0.000000 0.800264 0.374120 0.374120 0.374120
1847.809570 0.000000 2815.295166 0.000000 0.628017 0.000000 -0.778200 0.874550 0.874550 0.874550
1807.193359 0.000000 2753.694580 0.000000 0.511361 0.000000 -0.859366 1.086709 1.086709 1.086709
1842.429321 0.000000 2812.972412 0.000000 0.902748 0.000000 -0.430171 0.860864 0.860864 0.860864
1852.728394 0.000000 2773.348877 0.000000 0.235991 0.000000 0.971755 0.334385 0.334385 0.334385
1806.446899 0.000000 2802.054688 0.000000 0.381995 0.000000 -0.924164 0.945155 0.945155 0.945155
1834.231567 0.000000 2791.493652 0.000000 0.473581 0.000000 0.880750 0.321532 0.321532 0.321532
1798.301514 0.000000 2811.684082 0.000000 0.271014 0.000000 0.962576 0.122302 0.122302 0.122302
1794.548096 0.000000 2761.944092 0.000000 0.746100 0.000000 -0.665833 0.902456 0.902456 0.902456
1840.227417 0.000000 2798.341553 0.000000 0.974217 0.000000 -0.225612 0.792664 0.792664 0.792664
1840.041504 0.000000 2796.200195 0.000000 0.566669 0.000000 -0.823946 0.943684 0.943684 0.943684
1840.687500 0.000000 2809.266113 0.000000 0.774405 0.000000 -0.632690 0.963369 0.963369 0.963369
1792.951782 0.000000 2761.180420 0.000000 0.974111 0.000000 -0.226072 0.757387 0.757387 0.757387
1841.161133 0.000000 2812.490723 0.000000 0.610936 0.000000 0.791680 0.494050 0.494050 0.494050
1823.152466 0.000000 2803.093506 0.000000 0.715028 0.000000 -0.699096 0.867755 0.867755 0.867755
1840.004395 0.000000 2803.461670 0.000000 0.996841 0.000000 0.079425 0.679019 0.679019 0.679019
1809.405029 0.000000 2794.163574 0.000000 0.774935 0.000000 -0.632041 0.937938 0.937938 0.937938
1798.075806 0.000000 2804.697510 0.000000 0.178746 0.000000 -0.983895 1.256707 1.256707 1.256707
1836.283691 0.000000 2796.899902 0.000000 0.980241 0.000000 -0.197808 0.745933 0.745933 0.745933
1830.039307 0.000000 2792.926025 0.000000 0.945273 0.000000 0.326281 0.590802 0.590802 0.590802
1851.177002 0.000000 2803.220703 0.000000 0.964479 0.000000 0.264161 0.645339 0.645339 0.645339
1853.725098 0.000000 2805.347412 0.000000 0.737136 0.000000 -0.675744 0.860786 0.860786 0.860786
1794.898193 0.000000 2753.136963 0.000000 0.922334 0.000000 0.386393 0.545395 0.545395 0.545395
1813.597168 0.000000 2753.011963 0.000000 0.279583 0.000000 -0.960122 0.972238 0.972238 0.972238
1820.702515 0.000000 2790.577148 0.000000 0.778018 0.000000 -0.628242 0.868571 0.868571 0.868571
1799.557617 0.000000 2809.572998 0.000000 0.994470 0.000000 -0.105023 0.742291 0.742291 0.742291
1815.938721 0.000000 2752.750488 0.000000 0.234043 0.000000 -0.972226 0.989200 0.989200 0.989200
1800.106689 0.000000 2805.447754 0.000000 0.031614 0.000000 0.999500 0.180861 0.180861 0.180861
1801.993164 0.000000 2752.210693 0.000000 0.931327 0.000000 0.364184 0.602286 0.602286 0.602286
1839.192505 0.000000 2805.730469 0.000000 0.199383 0.000000 0.979922 0.264236 0.264236 0.264236
1809.070557 0.000000 2799.759033 0.000000 0.998052 0.000000 0.062382 0.683418 0.683418 0.683418
1803.798706 0.000000 2790.123047 0.000000 0.449476 0.000000 0.893293 0.271448 0.271448 0.271448
1804.643799 0.000000 2788.065186 0.000000 0.136134 0.000000 0.990690 0.261371 0.261371 0.261371
1810.063354 0.000000 2802.630127 0.000000 0.249011 0.000000 0.968501 0.172086 0.172086 0.172086
1800.290283 0.000000 2793.659180 0.000000 0.260469 0.000000 -0.965482 0.996997 0.996997 0.996997
1800.280762 0.000000 2792.431641 0.000000 0.840908 0.000000 -0.541178 0.829913 0.829913 0.829913
1798.979980 0.000000 2753.680908 0.000000 0.959263 0.000000 0.282514 0.598893 0.598893 0.598893
1841.153320 0.000000 2799.835938 0.000000 0.397758 0.000000 0.917490 0.226961 0.226961 0.226961
1791.790527 0.000000 2786.509277 0.000000 0.803404 0.000000 -0.595434 0.899517 0.899517 0.899517
1792.383057 0.000000 2803.585205 0.000000 0.755319 0.000000 -0.655357 0.983505 0.983505 0.983505
1835.977905 0.000000 2792.498779 0.000000 0.794698 0.000000 0.607005 0.557509 0.557509 0.557509
1809.769531 0.000000 2756.473389 0.000000 0.832335 0.000000 -0.554273 0.838603 0.838603 0.838603
1806.170776 0.000000 2815.262207 0.000000 0.924696 0.000000 0.380707 0.574413 0.574413 0.574413
1842.610474 0.000000 2804.817383 0.000000 0.978301 0.000000 0.207188 0.609914 0.609914 0.609914
1831.836060 0.000000 2810.532471 0.000000 0.420576 0.000000 0.907257 0.270914 0.270914 0.270914
1825.784790 0.000000 2796.277100 0.000000 0.494061 0.000000 -0.869427 1.037091 1.037091 1.037091
1794.592163 0.000000 2801.328125 0.000000 0.941615 0.000000 0.336692 0.566773 0.566773 0.566773
1795.198120 0.000000 2787.060547 0.000000 0.993391 0.000000 -0.114777 0.726736 0.726736 0.726736
1814.509033 0.000000 2751.413818 0.000000 0.981542 0.000000 0.191248 0.631060 0.631060 0.631060
1810.731079 0.000000 2794.855957 0.000000 0.885728 0.000000 0.464205 0.585267 0.585267 0.585267
1830.406616 0.000000 2790.560059 0.000000 0.218097 0.000000 -0.975927 1.056491 1.056491 1.056491
1794.775146 0.000000 2758.260986 0.000000 0.095157 0.000000 -0.995462 1.238917 1.238917 1.238917
1837.276367 0.000000 2808.183350 0.000000 0.990369 0.000000 0.138451 0.641015 0.641015 0.641015
1821.526978 0.000000 2792.144531 0.000000 0.714178 0.000000 -0.699964 0.962867 0.962867 0.962867
1826.593750 0.000000 2794.041016 0.000000 0.616302 0.000000 0.787510 0.333949 0.333949 0.333949
1796.291870 0.000000 2810.207764 0.000000 0.950358 0.000000 0.311159 0.558996 0.558996 0.558996
1816.728271 0.000000 2806.313965 0.000000 0.727295 0.000000 -0.686325 1.022547 1.022547 1.022547
1840.177246 0.000000 2800.624268 0.000000 0.763675 0.000000 0.645601 0.442441 0.442441 0.442441
1801.282715 0.000000 2790.731689 0.000000 0.660963 0.000000 -0.750418 0.969936 0.969936 0.969936
1798.122925 0.000000 2814.451172 0.000000 0.812129 0.000000 0.583477 0.453942 0.453942 0.453942
1793.214966 0.000000 2760.073975 0.000000 0.035085 0.000000 -0.999384 1.086463 1.086463 1.086463
1812.256592 0.000000 2751.397461 0.000000 0.985474 0.000000 -0.169829 0.762331 0.762331 0.762331
1842.637329 0.000000 2814.087402 0.000000 0.981955 0.000000 0.189112 0.635497 0.635497 0.635497
1838.359009 0.000000 2804.603516 0.000000 0.628993 0.000000 -0.777411 0.983245 0.983245 0.983245
1794.288574 0.000000 2759.642578 0.000000 0.176467 0.000000 -0.984307 1.208932 1.208932 1.208932
1802.713745 0.000000 2802.268311 0.000000 0.313856 0.000000 0.949470 0.380672 0.380672 0.380672
1793.543823 0.000000 2751.348145 0.000000 0.347269 0.000000 -0.937765 1.165442 1.165442 1.165442
1806.065674 0.000000 2751.746826 0.000000 0.997371 0.000000 -0.072471 0.732324 0.732324 0.732324
1806.757690 0.000000 2788.998779 0.000000 0.065814 0.000000 0.997832 0.339690 0.339690 0.339690
1826.091064 0.000000 2793.086670 0.000000 0.914881 0.000000 -0.403724 0.805309 0.805309 0.805309
1796.863403 0.000000 2754.181641 0.000000 0.358824 0.000000 -0.933405 1.042907 1.042907 1.042907
1796.212402 0.000000 2764.326172 0.000000 0.840887 0.000000 0.541210 0.511113 0.511113 0.511113
1804.466797 0.000000 2802.846680 0.000000 0.953105 0.000000 -0.302639 0.783283 0.783283 0.783283
1840.546753 0.000000 2804.750488 0.000000 0.537143 0.000000 0.843491 0.422846 0.422846 0.422846
1809.712280 0.000000 2792.937256 0.000000 0.710764 0.000000 -0.703431 0.997240 0.997240 0.997240
1794.401733 0.000000 2804.562012 0.000000 0.541813 0.000000 0.840499 0.405189 0.405189 0.405189
1797.718140 0.000000 2765.600586 0.000000 0.773635 0.000000 0.633632 0.473340 0.473340 0.473340
1820.464722 0.000000 2753.858643 0.000000 0.550801 0.000000 0.834636 0.309994 0.309994 0.309994
1839.136719 0.000000 2798.904053 0.000000 0.947879 0.000000 0.318630 0.584957 0.584957 0.584957
1835.711914 0.000000 2809.185791 0.000000 0.972714 0.000000 -0.232007 0.771197 0.771197 0.771197
1818.352295 0.000000 2790.492920 0.000000 0.442248 0.000000 -0.896893 0.995568 0.995568 0.995568
1842.062988 0.000000 2803.257080 0.000000 0.529288 0.000000 -0.848442 1.002732 1.002732 1.002732
1831.049438 0.000000 2792.046143 0.000000 0.607545 0.000000 0.794285 0.398451 0.398451 0.398451
1821.745117 0.000000 2752.090820 0.000000 0.510910 0.000000 0.859634 0.291399 0.291399 0.291399
1792.117432 0.000000 2789.075684 0.000000 0.107833 0.000000 -0.994169 1.155018 1.155018 1.155018
1825.321167 0.000000 2799.446289 0.000000 0.925012 0.000000 -0.379939 0.844390 0.844390 0.844390
1832.990234 0.000000 2791.359619 0.000000 0.047296 0.000000 -0.998881 1.133973 1.133973 1.133973
1794.741333 0.000000 2810.123047 0.000000 0.116063 0.000000 0.993242 0.130635 0.130635 0.130635
1816.625000 0.000000 2751.847900 0.000000 0.827026 0.000000 0.562164 0.482992 0.482992 0.482992
1808.676025 0.000000 2795.203857 0.000000 0.110679 0.000000 -0.993856 1.207705 1.207705 1.207705
1796.081421 0.000000 2811.910889 0.000000 0.911013 0.000000 -0.412377 0.889422 0.889422 0.889422
1795.790527 0.000000 2808.242920 0.000000 0.919016 0.000000 -0.394220 0.880579 0.880579 0.880579
1797.519287 0.000000 2800.609131 0.000000 0.987790 0.000000 -0.155790 0.745926 0.745926 0.745926
1824.205566 0.000000 2804.813721 0.000000 0.478135 0.000000 -0.878287 1.020433 1.020433 1.020433
1803.173828 0.000000 2791.860352 0.000000 0.844362 0.000000 -0.535774 0.919364 0.919364 0.919364
1824.130371 0.000000 2798.401855 0.000000 0.869090 0.000000 0.494653 0.508296 0.508296 0.508296
1797.615967 0.000000 2810.898682 0.000000 0.218592 0.000000 -0.975816 1.301795 1.301795 1.301795
1791.950928 0.000000 2807.273193 0.000000 0.967096 0.000000 -0.254411 0.804295 0.804295 0.804295
1803.918579 0.000000 2751.346191 0.000000 0.688475 0.000000 -0.725260 1.028979 1.028979 1.028979
1792.847046 0.000000 2809.921875 0.000000 0.862566 0.000000 0.505945 0.470091 0.470091 0.470091
1808.632812 0.000000 2797.641602 0.000000 0.757326 0.000000 0.653037 0.461236 0.461236 0.461236
1797.002319 0.000000 2788.303955 0.000000 0.989803 0.000000 -0.142440 0.749955 0.749955 0.749955
1824.563599 0.000000 2801.587891 0.000000 0.699853 0.000000 -0.714287 0.975296 0.975296 0.975296
1795.989990 0.000000 2806.030029 0.000000 0.932307 0.000000 -0.361668 0.864910 0.864910 0.864910
1796.510864 0.000000 2809.217285 0.000000 0.348479 0.000000 -0.937317 1.241377 1.241377 1.241377
1843.488403 0.000000 2802.725830 0.000000 0.695270 0.000000 0.718748 0.460333 0.460333 0.460333
1838.126221 0.000000 2801.164307 0.000000 0.936407 0.000000 0.350917 0.570921 0.570921 0.570921
1806.347534 0.000000 2757.664307 0.000000 0.247065 0.000000 0.968999 0.145885 0.145885 0.145885
1825.965942 0.000000 2807.757568 0.000000 0.980155 0.000000 0.198234 0.628160 0.628160 0.628160
1796.658569 0.000000 2807.272461 0.000000 0.191829 0.000000 0.981428 0.086019 0.086019 0.086019
1798.026123 0.000000 2806.184570 0.000000 0.831613 0.000000 0.555355 0.502440 0.502440 0.502440
1799.066895 0.000000 2807.897949 0.000000 0.612433 0.000000 0.790522 0.394105 0.394105 0.394105
1842.011841 0.000000 2806.331299 0.000000 0.866891 0.000000 -0.498498 0.886049 0.886049 0.886049
1792.966797 0.000000 2806.854004 0.000000 0.938069 0.000000 -0.346447 0.857657 0.857657 0.857657
1810.360229 0.000000 2799.263184 0.000000 0.825293 0.000000 -0.564705 0.885617 0.885617 0.885617
1809.117554 0.000000 2796.250488 0.000000 0.764272 0.000000 -0.644894 0.935172 0.935172 0.935172
1832.448975 0.000000 2790.191406 0.000000 0.764776 0.000000 0.644297 0.500571 0.500571 0.500571
1796.149658 0.000000 2789.853027 0.000000 0.328541 0.000000 -0.944490 1.132016 1.132016 1.132016
1811.619385 0.000000 2802.177246 0.000000 0.775685 0.000000 0.631120 0.426667 0.426667 0.426667
1825.251587 0.000000 2803.055176 0.000000 0.630104 0.000000 0.776510 0.397011 0.397011 0.397011
1795.195312 0.000000 2788.426758 0.000000 0.522148 0.000000 -0.852855 1.069502 1.069502 1.069502
1796.141357 0.000000 2788.827881 0.000000 0.815648 0.000000 -0.578549 0.915634 0.915634 0.915634
1811.143066 0.000000 2800.658936 0.000000 0.879936 0.000000 0.475092 0.494089 0.494089 0.494089
1810.199585 0.000000 2751.930664 0.000000 0.957211 0.000000 0.289390 0.584046 0.584046 0.584046
1824.357422 0.000000 2800.563232 0.000000 0.467156 0.000000 -0.884175 1.075338 1.075338 1.075338
1852.946899 0.000000 2802.225586 0.000000 0.988555 0.000000 0.150859 0.639131 0.639131 0.639131
1794.206909 0.000000 2756.357910 0.000000 0.382575 0.000000 0.923924 0.234659 0.234659 0.234659
1799.373047 0.000000 2811.710205 0.000000 0.457868 0.000000 0.889020 0.211942 0.211942 0.211942
1824.056030 0.000000 2807.070068 0.000000 0.909500 0.000000 -0.415705 0.854339 0.854339 0.854339
1819.396851 0.000000 2792.248535 0.000000 0.335915 0.000000 0.941892 0.305059 0.305059 0.305059
1837.690674 0.000000 2809.286621 0.000000 0.657010 0.000000 -0.753881 1.062641 1.062641 1.062641
1828.136108 0.000000 2793.276855 0.000000 0.993195 0.000000 0.116461 0.650023 0.650023 0.650023
1801.704590 0.000000 2804.056396 0.000000 0.129073 0.000000 -0.991635 1.186148 1.186148 1.186148
1794.298218 0.000000 2789.059570 0.000000 0.891449 0.000000 0.453122 0.529882 0.529882 0.529882
1825.520752 0.000000 2797.237549 0.000000 0.923751 0.000000 -0.382994 0.825696 0.825696 0.825696
1828.195801 0.000000 2811.436523 0.000000 0.147409 0.000000 0.989076 0.222583 0.222583 0.222583
1795.269287 0.000000 2754.756836 0.000000 0.320429 0.000000 0.947272 0.197560 0.197560 0.197560
1796.809814 0.000000 2812.764404 0.000000 0.604480 0.000000 -0.796620 1.014090 1.014090 1.014090
1801.443115 0.000000 2805.244385 0.000000 0.899474 0.000000 -0.436975 0.852531 0.852531 0.852531
1792.487427 0.000000 2805.300293 0.000000 0.720083 0.000000 0.693888 0.405161 0.405161 0.405161
1807.426514 0.000000 2752.754395 0.000000 0.066568 0.000000 0.997782 0.137463 0.137463 0.137463
1797.924683 0.000000 2812.632812 0.000000 0.723840 0.000000 0.689968 0.440516 0.440516 0.440516
1841.680664 0.000000 2801.987061 0.000000 0.748925 0.000000 -0.662654 0.965834 0.965834 0.965834
1840.077881 0.000000 2806.118652 0.000000 0.886787 0.000000 -0.462179 0.887237 0.887237 0.887237
1827.471802 0.000000 2795.542969 0.000000 0.469772 0.000000 0.882788 0.263301 0.263301 0.263301
1841.805664 0.000000 2809.215332 0.000000 0.375199 0.000000 -0.926944 1.156050 1.156050 1.156050
1797.923828 0.000000 2808.135986 0.000000 0.516867 0.000000 0.856066 0.242062 0.242062 0.242062
1843.601074 0.000000 2805.174561 0.000000 0.980943 0.000000 0.194297 0.615594 0.615594 0.615594
1798.309082 0.000000 2809.839844 0.000000 0.136629 0.000000 -0.990622 1.276283 1.276283 1.276283
1792.685913 0.000000 2808.767090 0.000000 0.665870 0.000000 0.746068 0.335017 0.335017 0.335017
1841.258667 0.000000 2811.354004 0.000000 0.494093 0.000000 0.869409 0.324240 0.324240 0.324240
1807.996460 0.000000 2754.191406 0.000000 0.964060 0.000000 -0.265683 0.800099 0.800099 0.800099
1794.670288 0.000000 2807.195801 0.000000 0.854779 0.000000 0.518992 0.456831 0.456831 0.456831
1838.633545 0.000000 2797.092041 0.000000 0.052505 0.000000 -0.998621 1.352711 1.352711 1.352711
1843.736572 0.000000 2806.426514 0.000000 0.700323 0.000000 -0.713826 0.983404 0.983404 0.983404
1843.886475 0.000000 2804.213135 0.000000 0.129251 0.000000 0.991612 0.077909 0.077909 0.077909
1855.291138 0.000000 2802.573730 0.000000 0.893328 0.000000 -0.449405 0.876757 0.876757 0.876757
1839.054077 0.000000 2796.229980 0.000000 0.993365 0.000000 -0.115003 0.749550 0.749550 0.749550
1807.438477 0.000000 2755.080078 0.000000 0.936100 0.000000 0.351734 0.566210 0.566210 0.566210
1806.959473 0.000000 2791.011719 0.000000 0.664104 0.000000 0.747641 0.382695 0.382695 0.382695
1825.833618 0.000000 2806.568604 0.000000 0.311018 0.000000 0.950404 0.248365 0.248365 0.248365
1797.933472 0.000000 2789.109619 0.000000 0.162816 0.000000 0.986656 0.208142 0.208142 0.208142
1841.931885 0.000000 2810.726807 0.000000 0.875628 0.000000 -0.482986 0.879701 0.879701 0.879701
1797.548706 0.000000 2808.989990 0.000000 0.251988 0.000000 -0.967730 1.286482 1.286482 1.286482
1840.165161 0.000000 2810.802246 0.000000 0.998990 0.000000 0.044944 0.683972 0.683972 0.683972
1793.342163 0.000000 2802.582520 0.000000 0.659793 0.000000 -0.751447 1.037297 1.037297 1.037297
1796.673950 0.000000 2811.049805 0.000000 0.913328 0.000000 0.407224 0.513096 0.513096 0.513096
1832.701294 0.000000 2811.116211 0.000000 0.540463 0.000000 0.841368 0.312110 0.312110 0.312110
1853.329346 0.000000 2803.106689 0.000000 0.555787 0.000000 0.831325 0.305497 0.305497 0.305497
1818.240112 0.000000 2753.499512 0.000000 0.562544 0.000000 0.826767 0.352999 0.352999 0.352999
1793.296021 0.000000 2805.967529 0.000000 0.964805 0.000000 -0.262968 0.802306 0.802306 0.802306
1806.281982 0.000000 2753.858398 0.000000 0.196516 0.000000 -0.980501 1.213476 1.213476 1.213476
1792.929688 0.000000 2804.292725 0.000000 0.869153 0.000000 0.494542 0.501111 0.501111 0.501111
1852.749390 0.000000 2803.894775 0.000000 0.741631 0.000000 0.670808 0.404451 0.404451 0.404451
1794.557495 0.000000 2809.004639 0.000000 0.335743 0.000000 -0.941954 1.247418 1.247418 1.247418
1795.086182 0.000000 2806.415039 0.000000 0.626689 0.000000 -0.779270 1.098174 1.098174 1.098174
1798.443115 0.000000 2813.399414 0.000000 0.249843 0.000000 0.968286 0.112531 0.112531 0.112531
1841.664917 0.000000 2807.361328 0.000000 0.149966 0.000000 0.988691 0.146508 0.146508 0.146508
1799.392944 0.000000 2804.818848 0.000000 0.492294 0.000000 0.870429 0.277363 0.277363 0.277363
1793.831787 0.000000 2807.414551 0.000000 0.736701 0.000000 0.676218 0.369065 0.369065 0.369065
1829.424438 0.000000 2792.324219 0.000000 0.901914 0.000000 0.431916 0.508778 0.508778 0.508778
1799.944092 0.000000 2812.336426 0.000000 0.746325 0.000000 -0.665582 1.024543 1.024543 1.024543
1797.500122 0.000000 2807.005615 0.000000 0.946037 0.000000 -0.324059 0.847067 0.847067 0.847067
1878.746948 0.000000 2782.760010 0.000000 0.409123 0.000000 -0.912479 0.708034 0.708034 0.708034
1857.749390 0.000000 2794.339600 0.000000 0.997704 0.000000 -0.067727 0.719781 0.719781 0.719781
1861.335083 0.000000 2809.884033 0.000000 0.882286 0.000000 0.470713 0.652893 0.652893 0.652893
1896.095093 0.000000 2813.268799 0.000000 0.409395 0.000000 0.912357 0.276315 0.276315 0.276315
1872.214355 0.000000 2796.686279 0.000000 0.761468 0.000000 0.648202 0.654400 0.654400 0.654400
1882.743164 0.000000 2793.133545 0.000000 0.322055 0.000000 -0.946721 1.229984 1.229984 1.229984
1887.088135 0.000000 2807.261963 0.000000 0.836228 0.000000 -0.548382 0.727387 0.727387 0.727387
1891.269287 0.000000 2751.890625 0.000000 0.246873 0.000000 0.969048 0.469084 0.469084 0.469084
1877.347900 0.000000 2751.682129 0.000000 0.609593 0.000000 -0.792715 0.703199 0.703199 0.703199
1864.334717 0.000000 2801.196289 0.000000 0.756203 0.000000 -0.654337 0.989202 0.989202 0.989202
1901.662720 0.000000 2794.628662 0.000000 0.332561 0.000000 -0.943082 0.818395 0.818395 0.818395
1856.274414 0.000000 2802.444824 0.000000 0.009542 0.000000 0.999954 0.484455 0.484455 0.484455
1869.201172 0.000000 2807.776123 0.000000 0.215200 0.000000 0.976570 0.096656 0.096656 0.096656
1875.398804 0.000000 2789.547363 0.000000 0.624742 0.000000 0.780831 0.396229 0.396229 0.396229
1884.277710 0.000000 2814.301514 0.000000 0.849480 0.000000 -0.527621 0.787417 0.787417 0.787417
1886.472290 0.000000 2799.995361 0.000000 0.443981 0.000000 0.896036 0.688353 0.688353 0.688353
1895.620728 0.000000 2790.767334 0.000000 0.997441 0.000000 -0.071488 0.711003 0.711003 0.711003
1894.725464 0.000000 2803.716553 0.000000 0.963673 0.000000 -0.267085 0.760478 0.760478 0.760478
1864.030396 0.000000 2794.820557 0.000000 0.517555 0.000000 -0.855650 0.868676 0.868676 0.868676
1900.989258 0.000000 2787.717773 0.000000 0.820048 0.000000 0.572294 0.677639 0.677639 0.677639
1855.875488 0.000000 2812.399658 0.000000 0.880998 0.000000 0.473119 0.685359 0.685359 0.685359
1873.854858 0.000000 2803.772217 0.000000 0.963202 0.000000 -0.268778 0.781796 0.781796 0.781796
1861.026245 0.000000 2789.360352 0.000000 0.997132 0.000000 0.075685 0.698544 0.698544 0.698544
1866.135254 0.000000 2813.026123 0.000000 0.986597 0.000000 0.163173 0.626958 0.626958 0.626958
1900.720215 0.000000 2809.549805 0.000000 0.776722 0.000000 0.629844 0.652371 0.652371 0.652371
1890.024414 0.000000 2812.481201 0.000000 0.953053 0.000000 0.302805 0.642475 0.642475 0.642475
1881.478027 0.000000 2807.119873 0.000000 0.009580 0.000000 0.999954 0.083391 0.083391 0.083391
1861.351196 0.000000 2815.265869 0.000000 0.628092 0.000000 -0.778139 0.863623 0.863623 0.863623
1881.180664 0.000000 2788.058838 0.000000 0.628742 0.000000 -0.777614 1.051849 1.051849 1.051849
1866.945190 0.000000 2776.399170 0.000000 0.775857 0.000000 -0.630909 0.917147 0.917147 0.917147
1893.757446 0.000000 2808.752930 0.000000 0.179704 0.000000 -0.983721 0.721864 0.721864 0.721864
1860.684937 0.000000 2804.749023 0.000000 0.997111 0.000000 -0.075963 0.722324 0.722324 0.722324
1860.031006 0.000000 2798.689209 0.000000 0.999838 0.000000 -0.018026 0.701890 0.701890 0.701890
1869.757202 0.000000 2800.987549 0.000000 0.488180 0.000000 0.872743 0.407096 0.407096 0.407096
1871.142090 0.000000 2791.988037 0.000000 0.651681 0.000000 -0.758493 0.966326 0.966326 0.966326
1855.807495 0.000000 2790.129395 0.000000 0.984825 0.000000 0.173550 0.692074 0.692074 0.692074
1857.073486 0.000000 2807.874023 0.000000 0.998829 0.000000 -0.048375 0.701861 0.701861 0.701861
1882.026611 0.000000 2797.713623 0.000000 0.684354 0.000000 0.729150 0.640028 0.640028 0.640028
1865.034424 0.000000 2806.154785 0.000000 0.649057 0.000000 0.760740 0.497566 0.497566 0.497566
1886.499878 0.000000 2795.522217 0.000000 0.954230 0.000000 0.299075 0.663376 0.663376 0.663376
1867.831909 0.000000 2796.982178 0.000000 0.921541 0.000000 -0.388281 0.736238 0.736238 0.736238
1884.441895 0.000000 2803.737793 0.000000 0.776971 0.000000 -0.629536 0.834473 0.834473 0.834473
1880.969604 0.000000 2811.412842 0.000000 0.944293 0.000000 -0.329105 0.811938 0.811938 0.811938
1875.321899 0.000000 2785.455322 0.000000 0.148057 0.000000 -0.988979 0.727339 0.727339 0.727339
1903.947510 0.000000 2790.776855 0.000000 0.990240 0.000000 -0.139374 0.718083 0.718083 0.718083
1877.544189 0.000000 2805.674316 0.000000 0.477396 0.000000 0.878688 0.602482 0.602482 0.602482
1897.466675 0.000000 2806.888184 0.000000 0.298150 0.000000 -0.954519 1.203034 1.203034 1.203034
1900.314453 0.000000 2814.093506 0.000000 0.146538 0.000000 -0.989205 1.217522 1.217522 1.217522
1878.782471 0.000000 2791.867432 0.000000 0.717454 0.000000 -0.696606 0.765992 0.765992 0.765992
1899.575317 0.000000 2791.406738 0.000000 0.395691 0.000000 0.918384 0.327751 0.327751 0.327751
1884.483765 0.000000 2810.024902 0.000000 0.979677 0.000000 0.200583 0.674236 0.674236 0.674236
1874.525879 0.000000 2793.686768 0.000000 0.246588 0.000000 0.969121 0.598374 0.598374 0.598374
1855.981079 0.000000 2797.763428 0.000000 0.883827 0.000000 0.467814 0.674477 0.674477 0.674477
1867.373901 0.000000 2792.908936 0.000000 0.873108 0.000000 0.487527 0.650162 0.650162 0.650162
1885.869141 0.000000 2790.900635 0.000000 0.132000 0.000000 -0.991250 1.275647 1.275647 1.275647
1871.555786 0.000000 2788.226562 0.000000 0.771524 0.000000 -0.636201 0.757843 0.757843 0.757843
1868.281738 0.000000 2804.217529 0.000000 0.937491 0.000000 -0.348010 0.855915 0.855915 0.855915
1861.042114 0.000000 2793.002441 0.000000 0.496014 0.000000 0.868314 0.291942 0.291942 0.291942
1869.394775 0.000000 2811.348145 0.000000 0.378453 0.000000 -0.925621 0.865345 0.865345 0.865345
1895.003662 0.000000 2800.026123 0.000000 0.539799 0.000000 -0.841794 0.754207 0.754207 0.754207
1859.258667 0.000000 2812.629639 0.000000 0.841755 0.000000 -0.539860 0.918254 0.918254 0.918254
1864.679321 0.000000 2809.974854 0.000000 0.535050 0.000000 0.844820 0.413370 0.413370 0.413370
1898.130615 0.000000 2802.852783 0.000000 0.034423 0.000000 -0.999407 0.882575 0.882575 0.882575
1893.947510 0.000000 2753.842041 0.000000 0.990155 0.000000 0.139978 0.690674 0.690674 0.690674
1863.356445 0.000000 2797.976562 0.000000 0.991835 0.000000 -0.127526 0.732180 0.732180 0.732180
1877.991943 0.000000 2787.596191 0.000000 0.034281 0.000000 -0.999412 1.188702 1.188702 1.188702
1887.976929 0.000000 2815.077393 0.000000 0.015481 0.000000 -0.999880 1.129451 1.129451 1.129451
1903.481689 0.000000 2813.529297 0.000000 0.058572 0.000000 0.998283 0.422519 0.422519 0.422519
1882.719360 0.000000 2800.829346 0.000000 0.074371 0.000000 -0.997231 1.285762 1.285762 1.285762
1897.015503 0.000000 2810.260498 0.000000 0.718073 0.000000 0.695967 0.356966 0.356966 0.356966
1890.754028 0.000000 2755.033936 0.000000 0.768534 0.000000 -0.639809 0.748530 0.748530 0.748530
1863.026489 0.000000 2812.624756 0.000000 0.754223 0.000000 -0.656619 0.950368 0.950368 0.950368
1871.232300 0.000000 2805.446777 0.000000 0.978344 0.000000 0.206986 0.657370 0.657370 0.657370
1886.633911 0.000000 2812.297852 0.000000 0.282805 0.000000 0.959177 0.616971 0.616971 0.616971
1861.182373 0.000000 2801.621338 0.000000 0.365753 0.000000 0.930712 0.415661 0.415661 0.415661
1893.107178 0.000000 2812.757812 0.000000 0.267940 0.000000 0.963436 0.282125 0.282125 0.282125
1858.235840 0.000000 2788.025146 0.000000 0.305557 0.000000 0.952174 0.578866 0.578866 0.578866
1888.349121 0.000000 2753.133545 0.000000 0.060278 0.000000 -0.998182 1.056359 1.056359 1.056359
1872.784668 0.000000 2800.910645 0.000000 0.900722 0.000000 -0.434396 0.741621 0.741621 0.741621
1869.801270 0.000000 2794.709473 0.000000 0.261563 0.000000 0.965187 0.168150 0.168150 0.168150
1876.562134 0.000000 2802.496094 0.000000 0.521157 0.000000 0.853461 0.621369 0.621369 0.621369
1858.581665 0.000000 2791.270264 0.000000 0.998380 0.000000 0.056907 0.681492 0.681492 0.681492
1898.190918 0.000000 2788.662109 0.000000 0.998374 0.000000 0.057008 0.679067 0.679067 0.679067
1887.292603 0.000000 2804.292725 0.000000 0.994486 0.000000 0.104870 0.692289 0.692289 0.692289
1880.603271 0.000000 2784.999268 0.000000 0.743024 0.000000 0.669265 0.614149 0.614149 0.614149
1895.203979 0.000000 2787.885010 0.000000 0.763236 0.000000 -0.646120 0.746651 0.746651 0.746651
1866.919312 0.000000 2799.828125 0.000000 0.014125 0.000000 0.999900 0.327303 0.327303 0.327303
1881.441528 0.000000 2804.019287 0.000000 0.880270 0.000000 -0.474473 0.878837 0.878837 0.878837
1884.067383 0.000000 2788.659424 0.000000 0.790860 0.000000 0.611998 0.574549 0.574549 0.574549
1878.895508 0.000000 2808.403320 0.000000 0.188953 0.000000 -0.981986 0.878554 0.878554 0.878554
1880.158447 0.000000 2794.337402 0.000000 0.283135 0.000000 0.959080 0.630454 0.630454 0.630454
1860.458008 0.000000 2795.849121 0.000000 0.404216 0.000000 -0.914663 0.928022 0.928022 0.928022
1869.473022 0.000000 2814.192139 0.000000 0.253782 0.000000 0.967261 0.279706 0.279706 0.279706
1862.299438 0.000000 2807.208252 0.000000 0.406186 0.000000 0.913790 0.567068 0.567068 0.567068
1863.314209 0.000000 2803.936523 0.000000 0.998733 0.000000 0.050330 0.682137 0.682137 0.682137
1881.299438 0.000000 2790.809326 0.000000 0.302336 0.000000 -0.953201 1.084251 1.084251 1.084251
1893.211792 0.000000 2806.106689 0.000000 0.929556 0.000000 -0.368680 0.732333 0.732333 0.732333
1884.048340 0.000000 2806.348389 0.000000 0.717355 0.000000 -0.696708 0.862991 0.862991 0.862991
1857.723389 0.000000 2810.488770 0.000000 0.997975 0.000000 0.063607 0.687653 0.687653 0.687653
1859.619141 0.000000 2807.210205 0.000000 0.805375 0.000000 -0.592766 0.749897 0.749897 0.749897
1870.061768 0.000000 2798.369873 0.000000 0.999998 0.000000 -0.001778 0.700475 0.700475 0.700475
1857.739380 0.000000 2800.225830 0.000000 0.963237 0.000000 -0.268654 0.796493 0.796493 0.796493
1884.949951 0.000000 2797.631592 0.000000 0.323905 0.000000 -0.946090 0.838794 0.838794 0.838794
1899.084595 0.000000 2811.815674 0.000000 0.903400 0.000000 -0.428799 0.897488 0.897488 0.897488
1904.393066 0.000000 2793.344727 0.000000 0.057204 0.000000 0.998362 0.631228 0.631228 0.631228
1866.656860 0.000000 2808.400146 0.000000 0.627213 0.000000 -0.778848 1.035462 1.035462 1.035462
1855.982300 0.000000 2792.601807 0.000000 0.867068 0.000000 -0.498191 0.778379 0.778379 0.778379
1858.740234 0.000000 2802.564941 0.000000 0.173871 0.000000 0.984768 0.582895 0.582895 0.582895
1883.950317 0.000000 2795.329346 0.000000 0.886933 0.000000 0.461899 0.598472 0.598472 0.598472
1877.818115 0.000000 2785.061035 0.000000 0.037898 0.000000 0.999282 0.563379 0.563379 0.563379
1869.342163 0.000000 2790.279297 0.000000 0.905668 0.000000 0.423988 0.640317 0.640317 0.640317
1866.029785 0.000000 2803.122314 0.000000 0.992750 0.000000 -0.120200 0.725689 0.725689 0.725689
1873.034790 0.000000 2790.297363 0.000000 0.874003 0.000000 0.485921 0.482746 0.482746 0.482746
1901.673218 0.000000 2811.834961 0.000000 0.463684 0.000000 -0.886001 0.894055 0.894055 0.894055
1871.437866 0.000000 2803.028809 0.000000 0.953907 0.000000 0.300101 0.632352 0.632352 0.632352
1858.265381 0.000000 2796.795166 0.000000 0.998157 0.000000 0.060686 0.676123 0.676123 0.676123
1901.843994 0.000000 2792.215088 0.000000 0.704885 0.000000 0.709321 0.442308 0.442308 0.442308
1892.527344 0.000000 2802.719971 0.000000 0.886568 0.000000 -0.462599 0.731097 0.731097 0.731097
1885.289062 0.000000 2793.250732 0.000000 0.076048 0.000000 -0.997104 1.266819 1.266819 1.266819
1899.420044 0.000000 2793.926270 0.000000 0.931903 0.000000 -0.362709 0.736973 0.736973 0.736973
1897.697876 0.000000 2815.259277 0.000000 0.522579 0.000000 -0.852591 0.980111 0.980111 0.980111
1857.529785 0.000000 2814.389404 0.000000 0.269650 0.000000 0.962958 0.205586 0.205586 0.205586
1865.365601 0.000000 2796.727295 0.000000 0.889798 0.000000 -0.456355 0.854868 0.854868 0.854868
1894.736206 0.000000 2811.046631 0.000000 0.474051 0.000000 -0.880498 0.907019 0.907019 0.907019
1891.226562 0.000000 2814.574219 0.000000 0.224314 0.000000 0.974517 0.215956 0.215956 0.215956
1867.009766 0.000000 2810.878174 0.000000 0.687447 0.000000 0.726234 0.462779 0.462779 0.462779
1873.397583 0.000000 2798.637451 0.000000 0.166341 0.000000 0.986068 0.596972 0.596972 0.596972
1883.118774 0.000000 2812.225342 0.000000 0.609982 0.000000 -0.792415 0.821495 0.821495 0.821495
1879.161743 0.000000 2789.622559 0.000000 0.202769 0.000000 0.979227 0.511327 0.511327 0.511327
1882.269409 0.000000 2809.431152 0.000000 0.677660 0.000000 0.735375 0.438656 0.438656 0.438656
1896.777344 0.000000 2804.640869 0.000000 0.909134 0.000000 0.416503 0.516816 0.516816 0.516816
1864.352173 0.000000 2814.426514 0.000000 0.896439 0.000000 0.443167 0.495397 0.495397 0.495397
1887.583374 0.000000 2793.549805 0.000000 0.883744 0.000000 0.467971 0.609787 0.609787 0.609787
1901.361938 0.000000 2790.017822 0.000000 0.981215 0.000000 -0.192917 0.771924 0.771924 0.771924
1867.345093 0.000000 2806.257812 0.000000 0.971839 0.000000 -0.235645 0.806008 0.806008 0.806008
1866.745605 0.000000 2795.002930 0.000000 0.925462 0.000000 -0.378840 0.750247 0.750247 0.750247
1876.306274 0.000000 2791.596924 0.000000 0.153711 0.000000 -0.988116 0.821295 0.821295 0.821295
1898.943726 0.000000 2804.944092 0.000000 0.478317 0.000000 -0.878187 0.879857 0.879857 0.879857
1878.750000 0.000000 2811.430664 0.000000 0.164652 0.000000 0.986352 0.567374 0.567374 0.567374
1879.861450 0.000000 2805.622803 0.000000 0.859283 0.000000 -0.511501 0.836996 0.836996 0.836996
1879.622559 0.000000 2751.484619 0.000000 0.885871 0.000000 -0.463932 0.732037 0.732037 0.732037
1898.726807 0.000000 2808.697021 0.000000 0.324615 0.000000 -0.945846 1.118296 1.118296 1.118296
1895.315796 0.000000 2807.183105 0.000000 0.528711 0.000000 0.848802 0.427181 0.427181 0.427181
1883.538696 0.000000 2790.790283 0.000000 0.892951 0.000000 0.450155 0.561278 0.561278 0.561278
1867.799438 0.000000 2801.894531 0.000000 0.964323 0.000000 0.264729 0.603547 0.603547 0.603547
1880.725464 0.000000 2800.020752 0.000000 0.920566 0.000000 0.390586 0.650912 0.650912 0.650912
1896.953857 0.000000 2800.912598 0.000000 0.910729 0.000000 0.413004 0.659078 0.659078 0.659078
1899.218628 0.000000 2786.504883 0.000000 0.344757 0.000000 0.938692 0.587111 0.587111 0.587111
1878.665649 0.000000 2803.786133 0.000000 0.789340 0.000000 -0.613957 0.749676 0.749676 0.749676
1855.882080 0.000000 2795.321777 0.000000 0.584793 0.000000 -0.811183 0.776062 0.776062 0.776062
1862.074463 0.000000 2799.707520 0.000000 0.998451 0.000000 0.055646 0.680249 0.680249 0.680249
1875.808594 0.000000 2804.476807 0.000000 0.949462 0.000000 -0.313883 0.753565 0.753565 0.753565
1886.589966 0.000000 2751.400635 0.000000 0.018532 0.000000 0.999828 0.398889 0.398889 0.398889
1865.017334 0.000000 2799.130859 0.000000 0.656041 0.000000 -0.754725 0.877857 0.877857 0.877857
1862.494385 0.000000 2796.147949 0.000000 0.172101 0.000000 0.985079 0.348232 0.348232 0.348232
1861.107422 0.000000 2811.855957 0.000000 0.998086 0.000000 0.061838 0.687024 0.687024 0.687024
1864.096680 0.000000 2808.064697 0.000000 0.274759 0.000000 0.961513 0.331836 0.331836 0.331836
1863.266602 0.000000 2792.995361 0.000000 0.349859 0.000000 0.936802 0.456145 0.456145 0.456145
1902.156372 0.000000 2814.985596 0.000000 0.329468 0.000000 -0.944167 1.000013 1.000013 1.000013
1880.016357 0.000000 2813.145996 0.000000 0.976541 0.000000 -0.215330 0.721998 0.721998 0.721998
1884.414062 0.000000 2799.642334 0.000000 0.672635 0.000000 0.739974 0.635945 0.635945 0.635945
1885.247070 0.000000 2807.921875 0.000000 0.990107 0.000000 -0.140318 0.729769 0.729769 0.729769
1882.090210 0.000000 2786.304688 0.000000 0.998968 0.000000 0.045416 0.692219 0.692219 0.692219
1871.305176 0.000000 2815.302246 0.000000 0.532095 0.000000 0.846685 0.601184 0.601184 0.601184
1859.402710 0.000000 2809.247803 0.000000 0.688895 0.000000 -0.724861 0.928137 0.928137 0.928137
1869.235352 0.000000 2792.395508 0.000000 0.056457 0.000000 0.998405 0.181309 0.181309 0.181309
1868.061035 0.000000 2812.875000 0.000000 0.892404 0.000000 -0.451238 0.871808 0.871808 0.871808
1884.332275 0.000000 2801.832275 0.000000 0.575460 0.000000 0.817830 0.484113 0.484113 0.484113
1887.751587 0.000000 2791.234619 0.000000 0.692495 0.000000 0.721423 0.597194 0.597194 0.597194
1868.288330 0.000000 2809.468750 0.000000 0.787451 0.000000 -0.616378 0.795172 0.795172 0.795172
1875.954712 0.000000 2787.290527 0.000000 0.229817 0.000000 0.973234 0.540890 0.540890 0.540890
1874.052124 0.000000 2791.881836 0.000000 0.638654 0.000000 -0.769494 0.947049 0.947049 0.947049
1871.982056 0.000000 2807.164307 0.000000 0.869795 0.000000 0.493412 0.646796 0.646796 0.646796
1869.542236 0.000000 2802.840332 0.000000 0.426054 0.000000 0.904698 0.350258 0.350258 0.350258
1885.826172 0.000000 2805.619141 0.000000 0.870945 0.000000 -0.491380 0.857993 0.857993 0.857993
1898.094604 0.000000 2813.411377 0.000000 0.949875 0.000000 -0.312630 0.820023 0.820023 0.820023
1871.675171 0.000000 2799.404053 0.000000 0.029204 0.000000 -0.999573 1.112190 1.112190 1.112190
1897.472534 0.000000 2790.389404 0.000000 0.750769 0.000000 0.660565 0.531025 0.531025 0.531025
1881.237793 0.000000 2802.105225 0.000000 0.867871 0.000000 0.496789 0.620955 0.620955 0.620955
1859.575928 0.000000 2814.748779 0.000000 0.911652 0.000000 0.410963 0.569739 0.569739 0.569739
1859.526855 0.000000 2800.666992 0.000000 0.580888 0.000000 -0.813984 0.801377 0.801377 0.801377
1880.989624 0.000000 2792.608887 0.000000 0.757600 0.000000 0.652719 0.600574 0.600574 0.600574
1879.736694 0.000000 2786.861572 0.000000 0.632207 0.000000 -0.774800 1.074871 1.074871 1.074871
1877.182739 0.000000 2789.939697 0.000000 0.349785 0.000000 0.936830 0.322531 0.322531 0.322531
1896.233398 0.000000 2802.592773 0.000000 0.234941 0.000000 0.972010 0.247855 0.247855 0.247855
1869.161255 0.000000 2805.901123 0.000000 0.960831 0.000000 -0.277135 0.823176 0.823176 0.823176
1880.346436 0.000000 2809.631592 0.000000 0.178855 0.000000 0.983876 0.136044 0.136044 0.136044
1859.585938 0.000000 2794.104248 0.000000 0.923711 0.000000 -0.383089 0.847714 0.847714 0.847714
1864.706543 0.000000 2811.835205 0.000000 0.842750 0.000000 -0.538306 0.865893 0.865893 0.865893
1890.156738 0.000000 2753.350586 0.000000 0.971075 0.000000 -0.238774 0.762359 0.762359 0.762359
1899.921631 0.000000 2802.701172 0.000000 0.065463 0.000000 -0.997855 0.878882 0.878882 0.878882
1896.607178 0.000000 2808.511475 0.000000 0.977659 0.000000 -0.210199 0.786603 0.786603 0.786603
1861.521118 0.000000 2797.658447 0.000000 0.894235 0.000000 -0.447598 0.756771 0.756771 0.756771
1862.999268 0.000000 2810.638428 0.000000 0.967995 0.000000 -0.250969 0.722610 0.722610 0.722610
1883.007935 0.000000 2804.876953 0.000000 0.218359 0.000000 -0.975868 1.172080 1.172080 1.172080
1870.502686 0.000000 2812.776611 0.000000 0.071664 0.000000 -0.997429 0.865044 0.865044 0.865044
1889.512573 0.000000 2814.220215 0.000000 0.345442 0.000000 -0.938440 1.166187 1.166187 1.166187
1882.471802 0.000000 2789.396973 0.000000 0.203302 0.000000 -0.979116 0.979316 0.979316 0.979316
1871.138428 0.000000 2790.009521 0.000000 0.709052 0.000000 0.705156 0.457911 0.457911 0.457911
1883.448120 0.000000 2808.123535 0.000000 0.761011 0.000000 -0.648739 0.923293 0.923293 0.923293
1862.157593 0.000000 2794.366455 0.000000 0.921699 0.000000 -0.387907 0.864991 0.864991 0.864991
1866.316162 0.000000 2804.867676 0.000000 0.335216 0.000000 0.942141 0.165219 0.165219 0.165219
1857.954346 0.000000 2798.486816 0.000000 0.971282 0.000000 0.237931 0.610576 0.610576 0.610576
1862.828491 0.000000 2802.228027 0.000000 0.623041 0.000000 0.782190 0.381365 0.381365 0.381365
1868.458496 0.000000 2799.012695 0.000000 0.556764 0.000000 -0.830671 1.063193 1.063193 1.063193
1860.341187 0.000000 2791.064209 0.000000 0.140533 0.000000 -0.990076 0.879906 0.879906 0.879906
1899.698608 0.000000 2789.578613 0.000000 0.026054 0.000000 0.999661 0.133092 0.133092 0.133092
1882.893433 0.000000 2802.835205 0.000000 0.946872 0.000000 -0.321610 0.796131 0.796131 0.796131
1884.827515 0.000000 2811.945068 0.000000 0.932618 0.000000 0.360866 0.652900 0.652900 0.652900
1867.217041 0.000000 2814.348633 0.000000 0.319157 0.000000 0.947702 0.144760 0.144760 0.144760
1870.567505 0.000000 2796.286621 0.000000 0.893692 0.000000 0.448681 0.570712 0.570712 0.570712
1866.087769 0.000000 2801.384521 0.000000 0.334106 0.000000 -0.942536 1.142853 1.142853 1.142853
1859.453491 0.000000 2810.931885 0.000000 0.838022 0.000000 0.545637 0.456924 0.456924 0.456924
1888.127197 0.000000 2813.227051 0.000000 0.358840 0.000000 0.933399 0.559053 0.559053 0.559053
1862.852173 0.000000 2805.596924 0.000000 0.759684 0.000000 -0.650292 0.909093 0.909093 0.909093
1861.536865 0.000000 2813.510010 0.000000 0.673478 0.000000 0.739207 0.365626 0.365626 0.365626
1866.526733 0.000000 2798.189941 0.000000 0.119228 0.000000 0.992867 0.352535 0.352535 0.352535
1895.086426 0.000000 2805.509277 0.000000 0.597977 0.000000 0.801513 0.342513 0.342513 0.342513
1903.976685 0.000000 2815.166016 0.000000 0.959970 0.000000 -0.280103 0.768964 0.768964 0.768964
1868.018921 0.000000 2791.264648 0.000000 0.756827 0.000000 -0.653616 0.797102 0.797102 0.797102
1897.268433 0.000000 2811.903809 0.000000 0.713244 0.000000 -0.700916 1.046115 1.046115 1.046115
1855.812012 0.000000 2804.604492 0.000000 0.810763 0.000000 0.585374 0.625687 0.625687 0.625687
1896.259888 0.000000 2789.158447 0.000000 0.135844 0.000000 0.990730 0.216156 0.216156 0.216156
1894.400146 0.000000 2813.801270 0.000000 0.070061 0.000000 -0.997543 1.353017 1.353017 1.353017
1856.112061 0.000000 2800.545410 0.000000 0.702118 0.000000 0.712061 0.418878 0.418878 0.418878
1857.612427 0.000000 2812.677979 0.000000 0.996610 0.000000 0.082273 0.688341 0.688341 0.688341
1889.382690 0.000000 2751.849854 0.000000 0.158617 0.000000 -0.987340 1.304348 1.304348 1.304348
1857.863892 0.000000 2792.724854 0.000000 0.580539 0.000000 -0.814233 1.112340 1.112340 1.112340
1893.139893 0.000000 2804.219727 0.000000 0.643198 0.000000 0.765700 0.491196 0.491196 0.491196
1866.116699 0.000000 2774.955078 0.000000 0.993094 0.000000 -0.117324 0.713974 0.713974 0.713974
1869.888794 0.000000 2804.424072 0.000000 0.613936 0.000000 0.789356 0.300940 0.300940 0.300940
1878.287476 0.000000 2809.875732 0.000000 0.422296 0.000000 0.906458 0.553244 0.553244 0.553244
1860.492676 0.000000 2803.069336 0.000000 0.948923 0.000000 -0.315509 0.800973 0.800973 0.800973
1878.715210 0.000000 2806.831299 0.000000 0.967113 0.000000 0.254348 0.668090 0.668090 0.668090
1862.953613 0.000000 2815.172363 0.000000 0.875505 0.000000 -0.483209 0.918571 0.918571 0.918571
1882.846313 0.000000 2799.153809 0.000000 0.993276 0.000000 -0.115771 0.721291 0.721291 0.721291
1872.632568 0.000000 2792.690918 0.000000 0.996128 0.000000 -0.087916 0.714922 0.714922 0.714922
1867.339233 0.000000 2777.937012 0.000000 0.993370 0.000000 0.114959 0.663355 0.663355 0.663355
1891.569458 0.000000 2812.193604 0.000000 0.999870 0.000000 0.016138 0.696982 0.696982 0.696982
1855.872192 0.000000 2814.178223 0.000000 0.614352 0.000000 -0.789032 0.809638 0.809638 0.809638
1857.000244 0.000000 2791.375244 0.000000 0.463630 0.000000 -0.886029 0.937826 0.937826 0.937826
1899.162354 0.000000 2810.222900 0.000000 0.682813 0.000000 0.730593 0.334941 0.334941 0.334941
1872.738281 0.000000 2804.977295 0.000000 0.433227 0.000000 -0.901285 0.929561 0.929561 0.929561
1880.125000 0.000000 2803.187256 0.000000 0.915079 0.000000 0.403276 0.636889 0.636889 0.636889
1868.222534 0.000000 2794.346924 0.000000 0.735709 0.000000 0.677297 0.397019 0.397019 0.397019
1881.610474 0.000000 2805.571045 0.000000 0.092207 0.000000 0.995740 0.165168 0.165168 0.165168
1864.370972 0.000000 2802.757324 0.000000 0.004696 0.000000 0.999989 0.292203 0.292203 0.292203
1872.902222 0.000000 2802.455811 0.000000 0.999792 0.000000 0.020395 0.693869 0.693869 0.693869
1859.500244 0.000000 2792.512695 0.000000 0.211137 0.000000 0.977457 0.175496 0.175496 0.175496
1885.973877 0.000000 2810.788574 0.000000 0.873942 0.000000 0.486030 0.635251 0.635251 0.635251
1892.899048 0.000000 2814.276611 0.000000 0.717932 0.000000 -0.696113 1.029669 1.029669 1.029669
1883.006226 0.000000 2787.565674 0.000000 0.996596 0.000000 -0.082439 0.714135 0.714135 0.714135
1863.653076 0.000000 2799.812988 0.000000 0.546000 0.000000 -0.837785 1.052352 1.052352 1.052352
1879.210815 0.000000 2784.381348 0.000000 0.192234 0.000000 -0.981349 0.916634 0.916634 0.916634
1902.782593 0.000000 2793.498535 0.000000 0.386864 0.000000 -0.922137 0.954313 0.954313 0.954313
1901.738159 0.000000 2813.415771 0.000000 0.999099 0.000000 -0.042448 0.713579 0.713579 0.713579
1864.819092 0.000000 2804.479492 0.000000 0.934865 0.000000 0.355003 0.631503 0.631503 0.631503
1857.525269 0.000000 2803.498779 0.000000 0.963361 0.000000 -0.268206 0.737487 0.737487 0.737487
1900.836670 0.000000 2793.311279 0.000000 0.758512 0.000000 0.651659 0.468049 0.468049 0.468049
1884.422729 0.000000 2792.040039 0.000000 0.617606 0.000000 -0.786488 1.043238 1.043238 1.043238
1870.450928 0.000000 2793.320312 0.000000 0.460168 0.000000 0.887832 0.390672 0.390672 0.390672
1885.346558 0.000000 2789.458740 0.000000 0.288162 0.000000 -0.957582 0.943535 0.943535 0.943535
1898.984131 0.000000 2807.209229 0.000000 0.941427 0.000000 -0.337217 0.760110 0.760110 0.760110
1873.025146 0.000000 2788.735840 0.000000 0.999997 0.000000 -0.002240 0.700333 0.700333 0.700333
1868.922241 0.000000 2795.952148 0.000000 0.566699 0.000000 0.823925 0.305720 0.305720 0.305720
1856.511597 0.000000 2799.136719 0.000000 0.583883 0.000000 0.811838 0.347384 0.347384 0.347384
1869.810547 0.000000 2809.948975 0.000000 0.761879 0.000000 0.647720 0.599031 0.599031 0.599031
1856.786865 0.000000 2796.476074 0.000000 0.795596 0.000000 -0.605827 0.859227 0.859227 0.859227
1880.673462 0.000000 2789.474854 0.000000 0.975529 0.000000 0.219871 0.612446 0.612446 0.612446
1865.801147 0.000000 2814.761475 0.000000 0.149218 0.000000 0.988804 0.066746 0.066746 0.066746
1886.630371 0.000000 2792.284180 0.000000 0.977399 0.000000 0.211404 0.660541 0.660541 0.660541
1877.039795 0.000000 2786.307129 0.000000 0.212444 0.000000 0.977173 0.268481 0.268481 0.268481
1900.382080 0.000000 2812.588379 0.000000 0.002523 0.000000 0.999997 0.198454 0.198454 0.198454
1861.927368 0.000000 2803.466064 0.000000 0.988998 0.000000 0.147926 0.653296 0.653296 0.653296
1876.645996 0.000000 2788.576660 0.000000 0.099967 0.000000 -0.994991 1.157479 1.157479 1.157479
1858.865723 0.000000 2795.440186 0.000000 0.466697 0.000000 0.884417 0.292241 0.292241 0.292241
1868.273193 0.000000 2800.486816 0.000000 0.110869 0.000000 -0.993835 1.103049 1.103049 1.103049
1895.702515 0.000000 2814.691650 0.000000 0.423340 0.000000 0.905971 0.297821 0.297821 0.297821
1875.211792 0.000000 2803.133301 0.000000 0.171851 0.000000 0.985123 0.338395 0.338395 0.338395
1885.911255 0.000000 2803.777832 0.000000 0.708886 0.000000 0.705323 0.545399 0.545399 0.545399
1900.362427 0.000000 2811.060547 0.000000 0.802079 0.000000 -0.597218 0.814087 0.814087 0.814087
1857.509888 0.000000 2801.665771 0.000000 0.957873 0.000000 -0.287193 0.803340 0.803340 0.803340
1880.085205 0.000000 2807.595947 0.000000 0.132132 0.000000 0.991232 0.131947 0.131947 0.131947
1883.131714 0.000000 2810.728516 0.000000 0.539052 0.000000 0.842273 0.299209 0.299209 0.299209
1863.944336 0.000000 2796.339111 0.000000 0.598908 0.000000 0.800818 0.466301 0.466301 0.466301
1903.295410 0.000000 2792.054688 0.000000 0.995402 0.000000 0.095789 0.679211 0.679211 0.679211
1866.118652 0.000000 2809.753418 0.000000 0.993869 0.000000 0.110566 0.658372 0.658372 0.658372
1865.442505 0.000000 2807.579346 0.000000 0.918851 0.000000 0.394604 0.605010 0.605010 0.605010
1858.463501 0.000000 2808.125000 0.000000 0.796220 0.000000 0.605007 0.517179 0.517179 0.517179
1885.241333 0.000000 2794.717529 0.000000 0.985590 0.000000 0.169150 0.639405 0.639405 0.639405
1871.639038 0.000000 2797.977295 0.000000 0.991575 0.000000 -0.129532 0.736094 0.736094 0.736094
1865.429810 0.000000 2794.492920 0.000000 0.090067 0.000000 -0.995936 0.943224 0.943224 0.943224
1881.676025 0.000000 2751.594482 0.000000 0.835190 0.000000 0.549962 0.563635 0.563635 0.563635
1859.601074 0.000000 2797.274170 0.000000 0.090519 0.000000 0.995895 0.117995 0.117995 0.117995
1885.371460 0.000000 2800.864258 0.000000 0.704041 0.000000 -0.710159 0.878034 0.878034 0.878034
1882.496948 0.000000 2791.754395 0.000000 0.931353 0.000000 0.364117 0.589279 0.589279 0.589279
1887.929688 0.000000 2751.738525 0.000000 0.025322 0.000000 0.999679 0.400207 0.400207 0.400207
1856.422119 0.000000 2811.036377 0.000000 0.964296 0.000000 0.264828 0.648008 0.648008 0.648008
1898.902466 0.000000 2814.564453 0.000000 0.801154 0.000000 -0.598458 0.900696 0.900696 0.900696
1874.485718 0.000000 2805.081787 0.000000 0.139139 0.000000 -0.990273 0.940110 0.940110 0.940110
1884.017456 0.000000 2793.776123 0.000000 0.820884 0.000000 -0.571095 0.930508 0.930508 0.930508
1881.149780 0.000000 2808.484131 0.000000 0.832747 0.000000 0.553654 0.462110 0.462110 0.462110
1875.094238 0.000000 2790.909424 0.000000 0.897693 0.000000 -0.440621 0.828382 0.828382 0.828382
1867.812744 0.000000 2807.548828 0.000000 0.991681 0.000000 0.128722 0.642478 0.642478 0.642478
1867.389771 0.000000 2803.186035 0.000000 0.643045 0.000000 0.765829 0.514015 0.514015 0.514015
1894.410034 0.000000 2812.356201 0.000000 0.887650 0.000000 -0.460518 0.908253 0.908253 0.908253
1857.569214 0.000000 2809.149414 0.000000 0.930180 0.000000 -0.367103 0.765691 0.765691 0.765691
1882.815918 0.000000 2806.927002 0.000000 0.936925 0.000000 -0.349530 0.800465 0.800465 0.800465
1860.216553 0.000000 2813.540771 0.000000 0.316942 0.000000 0.948445 0.198256 0.198256 0.198256
1858.868164 0.000000 2799.475098 0.000000 0.098989 0.000000 -0.995089 1.039481 1.039481 1.039481
1878.464722 0.000000 2786.247559 0.000000 0.192524 0.000000 -0.981292 1.282381 1.282381 1.282381
1862.752563 0.000000 2800.839600 0.000000 0.585133 0.000000 -0.810937 0.995848 0.995848 0.995848
1856.411987 0.000000 2793.860840 0.000000 0.874055 0.000000 -0.485827 0.919868 0.919868 0.919868
1896.232422 0.000000 2806.166992 0.000000 0.008595 0.000000 -0.999963 1.319727 1.319727 1.319727
1869.362915 0.000000 2797.197021 0.000000 0.984275 0.000000 0.176641 0.644142 0.644142 0.644142
1895.963867 0.000000 2811.654297 0.000000 0.605197 0.000000 0.796076 0.522994 0.522994 0.522994
1884.609375 0.000000 2805.051758 0.000000 0.748744 0.000000 0.662860 0.477122 0.477122 0.477122
1870.393921 0.000000 2799.817871 0.000000 0.266755 0.000000 0.963764 0.352199 0.352199 0.352199
1871.601440 0.000000 2795.430664 0.000000 0.841966 0.000000 -0.539531 0.806563 0.806563 0.806563
1864.327393 0.000000 2813.100098 0.000000 0.623675 0.000000 0.781684 0.350288 0.350288 0.350288
1897.695312 0.000000 2805.605469 0.000000 0.979347 0.000000 -0.202186 0.786813 0.786813 0.786813
1858.388672 0.000000 2811.671387 0.000000 0.298129 0.000000 0.954525 0.165932 0.165932 0.165932
1858.696655 0.000000 2813.826660 0.000000 0.095677 0.000000 -0.995412 1.264503 1.264503 1.264503
1875.119507 0.000000 2788.255859 0.000000 0.116071 0.000000 -0.993241 1.193108 1.193108 1.193108
1863.172852 0.000000 2813.886719 0.000000 0.985650 0.000000 -0.168800 0.759282 0.759282 0.759282
1883.741089 0.000000 2798.233643 0.000000 0.631761 0.000000 -0.775164 0.862756 0.862756 0.862756
1865.709961 0.000000 2811.028809 0.000000 0.510798 0.000000 -0.859701 1.001969 1.001969 1.001969
1898.094116 0.000000 2810.926270 0.000000 0.998149 0.000000 0.060815 0.672882 0.672882 0.672882
1900.924683 0.000000 2791.276855 0.000000 0.419606 0.000000 -0.907706 1.121535 1.121535 1.121535
1887.156128 0.000000 2814.050293 0.000000 0.998197 0.000000 -0.060017 0.716582 0.716582 0.716582
1864.695312 0.000000 2797.870361 0.000000 0.677253 0.000000 0.735750 0.429812 0.429812 0.429812
1877.964233 0.000000 2788.941895 0.000000 0.675091 0.000000 -0.737734 0.958097 0.958097 0.958097
1874.108521 0.000000 2789.650879 0.000000 0.312491 0.000000 0.949921 0.275200 0.275200 0.275200
1872.231079 0.000000 2791.310059 0.000000 0.855419 0.000000 -0.517937 0.933105 0.933105 0.933105
1882.967407 0.000000 2794.517822 0.000000 0.918849 0.000000 -0.394610 0.785776 0.785776 0.785776
1872.494873 0.000000 2803.745850 0.000000 0.680410 0.000000 0.732832 0.452777 0.452777 0.452777
1870.049927 0.000000 2791.360352 0.000000 0.807880 0.000000 0.589347 0.505049 0.505049 0.505049
1891.764038 0.000000 2813.437744 0.000000 0.990172 0.000000 0.139856 0.673762 0.673762 0.673762
1878.634399 0.000000 2805.054932 0.000000 0.210137 0.000000 -0.977672 1.046766 1.046766 1.046766
1897.056641 0.000000 2814.222168 0.000000 0.156365 0.000000 0.987699 0.312098 0.312098 0.312098
1879.745117 0.000000 2804.374512 0.000000 0.979208 0.000000 0.202859 0.647879 0.647879 0.647879
1865.721680 0.000000 2800.203369 0.000000 0.571615 0.000000 -0.820522 1.090164 1.090164 1.090164
1895.041504 0.000000 2789.110107 0.000000 0.818552 0.000000 0.574433 0.548150 0.548150 0.548150
1898.721313 0.000000 2790.307617 0.000000 0.724747 0.000000 0.689015 0.456905 0.456905 0.456905
1866.970703 0.000000 2812.094238 0.000000 0.324074 0.000000 -0.946032 1.252926 1.252926 1.252926
1870.439087 0.000000 2802.054688 0.000000 0.997637 0.000000 0.068708 0.684739 0.684739 0.684739
1880.768555 0.000000 2786.193848 0.000000 0.979788 0.000000 0.200037 0.623625 0.623625 0.623625
1860.746704 0.000000 2794.406006 0.000000 0.444640 0.000000 0.895709 0.480796 0.480796 0.480796
1898.223755 0.000000 2791.493652 0.000000 0.994425 0.000000 -0.105448 0.733786 0.733786 0.733786
1881.823853 0.000000 2810.540283 0.000000 0.879683 0.000000 0.475561 0.534574 0.534574 0.534574
1885.955566 0.000000 2806.810547 0.000000 0.986926 0.000000 -0.161176 0.734231 0.734231 0.734231
1865.365356 0.000000 2808.798584 0.000000 0.740370 0.000000 -0.672200 0.909989 0.909989 0.909989
1862.105591 0.000000 2792.416016 0.000000 0.468806 0.000000 0.883301 0.482376 0.482376 0.482376
1862.067993 0.000000 2804.697510 0.000000 0.923115 0.000000 -0.384524 0.816569 0.816569 0.816569
1857.163574 0.000000 2795.368652 0.000000 0.624061 0.000000 -0.781376 0.961748 0.961748 0.961748
1895.927734 0.000000 2803.826904 0.000000 0.295077 0.000000 0.955474 0.415631 0.415631 0.415631
1899.261230 0.000000 2813.139160 0.000000 0.358589 0.000000 0.933496 0.245501 0.245501 0.245501
1894.027222 0.000000 2814.933594 0.000000 0.099396 0.000000 0.995048 0.178065 0.178065 0.178065
1897.647095 0.000000 2809.230469 0.000000 0.491075 0.000000 0.871117 0.267563 0.267563 0.267563
1884.694702 0.000000 2790.577148 0.000000 0.908772 0.000000 0.417292 0.527730 0.527730 0.527730
1871.357910 0.000000 2804.239502 0.000000 0.868957 0.000000 -0.494887 0.805854 0.805854 0.805854
1883.500000 0.000000 2809.357666 0.000000 0.902606 0.000000 -0.430467 0.840762 0.840762 0.840762
1869.223022 0.000000 2812.603760 0.000000 0.025364 0.000000 0.999678 0.132839 0.132839 0.132839
1897.045898 0.000000 2803.445312 0.000000 0.867346 0.000000 -0.497705 0.876619 0.876619 0.876619
1869.161255 0.000000 2793.592773 0.000000 0.945181 0.000000 -0.326546 0.813940 0.813940 0.813940
1866.166992 0.000000 2806.535156 0.000000 0.948316 0.000000 0.317328 0.556100 0.556100 0.556100
1893.965576 0.000000 2805.163086 0.000000 0.567927 0.000000 -0.823079 0.931473 0.931473 0.931473
1897.770142 0.000000 2808.019287 0.000000 0.958818 0.000000 0.284023 0.582232 0.582232 0.582232
1857.239868 0.000000 2797.570312 0.000000 0.922842 0.000000 0.385179 0.603260 0.603260 0.603260
1862.320679 0.000000 2798.485596 0.000000 0.913122 0.000000 -0.407686 0.848970 0.848970 0.848970
1874.055542 0.000000 2802.630127 0.000000 0.465211 0.000000 -0.885200 0.981125 0.981125 0.981125
1868.400269 0.000000 2814.714111 0.000000 0.422172 0.000000 -0.906516 1.062968 1.062968 1.062968
1882.298218 0.000000 2807.998291 0.000000 0.254900 0.000000 -0.966967 1.069442 1.069442 1.069442
1882.086426 0.000000 2811.668213 0.000000 0.999325 0.000000 0.036728 0.685298 0.685298 0.685298
1883.946289 0.000000 2800.707275 0.000000 0.971798 0.000000 -0.235815 0.793189 0.793189 0.793189
1867.454468 0.000000 2805.112793 0.000000 0.108851 0.000000 -0.994058 1.336069 1.336069 1.336069
1892.235962 0.000000 2815.229492 0.000000 0.853967 0.000000 0.520328 0.465697 0.465697 0.465697
1869.259399 0.000000 2799.831787 0.000000 0.708167 0.000000 -0.706045 0.990425 0.990425 0.990425
1867.198853 0.000000 2800.942871 0.000000 0.101710 0.000000 0.994814 0.171189 0.171189 0.171189
1865.253296 0.000000 2813.786377 0.000000 0.197311 0.000000 0.980341 0.165245 0.165245 0.165245
1871.556519 0.000000 2793.325684 0.000000 0.849739 0.000000 0.527204 0.542788 0.542788 0.542788
1882.320679 0.000000 2801.871826 0.000000 0.906766 0.000000 0.421633 0.529619 0.529619 0.529619
1885.519165 0.000000 2792.144531 0.000000 0.907188 0.000000 -0.420726 0.864677 0.864677 0.864677
1896.406250 0.000000 2807.343018 0.000000 0.729415 0.000000 -0.684072 0.998847 0.998847 0.998847
1880.720459 0.000000 2806.313965 0.000000 0.786948 0.000000 0.617019 0.437376 0.437376 0.437376
1868.974487 0.000000 2801.883301 0.000000 0.898903 0.000000 -0.438147 0.825229 0.825229 0.825229
1862.115112 0.000000 2814.451172 0.000000 0.055473 0.000000 -0.998460 1.356730 1.356730 1.356730
1894.291260 0.000000 2806.320312 0.000000 0.822694 0.000000 -0.568485 0.862732 0.862732 0.862732
1880.737427 0.000000 2804.869141 0.000000 0.423828 0.000000 0.905743 0.290091 0.290091 0.290091
1867.194214 0.000000 2809.360352 0.000000 0.291222 0.000000 0.956656 0.220834 0.220834 0.220834
1890.217529 0.000000 2815.086426 0.000000 0.041077 0.000000 0.999156 0.149302 0.149302 0.149302
1858.591309 0.000000 2793.614258 0.000000 0.852592 0.000000 0.522578 0.487631 0.487631 0.487631
1865.127563 0.000000 2801.960693 0.000000 0.642009 0.000000 -0.766698 1.054225 1.054225 1.054225
1901.065186 0.000000 2814.994873 0.000000 0.910854 0.000000 -0.412728 0.854649 0.854649 0.854649
1864.046265 0.000000 2810.927734 0.000000 0.765530 0.000000 -0.643400 0.903981 0.903981 0.903981
1862.995483 0.000000 2795.138672 0.000000 0.999989 0.000000 0.004709 0.698050 0.698050 0.698050
1870.611206 0.000000 2797.403564 0.000000 0.795920 0.000000 -0.605402 0.880688 0.880688 0.880688
1868.458984 0.000000 2802.846680 0.000000 0.965201 0.000000 0.261509 0.618158 0.618158 0.618158
1899.704102 0.000000 2809.185791 0.000000 0.855801 0.000000 -0.517305 0.883381 0.883381 0.883381
1859.393433 0.000000 2790.541504 0.000000 0.748990 0.000000 -0.662581 0.935421 0.935421 0.935421
1882.344482 0.000000 2790.492920 0.000000 0.934870 0.000000 -0.354990 0.807815 0.807815 0.807815
1891.261597 0.000000 2753.006592 0.000000 0.043338 0.000000 0.999060 0.304938 0.304938 0.304938
1862.517334 0.000000 2797.234375 0.000000 0.672850 0.000000 0.739779 0.490439 0.490439 0.490439
1858.733521 0.000000 2810.123047 0.000000 0.304923 0.000000 0.952377 0.168933 0.168933 0.168933
1883.315796 0.000000 2803.857178 0.000000 0.967848 0.000000 0.251537 0.625348 0.625348 0.625348
1875.179321 0.000000 2791.974609 0.000000 0.984077 0.000000 0.177742 0.649723 0.649723 0.649723
1868.639282 0.000000 2806.881104 0.000000 0.994377 0.000000 0.105893 0.652722 0.652722 0.652722
1883.091431 0.000000 2805.910156 0.000000 0.813640 0.000000 -0.581368 0.916843 0.916843 0.916843
1864.664795 0.000000 2800.112793 0.000000 0.993159 0.000000 0.116768 0.652549 0.652549 0.652549
1859.782715 0.000000 2808.242920 0.000000 0.659416 0.000000 0.751778 0.460631 0.460631 0.460631
1868.675171 0.000000 2797.989502 0.000000 0.492925 0.000000 0.870072 0.368024 0.368024 0.368024
1898.199341 0.000000 2812.380371 0.000000 0.950225 0.000000 -0.311565 0.819600 0.819600 0.819600
1900.176392 0.000000 2790.561035 0.000000 0.513171 0.000000 -0.858286 1.082314 1.082314 1.082314
1873.999390 0.000000 2790.738770 0.000000 0.698680 0.000000 -0.715434 1.041347 1.041347 1.041347
1863.216675 0.000000 2794.057373 0.000000 0.872194 0.000000 0.489160 0.488303 0.488303 0.488303
1897.088013 0.000000 2812.954102 0.000000 0.149373 0.000000 -0.988781 1.223929 1.223929 1.223929
1881.994995 0.000000 2787.335693 0.000000 0.924433 0.000000 -0.381345 0.848372 0.848372 0.848372
1897.385742 0.000000 2789.342285 0.000000 0.949301 0.000000 0.314368 0.592140 0.592140 0.592140
1858.357666 0.000000 2790.262451 0.000000 0.830386 0.000000 -0.557188 0.892103 0.892103 0.892103
1865.694580 0.000000 2812.075928 0.000000 0.851505 0.000000 0.524347 0.484900 0.484900 0.484900
1855.774292 0.000000 2801.525391 0.000000 0.566972 0.000000 -0.823737 1.072154 1.072154 1.072154
1874.109985 0.000000 2788.584229 0.000000 0.497774 0.000000 0.867307 0.344097 0.344097 0.344097
1866.701172 0.000000 2815.287354 0.000000 0.156705 0.000000 0.987646 0.070122 0.070122 0.070122
1897.190063 0.000000 2802.283447 0.000000 0.319740 0.000000 -0.947505 1.122210 1.122210 1.122210
1883.313843 0.000000 2801.819580 0.000000 0.266584 0.000000 -0.963812 1.209268 1.209268 1.209268
1864.378052 0.000000 2809.020752 0.000000 0.052676 0.000000 0.998612 0.267561 0.267561 0.267561
1883.935791 0.000000 2802.856934 0.000000 0.617138 0.000000 0.786855 0.434093 0.434093 0.434093
1867.085815 0.000000 2813.338135 0.000000 0.670829 0.000000 -0.741612 1.072314 1.072314 1.072314
1861.390015 0.000000 2802.613770 0.000000 0.259286 0.000000 0.965801 0.288387 0.288387 0.288387
1866.792603 0.000000 2807.316895 0.000000 0.991924 0.000000 0.126834 0.643326 0.643326 0.643326
1868.247070 0.000000 2792.248047 0.000000 0.353622 0.000000 -0.935388 1.114236 1.114236 1.114236
1876.966309 0.000000 2787.621582 0.000000 0.876761 0.000000 0.480926 0.540426 0.540426 0.540426
1901.803833 0.000000 2793.448486 0.000000 0.525433 0.000000 -0.850835 1.032541 1.032541 1.032541
1883.389038 0.000000 2792.248535 0.000000 0.464543 0.000000 -0.885551 1.163797 1.163797 1.163797
1896.248291 0.000000 2809.595947 0.000000 0.889269 0.000000 0.457384 0.505735 0.505735 0.505735
1866.021484 0.000000 2776.024170 0.000000 0.512393 0.000000 -0.858751 1.028501 1.028501 1.028501
1859.179810 0.000000 2796.368408 0.000000 0.931565 0.000000 -0.363576 0.846313 0.846313 0.846313
1859.850586 0.000000 2795.061768 0.000000 0.279713 0.000000 0.960084 0.216322 0.216322 0.216322
1888.403931 0.000000 2814.173828 0.000000 0.575602 0.000000 -0.817730 1.066438 1.066438 1.066438
1895.350220 0.000000 2812.624023 0.000000 0.948315 0.000000 0.317331 0.559484 0.559484 0.559484
1856.902954 0.000000 2792.971436 0.000000 0.416397 0.000000 -0.909183 1.194648 1.194648 1.194648
1868.190063 0.000000 2805.764648 0.000000 0.996574 0.000000 0.082701 0.663682 0.663682 0.663682
1879.010376 0.000000 2787.533936 0.000000 0.520284 0.000000 0.853993 0.267099 0.267099 0.267099
1865.677124 0.000000 2797.710449 0.000000 0.898952 0.000000 0.438048 0.551821 0.551821 0.551821
1868.956909 0.000000 2804.936035 0.000000 0.419708 0.000000 0.907659 0.200967 0.200967 0.200967
1860.802002 0.000000 2812.764404 0.000000 0.062934 0.000000 0.998018 0.093940 0.093940 0.093940
1880.643555 0.000000 2787.258789 0.000000 0.714021 0.000000 -0.700124 0.994116 0.994116 0.994116
1868.753784 0.000000 2813.556885 0.000000 0.969855 0.000000 0.243682 0.609661 0.609661 0.609661
1863.772583 0.000000 2802.001953 0.000000 0.005450 0.000000 -0.999985 1.255321 1.255321 1.255321
1895.244995 0.000000 2804.559814 0.000000 0.283216 0.000000 0.959056 0.206477 0.206477 0.206477
1863.436890 0.000000 2802.976807 0.000000 0.983324 0.000000 -0.181863 0.764879 0.764879 0.764879
1861.916870 0.000000 2812.632812 0.000000 0.464776 0.000000 -0.885428 1.137080 1.137080 1.137080
1860.116577 0.000000 2793.308838 0.000000 0.425361 0.000000 0.905024 0.261044 0.261044 0.261044
1888.937866 0.000000 2814.987549 0.000000 0.849434 0.000000 -0.527694 0.912748 0.912748 0.912748
1881.565186 0.000000 2789.869385 0.000000 0.198356 0.000000 0.980130 0.158472 0.158472 0.158472
1896.120483 0.000000 2788.163818 0.000000 0.505821 0.000000 0.862639 0.349069 0.349069 0.349069
1883.292603 0.000000 2800.002930 0.000000 0.679999 0.000000 0.733213 0.377816 0.377816 0.377816
1873.084351 0.000000 2791.750488 0.000000 0.953433 0.000000 0.301606 0.568822 0.568822 0.568822
1858.040039 0.000000 2795.885010 0.000000 0.963057 0.000000 -0.269297 0.802448 0.802448 0.802448
1868.270020 0.000000 2793.280518 0.000000 0.233547 0.000000 0.972346 0.242702 0.242702 0.242702
1880.843262 0.000000 2810.483154 0.000000 0.520938 0.000000 0.853594 0.358586 0.358586 0.358586
1896.009399 0.000000 2805.234863 0.000000 0.694530 0.000000 0.719464 0.357579 0.357579 0.357579
1898.239258 0.000000 2809.998535 0.000000 0.845027 0.000000 -0.534723 0.890289 0.890289 0.890289
1866.306030 0.000000 2813.952881 0.000000 0.960995 0.000000 0.276564 0.575126 0.575126 0.575126
1863.061035 0.000000 2799.070801 0.000000 0.652436 0.000000 0.757844 0.394906 0.394906 0.394906
1899.120239 0.000000 2788.805420 0.000000 0.868482 0.000000 0.495721 0.509654 0.509654 0.509654
1882.007446 0.000000 2792.565430 0.000000 0.839001 0.000000 -0.544130 0.945336 0.945336 0.945336
1881.386597 0.000000 2809.731201 0.000000 0.869749 0.000000 0.493494 0.490752 0.490752 0.490752
1897.149536 0.000000 2788.446533 0.000000 0.992747 0.000000 0.120219 0.659354 0.659354 0.659354
1882.108276 0.000000 2804.659424 0.000000 0.130307 0.000000 -0.991474 1.203345 1.203345 1.203345
1857.458984 0.000000 2799.325439 0.000000 0.563900 0.000000 0.825843 0.338301 0.338301 0.338301
1881.466064 0.000000 2788.947266 0.000000 0.176579 0.000000 0.984286 0.149716 0.149716 0.149716
1857.020996 0.000000 2800.888916 0.000000 0.805734 0.000000 0.592277 0.475124 0.475124 0.475124
1896.693481 0.000000 2811.116211 0.000000 0.954350 0.000000 -0.298692 0.835170 0.835170 0.835170
1858.631470 0.000000 2794.530029 0.000000 0.702067 0.000000 -0.712111 0.997767 0.997767 0.997767
1869.553223 0.000000 2806.792725 0.000000 0.564658 0.000000 0.825325 0.267388 0.267388 0.267388
1856.827637 0.000000 2799.999756 0.000000 1.000000 0.000000 0.000604 0.699775 0.699775 0.699775
1865.248291 0.000000 2800.964355 0.000000 0.999930 0.000000 0.011857 0.695193 0.695193 0.695193
1868.985962 0.000000 2795.069580 0.000000 0.764359 0.000000 -0.644791 0.985336 0.985336 0.985336
1860.391479 0.000000 2792.387939 0.000000 0.893154 0.000000 -0.449750 0.880980 0.880980 0.880980
1861.472900 0.000000 2793.809082 0.000000 0.263227 0.000000 -0.964734 1.206071 1.206071 1.206071
1865.162598 0.000000 2812.787354 0.000000 0.169560 0.000000 0.985520 0.154244 0.154244 0.154244
1866.640259 0.000000 2805.718750 0.000000 0.645092 0.000000 -0.764105 1.078428 1.078428 1.078428
1895.280884 0.000000 2813.894287 0.000000 0.905954 0.000000 -0.423375 0.890233 0.890233 0.890233
1858.633179 0.000000 2792.278076 0.000000 0.016177 0.000000 0.999869 0.099581 0.099581 0.099581
1884.052734 0.000000 2792.874268 0.000000 0.999219 0.000000 -0.039512 0.714988 0.714988 0.714988
1885.068970 0.000000 2791.379883 0.000000 0.114808 0.000000 -0.993388 1.282580 1.282580 1.282580
1856.692505 0.000000 2814.652832 0.000000 0.657049 0.000000 -0.753848 1.025313 1.025313 1.025313
1869.780518 0.000000 2795.724121 0.000000 0.742344 0.000000 0.670019 0.401030 0.401030 0.401030
1867.947876 0.000000 2813.886230 0.000000 0.750942 0.000000 -0.660368 1.021440 1.021440 1.021440
1896.832275 0.000000 2805.556396 0.000000 0.738043 0.000000 0.674754 0.384187 0.384187 0.384187
1892.025146 0.000000 2814.279541 0.000000 0.086544 0.000000 -0.996248 1.335448 1.335448 1.335448
1893.195068 0.000000 2815.107666 0.000000 0.856643 0.000000 0.515910 0.467909 0.467909 0.467909
1899.533325 0.000000 2811.036377 0.000000 0.904353 0.000000 0.426786 0.503504 0.503504 0.503504
1857.551025 0.000000 2793.516113 0.000000 0.893426 0.000000 -0.449211 0.901914 0.901914 0.901914
1859.242920 0.000000 2811.736084 0.000000 0.263997 0.000000 0.964524 0.150952 0.150952 0.150952
1867.442871 0.000000 2804.287109 0.000000 0.940692 0.000000 -0.339263 0.850619 0.850619 0.850619
1856.685303 0.000000 2792.130127 0.000000 0.553656 0.000000 0.832745 0.273513 0.273513 0.273513
1899.921143 0.000000 2811.918945 0.000000 0.600179 0.000000 0.799866 0.286865 0.286865 0.286865
1919.886475 0.000000 2699.831299 0.000000 0.852000 0.000000 0.523541 0.626818 0.626818 0.626818
1964.081543 0.000000 2687.496582 0.000000 0.177068 0.000000 -0.984199 0.882551 0.882551 0.882551
1924.298706 0.000000 2691.126953 0.000000 0.965131 0.000000 -0.261768 0.715737 0.715737 0.715737
1925.130005 0.000000 2693.372559 0.000000 0.974925 0.000000 -0.222533 0.785103 0.785103 0.785103
1924.181030 0.000000 2692.444824 0.000000 0.573764 0.000000 0.819020 0.336056 0.336056 0.336056
1925.276733 0.000000 2692.089355 0.000000 0.951481 0.000000 -0.307709 0.818616 0.818616 0.818616
1924.064331 0.000000 2693.587402 0.000000 0.981124 0.000000 -0.193378 0.773799 0.773799 0.773799
1653.793823 0.000000 2877.378662 0.000000 0.831372 0.000000 -0.555716 0.730892 0.730892 0.730892
1650.657837 0.000000 2879.287598 0.000000 0.906134 0.000000 -0.422990 0.756480 0.756480 0.756480
1655.563232 0.000000 2878.041504 0.000000 0.574505 0.000000 -0.818501 0.912798 0.912798 0.912798
1653.324219 0.000000 2878.943848 0.000000 0.152657 0.000000 0.988279 0.350705 0.350705 0.350705
1655.833008 0.000000 2879.279541 0.000000 0.473575 0.000000 0.880753 0.460867 0.460867 0.460867
1654.434692 0.000000 2878.506836 0.000000 0.392753 0.000000 -0.919644 0.959046 0.959046 0.959046
1556.778564 0.000000 2938.343262 0.000000 0.682822 0.000000 0.730584 0.655621 0.655621 0.655621
1594.223267 0.000000 2892.822266 0.000000 0.948233 0.000000 0.317574 0.609637 0.609637 0.609637
1547.185059 0.000000 2917.104980 0.000000 0.230231 0.000000 -0.973136 0.924554 0.924554 0.924554
1580.759277 0.000000 2937.518555 0.000000 0.908690 0.000000 0.417472 0.603665 0.603665 0.603665
1563.381226 0.000000 2911.547119 0.000000 0.371715 0.000000 0.928347 0.479571 0.479571 0.479571
1541.700317 0.000000 2887.192139 0.000000 0.512164 0.000000 0.858888 0.407522 0.407522 0.407522
1555.285522 0.000000 2941.142578 0.000000 0.989801 0.000000 0.142454 0.685512 0.685512 0.685512
1535.884033 0.000000 2897.874268 0.000000 0.909612 0.000000 -0.415459 0.801081 0.801081 0.801081
1561.323242 0.000000 2909.765869 0.000000 0.796928 0.000000 0.604075 0.665995 0.665995 0.665995
1582.909668 0.000000 2907.119385 0.000000 0.992494 0.000000 0.122296 0.663576 0.663576 0.663576
1549.381226 0.000000 2918.248047 0.000000 0.066470 0.000000 -0.997788 0.799896 0.799896 0.799896
1573.806396 0.000000 2890.433838 0.000000 0.774557 0.000000 -0.632504 0.883097 0.883097 0.883097
1592.515747 0.000000 2929.145020 0.000000 0.071860 0.000000 -0.997415 0.794299 0.794299 0.794299
1578.765869 0.000000 2936.665771 0.000000 0.743628 0.000000 -0.668594 0.856134 0.856134 0.856134
1546.418091 0.000000 2919.071289 0.000000 0.341920 0.000000 0.939729 0.597507 0.597507 0.597507
1541.176880 0.000000 2885.325684 0.000000 0.597002 0.000000 -0.802240 0.865961 0.865961 0.865961
1557.026855 0.000000 2940.292725 0.000000 0.607561 0.000000 -0.794273 1.051265 1.051265 1.051265
1549.794678 0.000000 2916.452393 0.000000 0.984128 0.000000 -0.177458 0.725877 0.725877 0.725877
1594.818970 0.000000 2928.148193 0.000000 0.082681 0.000000 -0.996576 1.344909 1.344909 1.344909
1560.447998 0.000000 2911.289307 0.000000 0.735002 0.000000 0.678065 0.482537 0.482537 0.482537
1582.899658 0.000000 2905.345947 0.000000 0.848133 0.000000 -0.529784 0.779036 0.779036 0.779036
1574.526489 0.000000 2891.884521 0.000000 0.003306 0.000000 0.999995 0.489072 0.489072 0.489072
1561.877686 0.000000 2911.891113 0.000000 0.991419 0.000000 0.130723 0.661740 0.661740 0.661740
1580.206787 0.000000 2936.087158 0.000000 0.272904 0.000000 -0.962041 0.989542 0.989542 0.989542
1563.064697 0.000000 2910.051514 0.000000 0.991255 0.000000 0.131961 0.675484 0.675484 0.675484
1595.412354 0.000000 2893.578857 0.000000 0.560785 0.000000 0.827961 0.427248 0.427248 0.427248
1573.122681 0.000000 2891.608643 0.000000 0.917801 0.000000 -0.397040 0.809169 0.809169 0.809169
1540.227905 0.000000 2884.397949 0.000000 0.668003 0.000000 0.744159 0.550396 0.550396 0.550396
1572.580200 0.000000 2890.068604 0.000000 0.144697 0.000000 -0.989476 1.081175 1.081175 1.081175
1540.760864 0.000000 2886.457031 0.000000 0.535892 0.000000 0.844286 0.415410 0.415410 0.415410
1540.572266 0.000000 2887.765137 0.000000 0.030146 0.000000 0.999546 0.263830 0.263830 0.263830
1595.315186 0.000000 2892.445801 0.000000 0.316410 0.000000 -0.948622 1.049196 1.049196 1.049196
1557.331421 0.000000 2941.357910 0.000000 0.994981 0.000000 0.100065 0.661639 0.661639 0.661639
1595.463989 0.000000 2929.042236 0.000000 0.085239 0.000000 0.996361 0.056203 0.056203 0.056203
1541.980835 0.000000 2886.122070 0.000000 0.116862 0.000000 -0.993148 1.111546 1.111546 1.111546
1572.194214 0.000000 2891.062012 0.000000 0.497125 0.000000 0.867679 0.419113 0.419113 0.419113
1556.336792 0.000000 2941.118164 0.000000 0.711486 0.000000 -0.702700 0.998210 0.998210 0.998210
1582.463501 0.000000 2906.222656 0.000000 0.518432 0.000000 -0.855119 1.004748 1.004748 1.004748
1594.113403 0.000000 2929.900391 0.000000 0.471217 0.000000 -0.882017 1.168128 1.168128 1.168128
1648.082886 0.000000 2901.240234 0.000000 0.999144 0.000000 0.041360 0.698554 0.698554 0.698554
1654.857910 0.000000 2880.049072 0.000000 0.887511 0.000000 -0.460786 0.877419 0.877419 0.877419
1642.789917 0.000000 2887.243408 0.000000 0.235959 0.000000 -0.971763 0.956169 0.956169 0.956169
1659.074219 0.000000 2905.889893 0.000000 0.985201 0.000000 -0.171401 0.701204 0.701204 0.701204
1649.563477 0.000000 2892.778564 0.000000 0.565684 0.000000 0.824622 0.515317 0.515317 0.515317
1641.346313 0.000000 2895.708984 0.000000 0.774740 0.000000 0.632280 0.394967 0.394967 0.394967
1616.010620 0.000000 2905.884521 0.000000 0.512555 0.000000 -0.858655 0.813691 0.813691 0.813691
1661.074707 0.000000 2915.448730 0.000000 0.612585 0.000000 -0.790405 0.786015 0.786015 0.786015
1655.176514 0.000000 2899.823242 0.000000 0.999035 0.000000 -0.043918 0.703608 0.703608 0.703608
1630.520508 0.000000 2915.105713 0.000000 0.847482 0.000000 0.530825 0.679464 0.679464 0.679464
1661.234497 0.000000 2900.120605 0.000000 0.946550 0.000000 0.322557 0.656379 0.656379 0.656379
1652.256348 0.000000 2904.399414 0.000000 0.883107 0.000000 -0.469172 0.770835 0.770835 0.770835
1643.012085 0.000000 2901.076660 0.000000 0.939510 0.000000 0.342521 0.692669 0.692669 0.692669
1647.657837 0.000000 2888.171143 0.000000 0.999982 0.000000 0.006029 0.699810 0.699810 0.699810
1646.377686 0.000000 2896.627686 0.000000 0.973427 0.000000 0.228996 0.687887 0.687887 0.687887
1644.438354 0.000000 2891.955322 0.000000 0.223982 0.000000 0.974593 0.295745 0.295745 0.295745
1638.291260 0.000000 2899.970459 0.000000 0.966316 0.000000 -0.257360 0.781878 0.781878 0.781878
1640.039551 0.000000 2891.331787 0.000000 0.881254 0.000000 0.472643 0.579556 0.579556 0.579556
1651.024170 0.000000 2882.746094 0.000000 0.954487 0.000000 0.298253 0.655012 0.655012 0.655012
1655.582275 0.000000 2914.588135 0.000000 0.829101 0.000000 -0.559099 0.800573 0.800573 0.800573
1649.504150 0.000000 2907.680420 0.000000 0.992350 0.000000 -0.123458 0.702596 0.702596 0.702596
1645.328369 0.000000 2884.222900 0.000000 0.861337 0.000000 -0.508035 0.839693 0.839693 0.839693
1657.907593 0.000000 2897.088379 0.000000 0.697434 0.000000 -0.716649 0.723737 0.723737 0.723737
1655.709717 0.000000 2883.851074 0.000000 0.375485 0.000000 -0.926828 0.830562 0.830562 0.830562
1658.162354 0.000000 2902.237549 0.000000 0.398349 0.000000 0.917234 0.555935 0.555935 0.555935
1662.463867 0.000000 2903.612549 0.000000 0.968927 0.000000 -0.247347 0.783864 0.783864 0.783864
1616.413330 0.000000 2902.317139 0.000000 0.452898 0.000000 0.891563 0.446070 0.446070 0.446070
1638.678833 0.000000 2888.157227 0.000000 0.521701 0.000000 -0.853128 0.783939 0.783939 0.783939
1640.473389 0.000000 2884.586182 0.000000 0.670127 0.000000 -0.742247 0.871020 0.871020 0.871020
1652.721069 0.000000 2913.109863 0.000000 0.240059 0.000000 0.970758 0.384284 0.384284 0.384284
1652.017822 0.000000 2901.026123 0.000000 0.283474 0.000000 -0.958980 1.034180 1.034180 1.034180
1648.345093 0.000000 2904.453369 0.000000 0.968891 0.000000 0.247490 0.669843 0.669843 0.669843
1643.514038 0.000000 2897.973877 0.000000 0.832585 0.000000 -0.553897 0.890817 0.890817 0.890817
1661.391846 0.000000 2912.379150 0.000000 0.685572 0.000000 0.728005 0.675775 0.675775 0.675775
1655.035278 0.000000 2903.078125 0.000000 0.479176 0.000000 0.877719 0.417358 0.417358 0.417358
1651.745483 0.000000 2879.733643 0.000000 0.057683 0.000000 0.998335 0.504326 0.504326 0.504326
1653.439331 0.000000 2918.549561 0.000000 0.878941 0.000000 -0.476931 0.726934 0.726934 0.726934
1632.749756 0.000000 2917.214600 0.000000 0.988755 0.000000 -0.149542 0.727019 0.727019 0.727019
1618.641968 0.000000 2904.187744 0.000000 0.985372 0.000000 -0.170418 0.707781 0.707781 0.707781
1647.274902 0.000000 2891.071777 0.000000 0.485378 0.000000 0.874304 0.538230 0.538230 0.538230
1644.940430 0.000000 2889.158447 0.000000 0.868876 0.000000 0.495029 0.655654 0.655654 0.655654
1649.411011 0.000000 2895.594482 0.000000 0.688055 0.000000 0.725658 0.572288 0.572288 0.572288
1640.280640 0.000000 2901.978271 0.000000 0.811838 0.000000 -0.583882 0.773005 0.773005 0.773005
1638.776733 0.000000 2897.145752 0.000000 0.974041 0.000000 -0.226374 0.751080 0.751080 0.751080
1640.982178 0.000000 2899.239014 0.000000 0.975450 0.000000 0.220220 0.626662 0.626662 0.626662
1644.044067 0.000000 2894.832031 0.000000 0.011726 0.000000 0.999931 0.408467 0.408467 0.408467
1663.784180 0.000000 2901.166260 0.000000 0.898133 0.000000 -0.439723 0.780361 0.780361 0.780361
1646.893921 0.000000 2893.931641 0.000000 0.839944 0.000000 0.542673 0.498509 0.498509 0.498509
1642.399048 0.000000 2889.955811 0.000000 0.619401 0.000000 -0.785075 0.983995 0.983995 0.983995
1662.296265 0.000000 2906.353271 0.000000 0.993897 0.000000 0.110315 0.686284 0.686284 0.686284
1643.747314 0.000000 2882.007080 0.000000 0.997650 0.000000 -0.068512 0.709107 0.709107 0.709107
1642.067505 0.000000 2893.016602 0.000000 0.894165 0.000000 -0.447737 0.854956 0.854956 0.854956
1658.668457 0.000000 2899.641113 0.000000 0.932068 0.000000 -0.362283 0.760251 0.760251 0.760251
1653.526855 0.000000 2882.339844 0.000000 0.994536 0.000000 0.104396 0.689947 0.689947 0.689947
1650.267090 0.000000 2902.846680 0.000000 0.625301 0.000000 0.780384 0.376133 0.376133 0.376133
1645.409424 0.000000 2886.717529 0.000000 0.831836 0.000000 0.555022 0.656813 0.656813 0.656813
1656.947510 0.000000 2916.558350 0.000000 0.858720 0.000000 0.512446 0.654868 0.654868 0.654868
1662.685791 0.000000 2897.889404 0.000000 0.998135 0.000000 0.061038 0.696371 0.696371 0.696371
1639.778198 0.000000 2893.782959 0.000000 0.963645 0.000000 0.267186 0.679675 0.679675 0.679675
1663.704834 0.000000 2915.655029 0.000000 0.876758 0.000000 -0.480932 0.869221 0.869221 0.869221
1660.458862 0.000000 2902.515869 0.000000 0.988095 0.000000 -0.153845 0.718355 0.718355 0.718355
1653.793213 0.000000 2916.301514 0.000000 0.885768 0.000000 -0.464128 0.802060 0.802060 0.802060
1642.996582 0.000000 2884.206787 0.000000 0.961630 0.000000 0.274351 0.585380 0.585380 0.585380
1650.280518 0.000000 2905.478760 0.000000 0.443364 0.000000 -0.896342 1.076816 1.076816 1.076816
1640.468140 0.000000 2886.906006 0.000000 0.309424 0.000000 0.950924 0.190683 0.190683 0.190683
1663.119995 0.000000 2913.561523 0.000000 0.851570 0.000000 -0.524241 0.781006 0.781006 0.781006
1640.378784 0.000000 2889.268799 0.000000 0.759571 0.000000 -0.650424 0.920282 0.920282 0.920282
1649.032227 0.000000 2881.902832 0.000000 0.220360 0.000000 0.975419 0.527953 0.527953 0.527953
1638.173340 0.000000 2894.989258 0.000000 0.977904 0.000000 -0.209055 0.724660 0.724660 0.724660
1655.851318 0.000000 2881.857422 0.000000 0.643176 0.000000 0.765718 0.376876 0.376876 0.376876
1656.306274 0.000000 2901.485596 0.000000 0.370963 0.000000 -0.928648 1.191101 1.191101 1.191101
1654.163330 0.000000 2904.831299 0.000000 0.494246 0.000000 -0.869322 1.136472 1.136472 1.136472
1630.843018 0.000000 2917.018066 0.000000 0.789677 0.000000 -0.613523 0.828128 0.828128 0.828128
1653.919556 0.000000 2901.343750 0.000000 0.540381 0.000000 -0.841420 0.960365 0.960365 0.960365
1655.208984 0.000000 2917.596436 0.000000 0.917724 0.000000 0.397219 0.570791 0.570791 0.570791
1641.886719 0.000000 2885.696777 0.000000 0.359582 0.000000 -0.933114 0.945969 0.945969 0.945969
1640.601929 0.000000 2897.389648 0.000000 0.588224 0.000000 0.808698 0.364193 0.364193 0.364193
1616.732788 0.000000 2904.092285 0.000000 0.835220 0.000000 0.549916 0.635894 0.635894 0.635894
1659.087524 0.000000 2903.906982 0.000000 0.969407 0.000000 0.245461 0.669229 0.669229 0.669229
1656.956421 0.000000 2899.218994 0.000000 0.981630 0.000000 -0.190795 0.732207 0.732207 0.732207
1662.061646 0.000000 2901.773193 0.000000 0.521932 0.000000 -0.852987 0.880333 0.880333 0.880333
1643.920410 0.000000 2885.694336 0.000000 0.628594 0.000000 0.777734 0.332503 0.332503 0.332503
1652.779907 0.000000 2902.634277 0.000000 0.007772 0.000000 -0.999970 1.197136 1.197136 1.197136
1617.711304 0.000000 2905.660889 0.000000 0.956124 0.000000 0.292962 0.667265 0.667265 0.667265
1653.831909 0.000000 2914.518799 0.000000 0.591015 0.000000 0.806661 0.309663 0.309663 0.309663
1653.211792 0.000000 2880.626953 0.000000 0.054823 0.000000 0.998496 0.188696 0.188696 0.188696
1643.902954 0.000000 2899.638428 0.000000 0.899194 0.000000 0.437550 0.650140 0.650140 0.650140
1646.255981 0.000000 2892.392090 0.000000 0.945727 0.000000 0.324963 0.583741 0.583741 0.583741
1639.696289 0.000000 2895.624512 0.000000 0.996990 0.000000 0.077525 0.690914 0.690914 0.690914
1639.394043 0.000000 2898.647217 0.000000 0.669153 0.000000 0.743125 0.436480 0.436480 0.436480
1647.815063 0.000000 2895.270752 0.000000 0.375708 0.000000 0.926738 0.414064 0.414064 0.414064
1650.858398 0.000000 2881.109375 0.000000 0.466584 0.000000 0.884477 0.265638 0.265638 0.265638
1654.860840 0.000000 2919.432617 0.000000 0.186974 0.000000 0.982365 0.265046 0.265046 0.265046
1645.680054 0.000000 2895.087646 0.000000 0.823759 0.000000 0.566939 0.587284 0.587284 0.587284
1642.797852 0.000000 2891.552734 0.000000 0.145987 0.000000 -0.989286 1.165454 1.165454 1.165454
1638.670288 0.000000 2901.685791 0.000000 0.612596 0.000000 -0.790396 0.857692 0.857692 0.857692
1645.126465 0.000000 2893.547363 0.000000 0.990984 0.000000 -0.133983 0.742978 0.742978 0.742978
1659.536743 0.000000 2901.050781 0.000000 0.434206 0.000000 -0.900814 1.072430 1.072430 1.072430
1642.967773 0.000000 2896.025391 0.000000 0.014047 0.000000 0.999901 0.193978 0.193978 0.193978
1652.038452 0.000000 2914.592285 0.000000 0.512464 0.000000 -0.858709 1.129544 1.129544 1.129544
1645.495605 0.000000 2890.765869 0.000000 0.985210 0.000000 0.171349 0.648240 0.648240 0.648240
1652.044678 0.000000 2917.632812 0.000000 0.547605 0.000000 0.836737 0.490383 0.490383 0.490383
1641.381714 0.000000 2900.805664 0.000000 0.439215 0.000000 -0.898382 0.830679 0.830679 0.830679
1656.714844 0.000000 2903.014160 0.000000 0.890483 0.000000 -0.455017 0.801542 0.801542 0.801542
1642.454224 0.000000 2894.544434 0.000000 0.999426 0.000000 -0.033873 0.715098 0.715098 0.715098
1643.406372 0.000000 2888.699463 0.000000 0.881055 0.000000 -0.473014 0.854989 0.854989 0.854989
1643.979004 0.000000 2890.422852 0.000000 0.686063 0.000000 0.727542 0.433747 0.433747 0.433747
1641.642456 0.000000 2888.295410 0.000000 0.993631 0.000000 0.112684 0.664873 0.664873 0.664873
1647.863403 0.000000 2892.655518 0.000000 0.731907 0.000000 0.681404 0.436664 0.436664 0.436664
1639.838867 0.000000 2900.353027 0.000000 0.890983 0.000000 -0.454037 0.781538 0.781538 0.781538
1643.553589 0.000000 2893.373535 0.000000 0.847487 0.000000 -0.530816 0.886776 0.886776 0.886776
1642.096924 0.000000 2897.321533 0.000000 0.669225 0.000000 -0.743059 0.972272 0.972272 0.972272
1657.647583 0.000000 2900.756836 0.000000 0.243911 0.000000 -0.969798 1.246222 1.246222 1.246222
1663.269775 0.000000 2905.140381 0.000000 0.761508 0.000000 0.648156 0.549656 0.549656 0.549656
1648.874878 0.000000 2894.095947 0.000000 0.998569 0.000000 -0.053472 0.708414 0.708414 0.708414
1663.748413 0.000000 2902.680420 0.000000 0.997023 0.000000 -0.077103 0.725896 0.725896 0.725896
1652.173218 0.000000 2881.783447 0.000000 0.700797 0.000000 -0.713361 0.967898 0.967898 0.967898
1662.383179 0.000000 2914.865234 0.000000 0.813763 0.000000 -0.581196 0.909183 0.909183 0.909183
1655.586426 0.000000 2905.018311 0.000000 0.185362 0.000000 -0.982670 1.273369 1.273369 1.273369
1655.288208 0.000000 2915.999756 0.000000 0.941016 0.000000 -0.338361 0.758512 0.758512 0.758512
1658.932251 0.000000 2898.085693 0.000000 0.983714 0.000000 0.179744 0.670627 0.670627 0.670627
1640.606079 0.000000 2892.650391 0.000000 0.581421 0.000000 0.813603 0.359542 0.359542 0.359542
1654.528076 0.000000 2881.382568 0.000000 0.743301 0.000000 -0.668957 0.971495 0.971495 0.971495
1641.420410 0.000000 2891.499268 0.000000 0.763601 0.000000 -0.645688 0.871734 0.871734 0.871734
1641.093750 0.000000 2894.298584 0.000000 0.744079 0.000000 0.668092 0.373956 0.373956 0.373956
1651.593262 0.000000 2903.250732 0.000000 0.355745 0.000000 0.934583 0.263337 0.263337 0.263337
1651.714844 0.000000 2905.699219 0.000000 0.463599 0.000000 -0.886045 1.069118 1.069118 1.069118
1617.753784 0.000000 2903.238525 0.000000 0.644032 0.000000 -0.764998 0.900932 0.900932 0.900932
1653.591431 0.000000 2879.350586 0.000000 0.991118 0.000000 0.132986 0.667134 0.667134 0.667134
1653.653809 0.000000 2903.636963 0.000000 0.248688 0.000000 0.968584 0.280329 0.280329 0.280329
1645.631958 0.000000 2885.465820 0.000000 0.909690 0.000000 0.415289 0.587737 0.587737 0.587737
1650.995605 0.000000 2904.410645 0.000000 0.454427 0.000000 0.890784 0.327382 0.327382 0.327382
1641.171509 0.000000 2890.237793 0.000000 0.958939 0.000000 0.283614 0.629645 0.629645 0.629645
1652.696289 0.000000 2915.701172 0.000000 0.143639 0.000000 -0.989630 1.293383 1.293383 1.293383
1655.104004 0.000000 2901.702881 0.000000 0.947966 0.000000 0.318370 0.599777 0.599777 0.599777
1657.903931 0.000000 2903.464355 0.000000 0.076974 0.000000 0.997033 0.378915 0.378915 0.378915
1631.703979 0.000000 2917.924316 0.000000 0.697306 0.000000 0.716774 0.544977 0.544977 0.544977
1654.020386 0.000000 2917.501709 0.000000 0.596037 0.000000 -0.802957 0.994879 0.994879 0.994879
1641.665283 0.000000 2884.339600 0.000000 0.545994 0.000000 0.837789 0.496919 0.496919 0.496919
1655.934692 0.000000 2903.897461 0.000000 0.333906 0.000000 -0.942606 1.024671 1.024671 1.024671
1656.340332 0.000000 2900.222900 0.000000 0.827344 0.000000 0.561696 0.454013 0.454013 0.454013
1644.183350 0.000000 2884.566895 0.000000 0.785608 0.000000 0.618725 0.525123 0.525123 0.525123
1650.647217 0.000000 2880.024902 0.000000 0.785969 0.000000 0.618266 0.433255 0.433255 0.433255
1650.163574 0.000000 2881.986816 0.000000 0.999489 0.000000 -0.031959 0.712792 0.712792 0.712792
1641.554321 0.000000 2887.157471 0.000000 0.964440 0.000000 -0.264303 0.808447 0.808447 0.808447
1646.733398 0.000000 2895.587402 0.000000 0.998474 0.000000 0.055227 0.686674 0.686674 0.686674
1654.192261 0.000000 2900.295898 0.000000 0.011183 0.000000 0.999937 0.217577 0.217577 0.217577
1654.116821 0.000000 2902.422607 0.000000 0.013082 0.000000 -0.999914 1.111058 1.111058 1.111058
1655.778076 0.000000 2880.776123 0.000000 0.755667 0.000000 -0.654957 0.964575 0.964575 0.964575
1638.345215 0.000000 2898.136719 0.000000 0.504595 0.000000 0.863356 0.372260 0.372260 0.372260
1643.537598 0.000000 2896.926514 0.000000 0.955288 0.000000 -0.295676 0.797568 0.797568 0.797568
1654.555908 0.000000 2918.421143 0.000000 0.303576 0.000000 -0.952807 1.097092 1.097092 1.097092
1651.837158 0.000000 2880.749268 0.000000 0.382974 0.000000 0.923759 0.228655 0.228655 0.228655
1651.865845 0.000000 2902.180908 0.000000 0.684776 0.000000 -0.728753 0.995368 0.995368 0.995368
1662.680908 0.000000 2902.600830 0.000000 0.999942 0.000000 0.010756 0.696391 0.696391 0.696391
1641.571533 0.000000 2889.326904 0.000000 0.754139 0.000000 -0.656715 0.922867 0.922867 0.922867
1642.747925 0.000000 2885.175781 0.000000 0.781763 0.000000 0.623575 0.422308 0.422308 0.422308
1641.132202 0.000000 2898.235596 0.000000 0.007131 0.000000 -0.999975 1.216468 1.216468 1.216468
1657.275879 0.000000 2901.742188 0.000000 0.582420 0.000000 -0.812888 1.091434 1.091434 1.091434
1654.862061 0.000000 2904.080322 0.000000 0.711277 0.000000 -0.702912 1.022844 1.022844 1.022844
1643.442139 0.000000 2892.340576 0.000000 0.156841 0.000000 -0.987624 1.171745 1.171745 1.171745
1663.365601 0.000000 2914.684082 0.000000 0.221198 0.000000 0.975229 0.245425 0.245425 0.245425
1655.563477 0.000000 2918.532227 0.000000 0.184563 0.000000 0.982821 0.264274 0.264274 0.264274
1652.910034 0.000000 2914.091309 0.000000 0.237760 0.000000 0.971324 0.146513 0.146513 0.146513
1640.210449 0.000000 2894.740967 0.000000 0.526477 0.000000 0.850189 0.247082 0.247082 0.247082
1655.432983 0.000000 2900.784180 0.000000 0.975530 0.000000 0.219866 0.631430 0.631430 0.631430
1658.601440 0.000000 2901.367188 0.000000 0.067756 0.000000 0.997702 0.200946 0.200946 0.200946
1655.868652 0.000000 2916.861084 0.000000 0.340658 0.000000 -0.940187 1.086907 1.086907 1.086907
1642.080444 0.000000 2896.321777 0.000000 0.298705 0.000000 0.954346 0.288011 0.288011 0.288011
1641.044434 0.000000 2886.116211 0.000000 0.867502 0.000000 -0.497433 0.911087 0.911087 0.911087
1643.889160 0.000000 2895.766846 0.000000 0.309010 0.000000 0.951059 0.139997 0.139997 0.139997
1640.813843 0.000000 2887.796143 0.000000 0.877933 0.000000 -0.478783 0.902423 0.902423 0.902423
1640.638794 0.000000 2896.302734 0.000000 0.800243 0.000000 -0.599676 0.929268 0.929268 0.929268
1647.156250 0.000000 2892.035645 0.000000 0.764973 0.000000 -0.644063 0.945814 0.945814 0.945814
1646.064697 0.000000 2893.330322 0.000000 0.470873 0.000000 -0.882201 1.079547 1.079547 1.079547
1642.218750 0.000000 2895.431152 0.000000 0.995717 0.000000 0.092454 0.658740 0.658740 0.658740
1643.152222 0.000000 2895.139893 0.000000 0.905014 0.000000 -0.425382 0.895804 0.895804 0.895804
1653.542847 0.000000 2915.343262 0.000000 0.470628 0.000000 0.882332 0.250471 0.250471 0.250471
1643.316040 0.000000 2894.277832 0.000000 0.592810 0.000000 -0.805342 1.117226 1.117226 1.117226
1651.276489 0.000000 2881.919434 0.000000 0.699995 0.000000 -0.714148 1.018319 1.018319 1.018319
1692.163940 0.000000 2822.977295 0.000000 0.969350 0.000000 -0.245683 0.765936 0.765936 0.765936
1718.850098 0.000000 2816.064697 0.000000 0.406387 0.000000 0.913701 0.635560 0.635560 0.635560
1706.782104 0.000000 2823.259033 0.000000 0.373415 0.000000 -0.927665 0.733221 0.733221 0.733221
1697.586182 0.000000 2836.224365 0.000000 0.945632 0.000000 -0.325240 0.842992 0.842992 0.842992
1722.207642 0.000000 2828.837891 0.000000 0.264723 0.000000 0.964324 0.324313 0.324313 0.324313
1723.066406 0.000000 2841.905518 0.000000 0.343389 0.000000 0.939193 0.682940 0.682940 0.682940
1699.292725 0.000000 2815.875000 0.000000 0.893478 0.000000 -0.449107 0.855467 0.855467 0.855467
1713.555664 0.000000 2828.794189 0.000000 0.480253 0.000000 -0.877130 0.892575 0.892575 0.892575
1705.338501 0.000000 2831.724609 0.000000 0.317013 0.000000 -0.948421 0.883235 0.883235 0.883235
1709.934692 0.000000 2845.598877 0.000000 0.368704 0.000000 -0.929547 1.129548 1.129548 1.129548
1694.730713 0.000000 2843.571777 0.000000 0.820790 0.000000 0.571231 0.502368 0.502368 0.502368
1692.569458 0.000000 2830.623291 0.000000 0.320988 0.000000 0.947083 0.347806 0.347806 0.347806
1711.346924 0.000000 2816.740723 0.000000 0.816164 0.000000 0.577821 0.633250 0.633250 0.633250
1719.168701 0.000000 2835.838867 0.000000 0.903039 0.000000 -0.429558 0.897863 0.897863 0.897863
1723.461304 0.000000 2821.689941 0.000000 0.518248 0.000000 -0.855230 0.850613 0.850613 0.850613
1716.681152 0.000000 2822.615723 0.000000 0.836841 0.000000 -0.547446 0.920701 0.920701 0.920701
1693.301514 0.000000 2817.036133 0.000000 0.928848 0.000000 -0.370460 0.706632 0.706632 0.706632
1725.226685 0.000000 2836.136230 0.000000 0.957500 0.000000 0.288434 0.612563 0.612563 0.612563
1705.231812 0.000000 2817.383789 0.000000 0.570065 0.000000 0.821599 0.661244 0.661244 0.661244
1725.444336 0.000000 2816.119141 0.000000 0.093604 0.000000 -0.995609 1.125911 1.125911 1.125911
1700.085938 0.000000 2831.862549 0.000000 0.865889 0.000000 0.500237 0.517813 0.517813 0.517813
1708.430542 0.000000 2827.970947 0.000000 0.703963 0.000000 -0.710237 0.727606 0.727606 0.727606
1698.891846 0.000000 2840.921631 0.000000 0.898303 0.000000 0.439377 0.679330 0.679330 0.679330
1717.909546 0.000000 2831.093506 0.000000 0.299793 0.000000 -0.954004 0.779668 0.779668 0.779668
1704.955688 0.000000 2845.467285 0.000000 0.102760 0.000000 0.994706 0.671783 0.671783 0.671783
1704.031738 0.000000 2827.347412 0.000000 0.931768 0.000000 -0.363054 0.856482 0.856482 0.856482
1709.217773 0.000000 2841.182617 0.000000 0.805482 0.000000 -0.592620 0.757642 0.757642 0.757642
1713.698242 0.000000 2847.998535 0.000000 0.970166 0.000000 0.242441 0.691869 0.691869 0.691869
1694.874146 0.000000 2826.724854 0.000000 0.131300 0.000000 0.991343 0.425868 0.425868 0.425868
1725.578125 0.000000 2831.778564 0.000000 0.043099 0.000000 0.999071 0.101975 0.101975 0.101975
1718.492920 0.000000 2826.576416 0.000000 0.927583 0.000000 0.373618 0.580220 0.580220 0.580220
1725.812622 0.000000 2845.213867 0.000000 0.999896 0.000000 -0.014418 0.700857 0.700857 0.700857
1693.422729 0.000000 2834.726562 0.000000 0.968851 0.000000 0.247644 0.675947 0.675947 0.675947
1719.574463 0.000000 2850.603760 0.000000 0.905259 0.000000 -0.424860 0.732208 0.732208 0.732208
1709.320557 0.000000 2820.238525 0.000000 0.878944 0.000000 -0.476925 0.723458 0.723458 0.723458
1721.899780 0.000000 2833.104004 0.000000 0.877908 0.000000 -0.478829 0.856196 0.856196 0.856196
1719.701904 0.000000 2819.866699 0.000000 0.638052 0.000000 0.769993 0.511093 0.511093 0.511093
1696.459351 0.000000 2830.716064 0.000000 0.985723 0.000000 -0.168373 0.713304 0.713304 0.713304
1722.154541 0.000000 2838.253174 0.000000 0.393246 0.000000 0.919433 0.667379 0.667379 0.667379
1726.456055 0.000000 2839.628174 0.000000 0.304093 0.000000 -0.952642 0.953589 0.953589 0.953589
1691.125610 0.000000 2827.205078 0.000000 0.939687 0.000000 -0.342034 0.742703 0.742703 0.742703
1720.304199 0.000000 2823.505859 0.000000 0.985016 0.000000 -0.172466 0.760583 0.760583 0.760583
1722.174316 0.000000 2817.280762 0.000000 0.860915 0.000000 0.508748 0.479874 0.479874 0.479874
1702.671021 0.000000 2824.172852 0.000000 0.881411 0.000000 0.472350 0.669909 0.669909 0.669909
1714.805664 0.000000 2825.484375 0.000000 0.997437 0.000000 -0.071550 0.715143 0.715143 0.715143
1708.112793 0.000000 2815.465332 0.000000 0.988221 0.000000 0.153037 0.639319 0.639319 0.639319
1701.970947 0.000000 2817.826416 0.000000 0.978868 0.000000 -0.204495 0.718355 0.718355 0.718355
1716.713257 0.000000 2849.125488 0.000000 0.810469 0.000000 -0.585781 0.931867 0.931867 0.931867
1698.777466 0.000000 2819.018311 0.000000 0.862101 0.000000 -0.506736 0.741790 0.741790 0.741790
1701.386353 0.000000 2829.044922 0.000000 0.901273 0.000000 -0.433252 0.747768 0.747768 0.747768
1726.653687 0.000000 2828.703369 0.000000 0.197076 0.000000 0.980388 0.580079 0.580079 0.580079
1725.676025 0.000000 2819.469482 0.000000 0.290581 0.000000 -0.956851 0.793654 0.793654 0.793654
1722.777100 0.000000 2825.865723 0.000000 0.944917 0.000000 -0.327310 0.740792 0.740792 0.740792
1696.372559 0.000000 2817.117920 0.000000 0.118336 0.000000 -0.992974 1.306537 1.306537 1.306537
1706.374268 0.000000 2842.748779 0.000000 0.923320 0.000000 -0.384031 0.844653 0.844653 0.844653
1701.417236 0.000000 2838.910889 0.000000 0.364594 0.000000 0.931167 0.645584 0.645584 0.645584
1696.388672 0.000000 2839.193115 0.000000 0.958127 0.000000 0.286342 0.618291 0.618291 0.618291
1716.401733 0.000000 2828.592041 0.000000 0.969089 0.000000 0.246713 0.669069 0.669069 0.669069
1692.504517 0.000000 2841.613525 0.000000 0.293697 0.000000 -0.955898 1.129262 1.129262 1.129262
1695.298340 0.000000 2823.904541 0.000000 0.791201 0.000000 0.611556 0.645952 0.645952 0.645952
1713.403198 0.000000 2831.610107 0.000000 0.997026 0.000000 -0.077067 0.703101 0.703101 0.703101
1697.680176 0.000000 2833.347168 0.000000 0.675587 0.000000 -0.737280 0.837637 0.837637 0.837637
1702.768921 0.000000 2833.161377 0.000000 0.008514 0.000000 -0.999964 0.850162 0.850162 0.850162
1727.776367 0.000000 2837.181885 0.000000 0.992597 0.000000 -0.121458 0.748940 0.748940 0.748940
1692.143555 0.000000 2844.841309 0.000000 0.964268 0.000000 0.264927 0.676103 0.676103 0.676103
1703.227051 0.000000 2815.366455 0.000000 0.347060 0.000000 -0.937843 0.804159 0.804159 0.804159
1690.747681 0.000000 2839.559326 0.000000 0.856916 0.000000 -0.515456 0.742587 0.742587 0.742587
1706.391235 0.000000 2825.971436 0.000000 0.320682 0.000000 0.947187 0.523857 0.523857 0.523857
1699.948608 0.000000 2834.670166 0.000000 0.357343 0.000000 0.933973 0.211293 0.211293 0.211293
1710.894043 0.000000 2843.135010 0.000000 0.697974 0.000000 -0.716123 0.773934 0.773934 0.773934
1726.288452 0.000000 2842.368896 0.000000 0.799753 0.000000 -0.600329 0.973446 0.973446 0.973446
1707.739502 0.000000 2818.022705 0.000000 0.216430 0.000000 0.976298 0.477798 0.477798 0.477798
1706.059692 0.000000 2829.032227 0.000000 0.824963 0.000000 -0.565186 0.773479 0.773479 0.773479
1722.660645 0.000000 2835.656738 0.000000 0.492202 0.000000 -0.870481 1.067306 1.067306 1.067306
1719.621460 0.000000 2829.004395 0.000000 0.988469 0.000000 0.151421 0.672108 0.672108 0.672108
1694.520020 0.000000 2832.458008 0.000000 0.985611 0.000000 -0.169031 0.770940 0.770940 0.770940
1717.470825 0.000000 2833.721924 0.000000 0.998188 0.000000 0.060176 0.688004 0.688004 0.688004
1694.914062 0.000000 2836.774658 0.000000 0.848705 0.000000 0.528866 0.542234 0.542234 0.542234
1717.519043 0.000000 2818.355469 0.000000 0.441099 0.000000 0.897458 0.631863 0.631863 0.631863
1699.009399 0.000000 2838.328369 0.000000 0.652331 0.000000 0.757934 0.530142 0.530142 0.530142
1707.393799 0.000000 2845.960449 0.000000 0.867003 0.000000 0.498303 0.639834 0.639834 0.639834
1692.764893 0.000000 2825.416016 0.000000 0.989119 0.000000 -0.147120 0.756769 0.756769 0.756769
1694.508545 0.000000 2829.133789 0.000000 0.945980 0.000000 -0.324224 0.753664 0.753664 0.753664
1696.592896 0.000000 2841.987061 0.000000 0.740659 0.000000 0.671882 0.631761 0.631761 0.631761
1726.677979 0.000000 2833.905029 0.000000 0.928896 0.000000 0.370341 0.549501 0.549501 0.549501
1703.770386 0.000000 2829.798584 0.000000 0.997172 0.000000 0.075148 0.679756 0.679756 0.679756
1712.316162 0.000000 2845.888672 0.000000 0.758745 0.000000 -0.651388 0.758269 0.758269 0.758269
1723.186523 0.000000 2831.051025 0.000000 0.338322 0.000000 0.941030 0.256617 0.256617 0.256617
1724.324097 0.000000 2833.954102 0.000000 0.764294 0.000000 -0.644868 0.855549 0.855549 0.855549
1722.219727 0.000000 2819.609619 0.000000 0.825442 0.000000 0.564487 0.573165 0.573165 0.573165
1720.505615 0.000000 2831.217285 0.000000 0.131228 0.000000 0.991352 0.342855 0.342855 0.342855
1724.451050 0.000000 2838.531494 0.000000 0.799112 0.000000 -0.601183 0.754104 0.754104 0.754104
1708.437988 0.000000 2843.720947 0.000000 0.901136 0.000000 -0.433536 0.841055 0.841055 0.841055
1690.360107 0.000000 2824.923584 0.000000 0.950471 0.000000 -0.310813 0.738110 0.738110 0.738110
1695.732544 0.000000 2834.575195 0.000000 0.971447 0.000000 -0.237258 0.772421 0.772421 0.772421
1715.699585 0.000000 2831.841309 0.000000 0.411446 0.000000 0.911434 0.551700 0.551700 0.551700
1714.455933 0.000000 2850.135254 0.000000 0.974372 0.000000 -0.224943 0.716653 0.716653 0.716653
1720.700806 0.000000 2826.952881 0.000000 0.232279 0.000000 0.972649 0.342679 0.342679 0.342679
1718.130127 0.000000 2824.334717 0.000000 0.380535 0.000000 -0.924766 0.900100 0.900100 0.900100
1694.650635 0.000000 2840.869873 0.000000 0.843031 0.000000 -0.537865 0.834974 0.834974 0.834974
1719.775757 0.000000 2833.728516 0.000000 0.512420 0.000000 0.858735 0.239751 0.239751 0.239751
1717.616089 0.000000 2820.621338 0.000000 0.996676 0.000000 0.081470 0.682326 0.682326 0.682326
1723.384766 0.000000 2815.429443 0.000000 0.502963 0.000000 -0.864308 0.851399 0.851399 0.851399
1721.323975 0.000000 2821.638672 0.000000 0.005922 0.000000 -0.999982 1.353605 1.353605 1.353605
1727.626587 0.000000 2830.672852 0.000000 0.744489 0.000000 0.667635 0.473877 0.473877 0.473877
1724.132690 0.000000 2818.071289 0.000000 0.971586 0.000000 -0.236686 0.717539 0.717539 0.717539
1694.613403 0.000000 2815.385010 0.000000 0.998601 0.000000 0.052880 0.694730 0.694730 0.694730
1694.253296 0.000000 2822.014160 0.000000 0.480154 0.000000 -0.877184 0.787883 0.787883 0.787883
1696.162476 0.000000 2819.165283 0.000000 1.000000 0.000000 0.000035 0.699995 0.699995 0.699995
1727.083008 0.000000 2817.862793 0.000000 0.866389 0.000000 0.499370 0.644261 0.644261 0.644261
1704.370972 0.000000 2825.284424 0.000000 0.449438 0.000000 0.893311 0.479925 0.479925 0.479925
1724.817383 0.000000 2829.842285 0.000000 0.790920 0.000000 -0.611920 0.794362 0.794362 0.794362
1700.545776 0.000000 2836.960938 0.000000 0.525323 0.000000 -0.850903 0.792483 0.792483 0.792483
1692.578003 0.000000 2828.566650 0.000000 0.975061 0.000000 -0.221936 0.796995 0.796995 0.796995
1724.696411 0.000000 2840.728760 0.000000 0.136790 0.000000 0.990600 0.562209 0.562209 0.562209
1701.273926 0.000000 2815.953369 0.000000 0.897771 0.000000 -0.440462 0.835506 0.835506 0.835506
1718.666138 0.000000 2822.376465 0.000000 0.794578 0.000000 0.607161 0.549484 0.549484 0.549484
1702.165527 0.000000 2831.004883 0.000000 0.999928 0.000000 -0.012022 0.704034 0.704034 0.704034
1720.298462 0.000000 2837.501221 0.000000 0.715601 0.000000 -0.698510 0.936500 0.936500 0.936500
1709.661621 0.000000 2818.321289 0.000000 0.259789 0.000000 -0.965665 0.967442 0.967442 0.967442
1716.612671 0.000000 2826.240234 0.000000 0.709035 0.000000 -0.705173 0.892857 0.892857 0.892857
1722.242065 0.000000 2823.311035 0.000000 0.263474 0.000000 -0.964666 0.914240 0.914240 0.914240
1716.223022 0.000000 2847.268799 0.000000 0.988191 0.000000 -0.153228 0.717206 0.717206 0.717206
1698.246826 0.000000 2831.373535 0.000000 0.974400 0.000000 0.224823 0.665920 0.665920 0.665920
1717.232178 0.000000 2835.598877 0.000000 0.920087 0.000000 -0.391714 0.780187 0.780187 0.780187
1714.906616 0.000000 2830.102783 0.000000 0.990242 0.000000 -0.139357 0.718081 0.718081 0.718081
1714.964600 0.000000 2827.424561 0.000000 0.715195 0.000000 0.698925 0.443036 0.443036 0.443036
1700.097900 0.000000 2817.697998 0.000000 0.084423 0.000000 0.996430 0.567533 0.567533 0.567533
1698.180176 0.000000 2817.334961 0.000000 0.633073 0.000000 -0.774092 0.952177 0.952177 0.952177
1706.265747 0.000000 2815.915039 0.000000 0.132373 0.000000 0.991200 0.516545 0.516545 0.516545
1719.756348 0.000000 2825.301758 0.000000 0.996117 0.000000 -0.088038 0.714943 0.714943 0.714943
1720.948608 0.000000 2835.234619 0.000000 0.037086 0.000000 -0.999312 1.268218 1.268218 1.268218
1726.053833 0.000000 2837.788818 0.000000 0.398050 0.000000 0.917364 0.233179 0.233179 0.233179
1709.516113 0.000000 2816.542480 0.000000 0.461242 0.000000 -0.887274 1.098629 1.098629 1.098629
1723.973145 0.000000 2820.023926 0.000000 0.446272 0.000000 -0.894897 0.862681 0.862681 0.862681
1716.410156 0.000000 2824.313965 0.000000 0.280115 0.000000 0.959966 0.247964 0.247964 0.247964
1717.824097 0.000000 2850.534424 0.000000 0.999412 0.000000 0.034287 0.692868 0.692868 0.692868
1709.525635 0.000000 2847.395020 0.000000 0.995008 0.000000 -0.099791 0.713975 0.713975 0.713975
1706.690918 0.000000 2844.401367 0.000000 0.008189 0.000000 0.999966 0.519768 0.519768 0.519768
1693.196533 0.000000 2836.989502 0.000000 0.711155 0.000000 -0.703035 0.821264 0.821264 0.821264
1726.837158 0.000000 2835.648438 0.000000 0.099269 0.000000 0.995061 0.496865 0.496865 0.496865
1707.483887 0.000000 2841.458984 0.000000 0.999980 0.000000 0.006365 0.698965 0.698965 0.698965
1700.980469 0.000000 2833.330322 0.000000 0.980046 0.000000 0.198770 0.646497 0.646497 0.646497
1721.461670 0.000000 2824.812988 0.000000 0.456544 0.000000 -0.889701 1.117809 1.117809 1.117809
1693.012329 0.000000 2843.291504 0.000000 0.702929 0.000000 -0.711260 0.944764 0.944764 0.944764
1693.646484 0.000000 2823.711914 0.000000 0.996114 0.000000 0.088075 0.676574 0.676574 0.676574
1727.168945 0.000000 2844.153076 0.000000 0.910120 0.000000 -0.414344 0.761968 0.761968 0.761968
1697.406128 0.000000 2815.834229 0.000000 0.398200 0.000000 -0.917298 1.034846 1.034846 1.034846
1703.688477 0.000000 2831.640137 0.000000 0.901658 0.000000 -0.432450 0.850055 0.850055 0.850055
1696.342651 0.000000 2837.535400 0.000000 0.997836 0.000000 -0.065759 0.728406 0.728406 0.728406
1726.915771 0.000000 2815.439453 0.000000 0.973991 0.000000 0.226586 0.666047 0.666047 0.666047
1719.138794 0.000000 2832.182617 0.000000 0.856795 0.000000 -0.515657 0.941433 0.941433 0.941433
1691.230591 0.000000 2829.651367 0.000000 0.823488 0.000000 -0.567334 0.786449 0.786449 0.786449
1724.678223 0.000000 2842.548340 0.000000 0.882523 0.000000 -0.470268 0.812085 0.812085 0.812085
1718.012329 0.000000 2828.779541 0.000000 0.702720 0.000000 0.711467 0.554747 0.554747 0.554747
1696.129395 0.000000 2832.896729 0.000000 0.361429 0.000000 0.932400 0.500610 0.500610 0.500610
1706.790039 0.000000 2827.568359 0.000000 0.585841 0.000000 0.810426 0.529921 0.529921 0.529921
1700.122925 0.000000 2830.214844 0.000000 0.518157 0.000000 -0.855285 1.056846 1.056846 1.056846
1723.528931 0.000000 2837.066406 0.000000 0.857586 0.000000 0.514341 0.605589 0.605589 0.605589
1715.187256 0.000000 2848.577637 0.000000 0.854233 0.000000 0.519891 0.614965 0.614965 0.614965
1693.202271 0.000000 2827.104248 0.000000 0.968662 0.000000 0.248384 0.601301 0.601301 0.601301
1718.339111 0.000000 2848.978516 0.000000 0.649699 0.000000 0.760192 0.568697 0.568697 0.568697
1716.030640 0.000000 2850.607910 0.000000 0.223877 0.000000 -0.974617 0.979711 0.979711 0.979711
1702.510864 0.000000 2827.900146 0.000000 0.737863 0.000000 -0.674950 0.873501 0.873501 0.873501
1711.952881 0.000000 2844.313965 0.000000 0.646378 0.000000 -0.763017 0.960898 0.960898 0.960898
1699.188232 0.000000 2836.095703 0.000000 0.973821 0.000000 0.227316 0.626661 0.626661 0.626661
1699.326294 0.000000 2833.217285 0.000000 0.672003 0.000000 0.740549 0.392513 0.392513 0.392513
1694.090332 0.000000 2830.948486 0.000000 0.995120 0.000000 0.098672 0.669947 0.669947 0.669947
1724.081177 0.000000 2832.337402 0.000000 0.023310 0.000000 0.999728 0.356546 0.356546 0.356546
1694.312622 0.000000 2825.169434 0.000000 0.113216 0.000000 0.993570 0.422397 0.422397 0.422397
1707.398560 0.000000 2824.715088 0.000000 0.946656 0.000000 0.322247 0.653556 0.653556 0.653556
1707.971191 0.000000 2826.438477 0.000000 0.203823 0.000000 0.979008 0.454202 0.454202 0.454202
1705.634644 0.000000 2824.311035 0.000000 0.203558 0.000000 0.979063 0.427898 0.427898 0.427898
1711.065063 0.000000 2846.866943 0.000000 0.947225 0.000000 -0.320568 0.746764 0.746764 0.746764
1721.773438 0.000000 2830.341309 0.000000 0.679646 0.000000 -0.733541 0.904361 0.904361 0.904361
1698.387451 0.000000 2834.755859 0.000000 0.756341 0.000000 0.654178 0.410883 0.410883 0.410883
1695.853760 0.000000 2825.411133 0.000000 0.962866 0.000000 0.269978 0.647927 0.647927 0.647927
1721.639771 0.000000 2836.772461 0.000000 0.984887 0.000000 0.173196 0.646763 0.646763 0.646763
1719.872803 0.000000 2821.359863 0.000000 0.759757 0.000000 0.650208 0.426614 0.426614 0.426614
1721.274658 0.000000 2818.451904 0.000000 0.950428 0.000000 0.310946 0.632587 0.632587 0.632587
1727.261963 0.000000 2841.156006 0.000000 0.691567 0.000000 0.722312 0.530735 0.530735 0.530735
1725.559326 0.000000 2817.721680 0.000000 0.680050 0.000000 -0.733166 0.937303 0.937303 0.937303
1726.909668 0.000000 2832.457275 0.000000 0.876710 0.000000 0.481020 0.500928 0.500928 0.500928
1727.740601 0.000000 2838.696045 0.000000 0.054244 0.000000 0.998528 0.395221 0.395221 0.395221
1710.605835 0.000000 2815.378174 0.000000 0.398921 0.000000 -0.916985 0.943359 0.943359 0.943359
1693.899414 0.000000 2842.170166 0.000000 0.914967 0.000000 0.403529 0.571517 0.571517 0.571517
1726.200073 0.000000 2830.356445 0.000000 0.880708 0.000000 -0.473660 0.852632 0.852632 0.852632
1694.860718 0.000000 2816.802734 0.000000 0.929632 0.000000 0.368489 0.636687 0.636687 0.636687
1709.502441 0.000000 2842.603271 0.000000 0.859179 0.000000 0.511676 0.531036 0.531036 0.531036
1697.546143 0.000000 2838.347168 0.000000 0.539146 0.000000 -0.842212 0.981747 0.981747 0.981747
1717.386719 0.000000 2827.487549 0.000000 0.677449 0.000000 -0.735570 0.903659 0.903659 0.903659
1722.924438 0.000000 2834.101318 0.000000 0.972314 0.000000 -0.233678 0.782024 0.782024 0.782024
1723.396729 0.000000 2829.594482 0.000000 0.966161 0.000000 0.257940 0.624772 0.624772 0.624772
1716.259277 0.000000 2834.435303 0.000000 0.937754 0.000000 -0.347300 0.770663 0.770663 0.770663
1709.762939 0.000000 2844.182617 0.000000 0.304562 0.000000 -0.952492 1.154077 1.154077 1.154077
1719.268677 0.000000 2830.393799 0.000000 0.999926 0.000000 -0.012175 0.702149 0.702149 0.702149
1698.335083 0.000000 2839.581543 0.000000 0.993057 0.000000 0.117635 0.676716 0.676716 0.676716
1693.355103 0.000000 2833.323242 0.000000 0.634662 0.000000 -0.772790 0.843546 0.843546 0.843546
1725.467163 0.000000 2843.851074 0.000000 0.048110 0.000000 -0.998842 1.048590 1.048590 1.048590
1708.581543 0.000000 2845.184082 0.000000 0.204076 0.000000 -0.978955 1.191503 1.191503 1.191503
1724.028320 0.000000 2816.698730 0.000000 0.393373 0.000000 0.919379 0.363638 0.363638 0.363638
1719.475098 0.000000 2827.589600 0.000000 0.600509 0.000000 -0.799618 0.989875 0.989875 0.989875
1693.125610 0.000000 2831.960205 0.000000 0.998771 0.000000 -0.049567 0.714039 0.714039 0.714039
1704.598267 0.000000 2828.666016 0.000000 0.998166 0.000000 0.060540 0.676287 0.676287 0.676287
1718.580688 0.000000 2834.541260 0.000000 0.723544 0.000000 0.690279 0.360483 0.360483 0.360483
1705.412598 0.000000 2827.514893 0.000000 0.999058 0.000000 -0.043392 0.718281 0.718281 0.718281
1717.055664 0.000000 2832.205078 0.000000 0.775405 0.000000 0.631464 0.563842 0.563842 0.563842
1696.156250 0.000000 2835.983887 0.000000 0.938273 0.000000 -0.345896 0.816657 0.816657 0.816657
1720.874390 0.000000 2816.852051 0.000000 0.914588 0.000000 0.404387 0.618516 0.618516 0.618516
1708.252686 0.000000 2819.408203 0.000000 0.617338 0.000000 -0.786698 0.885133 0.885133 0.885133
1720.874268 0.000000 2828.352783 0.000000 0.887719 0.000000 -0.460385 0.909860 0.909860 0.909860
1694.636963 0.000000 2835.447021 0.000000 0.913739 0.000000 -0.406301 0.826496 0.826496 0.826496
1697.042969 0.000000 2834.955566 0.000000 0.285395 0.000000 0.958410 0.276770 0.276770 0.276770
1725.568359 0.000000 2834.804199 0.000000 0.060797 0.000000 0.998150 0.219741 0.219741 0.219741
1720.986694 0.000000 2820.311523 0.000000 0.982251 0.000000 0.187570 0.621190 0.621190 0.621190
1707.373657 0.000000 2816.694824 0.000000 0.626283 0.000000 -0.779596 0.898422 0.898422 0.898422
1695.281738 0.000000 2828.008789 0.000000 0.426360 0.000000 -0.904554 0.883707 0.883707 0.883707
1695.290405 0.000000 2842.342041 0.000000 0.985384 0.000000 -0.170350 0.755644 0.755644 0.755644
1695.913086 0.000000 2840.479980 0.000000 0.044179 0.000000 -0.999024 1.062830 1.062830 1.062830
1694.564453 0.000000 2833.935059 0.000000 0.846113 0.000000 0.533004 0.465207 0.465207 0.465207
1716.339966 0.000000 2821.295898 0.000000 0.603354 0.000000 -0.797473 0.900035 0.900035 0.900035
1723.979004 0.000000 2835.601562 0.000000 0.435558 0.000000 -0.900160 1.089549 1.089549 1.089549
1718.423218 0.000000 2819.439697 0.000000 0.211198 0.000000 -0.977443 0.991905 0.991905 0.991905
1725.507812 0.000000 2833.128662 0.000000 0.342814 0.000000 -0.939403 0.970967 0.970967 0.970967
1715.019897 0.000000 2828.742432 0.000000 0.940802 0.000000 -0.338957 0.835974 0.835974 0.835974
1720.405762 0.000000 2832.557129 0.000000 0.045908 0.000000 -0.998946 1.177007 1.177007 1.177007
1695.611694 0.000000 2831.700928 0.000000 0.157654 0.000000 0.987494 0.270493 0.270493 0.270493
1715.036743 0.000000 2824.191650 0.000000 0.927308 0.000000 -0.374298 0.781124 0.781124 0.781124
1693.392700 0.000000 2840.516846 0.000000 0.998833 0.000000 0.048300 0.683703 0.683703 0.683703
1701.738647 0.000000 2832.246094 0.000000 0.976466 0.000000 0.215671 0.641877 0.641877 0.641877
1722.874268 0.000000 2818.442139 0.000000 0.768873 0.000000 0.639402 0.553308 0.553308 0.553308
1695.252686 0.000000 2830.308594 0.000000 0.807825 0.000000 -0.589423 0.891675 0.891675 0.891675
1724.456787 0.000000 2831.099365 0.000000 0.862606 0.000000 0.505877 0.492371 0.492371 0.492371
1722.160522 0.000000 2831.863037 0.000000 0.981374 0.000000 0.192108 0.630070 0.630070 0.630070
1711.167847 0.000000 2845.309570 0.000000 0.680303 0.000000 0.732931 0.452733 0.452733 0.452733
1702.437622 0.000000 2829.733154 0.000000 0.805733 0.000000 -0.592279 0.870596 0.870596 0.870596
1698.303101 0.000000 2837.266846 0.000000 0.696802 0.000000 0.717264 0.444196 0.444196 0.444196
1721.016479 0.000000 2833.986572 0.000000 0.491890 0.000000 -0.870658 1.030503 1.030503 1.030503
1705.163696 0.000000 2826.253418 0.000000 0.780291 0.000000 -0.625417 0.984569 0.984569 0.984569
1716.688477 0.000000 2851.716797 0.000000 0.704340 0.000000 0.709863 0.535854 0.535854 0.535854
1719.096191 0.000000 2837.718506 0.000000 0.994285 0.000000 -0.106754 0.729533 0.729533 0.729533
1720.649536 0.000000 2829.830566 0.000000 0.218733 0.000000 0.975785 0.107708 0.107708 0.107708
1707.793457 0.000000 2842.642578 0.000000 0.689977 0.000000 -0.723832 0.997022 0.997022 0.997022
1693.327271 0.000000 2829.634766 0.000000 0.858918 0.000000 0.512113 0.466985 0.466985 0.466985
1694.369873 0.000000 2839.680908 0.000000 0.299812 0.000000 0.953998 0.270684 0.270684 0.270684
1717.696289 0.000000 2825.522705 0.000000 0.870882 0.000000 0.491492 0.519520 0.519520 0.519520
1724.744019 0.000000 2837.333252 0.000000 0.532723 0.000000 -0.846290 1.001521 1.001521 1.001521
1718.619751 0.000000 2833.321777 0.000000 0.961020 0.000000 0.276478 0.575166 0.575166 0.575166
1716.185547 0.000000 2827.413086 0.000000 0.103766 0.000000 -0.994602 1.061444 1.061444 1.061444
1718.876465 0.000000 2820.738037 0.000000 0.994440 0.000000 -0.105302 0.740745 0.740745 0.740745
1708.476807 0.000000 2817.079346 0.000000 0.000253 0.000000 -1.000000 1.273633 1.273633 1.273633
1720.332520 0.000000 2836.238525 0.000000 0.954269 0.000000 -0.298950 0.792847 0.792847 0.792847
1717.575562 0.000000 2821.789795 0.000000 0.578690 0.000000 -0.815547 0.906662 0.906662 0.906662
1721.612427 0.000000 2826.004883 0.000000 0.958168 0.000000 -0.286205 0.777611 0.777611 0.777611
1693.060059 0.000000 2822.113770 0.000000 0.990939 0.000000 0.134313 0.664214 0.664214 0.664214
1703.361206 0.000000 2828.724121 0.000000 0.309270 0.000000 -0.950974 1.038124 1.038124 1.038124
1717.783569 0.000000 2823.175293 0.000000 0.958046 0.000000 -0.286616 0.810746 0.810746 0.810746
1719.162842 0.000000 2823.641357 0.000000 0.772035 0.000000 -0.635580 0.858884 0.858884 0.858884
1721.961792 0.000000 2834.694824 0.000000 0.625616 0.000000 0.780131 0.368460 0.368460 0.368460
1701.034790 0.000000 2830.964844 0.000000 0.915082 0.000000 -0.403268 0.844354 0.844354 0.844354
1722.974731 0.000000 2832.659668 0.000000 0.992801 0.000000 0.119779 0.654677 0.654677 0.654677
1723.299561 0.000000 2828.461426 0.000000 0.459216 0.000000 -0.888324 1.015365 1.015365 1.015365
1720.376709 0.000000 2822.362793 0.000000 0.930579 0.000000 -0.366090 0.831000 0.831000 0.831000
1719.860718 0.000000 2834.913574 0.000000 0.899510 0.000000 -0.436900 0.901493 0.901493 0.901493
1693.694092 0.000000 2826.086426 0.000000 0.831524 0.000000 0.555489 0.468421 0.468421 0.468421
1726.250366 0.000000 2836.677979 0.000000 0.991363 0.000000 0.131143 0.647135 0.647135 0.647135
1699.492432 0.000000 2837.295410 0.000000 0.385221 0.000000 -0.922824 1.075886 1.075886 1.075886
1727.652954 0.000000 2842.208984 0.000000 0.529976 0.000000 -0.848013 1.129854 1.129854 1.129854
1726.629272 0.000000 2831.369385 0.000000 0.126086 0.000000 -0.992019 1.146777 1.146777 1.146777
1718.184448 0.000000 2836.311523 0.000000 0.583479 0.000000 0.812128 0.438298 0.438298 0.438298
1715.514648 0.000000 2826.366455 0.000000 0.857655 0.000000 -0.514226 0.879337 0.879337 0.879337
1709.365234 0.000000 2815.465088 0.000000 0.367457 0.000000 0.930040 0.228218 0.228218 0.228218
1717.418701 0.000000 2848.310547 0.000000 0.877160 0.000000 0.480198 0.514430 0.514430 0.514430
1692.343384 0.000000 2826.425781 0.000000 0.664244 0.000000 -0.747516 1.031990 1.031990 1.031990
1721.746826 0.000000 2827.415527 0.000000 0.670815 0.000000 0.741625 0.476607 0.476607 0.476607
1692.179199 0.000000 2827.557861 0.000000 0.246223 0.000000 0.969213 0.180175 0.180175 0.180175
1724.539185 0.000000 2815.368652 0.000000 0.284073 0.000000 0.958803 0.309940 0.309940 0.309940
1700.256836 0.000000 2815.372559 0.000000 0.965779 0.000000 0.259368 0.622054 0.622054 0.622054
1699.285034 0.000000 2816.990967 0.000000 0.946675 0.000000 -0.322190 0.793445 0.793445 0.793445
1719.750000 0.000000 2826.468018 0.000000 0.999979 0.000000 -0.006537 0.702045 0.702045 0.702045
1698.983643 0.000000 2832.162842 0.000000 0.312246 0.000000 -0.950001 1.162120 1.162120 1.162120
1710.891602 0.000000 2844.276123 0.000000 0.943822 0.000000 0.330455 0.598767 0.598767 0.598767
1692.171631 0.000000 2842.666260 0.000000 0.242800 0.000000 0.970077 0.289979 0.289979 0.289979
1723.240234 0.000000 2817.386719 0.000000 0.912131 0.000000 0.409899 0.525813 0.525813 0.525813
1692.856201 0.000000 2824.381836 0.000000 0.881632 0.000000 -0.471938 0.888961 0.888961 0.888961
1721.263794 0.000000 2822.936523 0.000000 0.518993 0.000000 0.854779 0.341702 0.341702 0.341702
1703.199707 0.000000 2830.679688 0.000000 0.177794 0.000000 -0.984068 1.167083 1.167083 1.167083
1718.407104 0.000000 2827.681152 0.000000 0.127331 0.000000 -0.991860 1.151433 1.151433 1.151433
1715.769287 0.000000 2829.519287 0.000000 0.168259 0.000000 -0.985743 1.251171 1.251171 1.251171
1704.048584 0.000000 2826.285400 0.000000 0.499594 0.000000 0.866260 0.258757 0.258757 0.258757
1727.110352 0.000000 2843.078857 0.000000 0.992351 0.000000 -0.123452 0.752560 0.752560 0.752560
1707.149292 0.000000 2843.494141 0.000000 0.845002 0.000000 0.534764 0.492932 0.492932 0.492932
1692.871094 0.000000 2838.039062 0.000000 0.957732 0.000000 0.287662 0.610764 0.610764 0.610764
1708.627686 0.000000 2842.059570 0.000000 0.105831 0.000000 -0.994384 1.160764 1.160764 1.160764
1718.128296 0.000000 2832.382324 0.000000 0.940887 0.000000 -0.338721 0.853992 0.853992 0.853992
1692.226929 0.000000 2829.629883 0.000000 0.879071 0.000000 0.476690 0.484649 0.484649 0.484649
1702.706909 0.000000 2831.891357 0.000000 0.962421 0.000000 0.271561 0.607723 0.607723 0.607723
1698.419556 0.000000 2815.368408 0.000000 0.956912 0.000000 -0.290379 0.798342 0.798342 0.798342
1721.268066 0.000000 2837.757812 0.000000 0.999458 0.000000 0.032916 0.689932 0.689932 0.689932
1695.405640 0.000000 2839.504639 0.000000 0.847560 0.000000 -0.530699 0.889663 0.889663 0.889663
1693.792480 0.000000 2843.970947 0.000000 0.237257 0.000000 -0.971447 1.111787 1.111787 1.111787
1716.005859 0.000000 2823.404297 0.000000 0.598078 0.000000 -0.801438 1.054189 1.054189 1.054189
1720.450439 0.000000 2824.490479 0.000000 0.337053 0.000000 -0.941486 1.167459 1.167459 1.167459
1720.645874 0.000000 2825.870850 0.000000 0.819857 0.000000 -0.572568 0.932254 0.932254 0.932254
1727.475952 0.000000 2833.309814 0.000000 0.866690 0.000000 0.498847 0.492815 0.492815 0.492815
1716.116943 0.000000 2848.350586 0.000000 0.987316 0.000000 -0.158770 0.759072 0.759072 0.759072
1695.192627 0.000000 2833.200195 0.000000 0.839279 0.000000 0.543702 0.459905 0.459905 0.459905
1701.544189 0.000000 2830.119385 0.000000 0.053378 0.000000 -0.998574 1.227702 1.227702 1.227702
1723.088135 0.000000 2816.380371 0.000000 0.350563 0.000000 -0.936539 1.200122 1.200122 1.200122
1697.284058 0.000000 2837.175049 0.000000 0.209855 0.000000 -0.977733 1.286776 1.286776 1.286776
1697.302002 0.000000 2816.871826 0.000000 0.774440 0.000000 0.632648 0.413908 0.413908 0.413908
1725.408569 0.000000 2830.856689 0.000000 0.960212 0.000000 -0.279272 0.810797 0.810797 0.810797
1721.184204 0.000000 2823.881104 0.000000 0.448516 0.000000 -0.893775 1.086458 1.086458 1.086458
1714.230591 0.000000 2829.447754 0.000000 0.238294 0.000000 0.971193 0.176962 0.176962 0.176962
1706.032593 0.000000 2843.627197 0.000000 0.907370 0.000000 -0.420334 0.859206 0.859206 0.859206
1726.996094 0.000000 2837.727051 0.000000 0.958402 0.000000 0.285421 0.583659 0.583659 0.583659
1721.364258 0.000000 2829.238037 0.000000 0.624865 0.000000 0.780733 0.307047 0.307047 0.307047
1723.576416 0.000000 2833.389893 0.000000 0.869463 0.000000 -0.493999 0.895036 0.895036 0.895036
1698.603760 0.000000 2833.797607 0.000000 0.796901 0.000000 0.604110 0.460817 0.460817 0.460817
1723.294434 0.000000 2834.956543 0.000000 0.999554 0.000000 -0.029863 0.710387 0.710387 0.710387
1709.375732 0.000000 2817.433594 0.000000 0.851600 0.000000 -0.524192 0.901530 0.901530 0.901530
1721.658936 0.000000 2835.864746 0.000000 0.999999 0.000000 -0.001568 0.700581 0.700581 0.700581
1693.480347 0.000000 2828.742920 0.000000 0.110758 0.000000 -0.993847 1.332683 1.332683 1.332683
1723.882568 0.000000 2830.390381 0.000000 0.460461 0.000000 0.887680 0.304867 0.304867 0.304867
1718.194702 0.000000 2835.410400 0.000000 0.944127 0.000000 0.329581 0.550329 0.550329 0.550329
1708.676025 0.000000 2816.191650 0.000000 0.077149 0.000000 -0.997020 1.245519 1.245519 1.245519
1699.198730 0.000000 2835.176025 0.000000 0.623975 0.000000 -0.781445 1.063670 1.063670 1.063670
1717.258179 0.000000 2823.899902 0.000000 0.865781 0.000000 0.500422 0.500337 0.500337 0.500337
1696.654785 0.000000 2817.965820 0.000000 0.964140 0.000000 0.265392 0.587809 0.587809 0.587809
1698.341431 0.000000 2835.756104 0.000000 0.999220 0.000000 0.039486 0.683987 0.683987 0.683987
1715.645386 0.000000 2828.117188 0.000000 0.923699 0.000000 -0.383119 0.854597 0.854597 0.854597
1704.608521 0.000000 2829.569580 0.000000 0.930959 0.000000 -0.365123 0.846313 0.846313 0.846313
1696.632568 0.000000 2816.271729 0.000000 0.427708 0.000000 0.903917 0.228514 0.228514 0.228514
1705.825317 0.000000 2829.867920 0.000000 0.837781 0.000000 -0.546006 0.926102 0.926102 0.926102
1727.448364 0.000000 2836.332031 0.000000 0.938002 0.000000 0.346629 0.557722 0.557722 0.557722
1726.344971 0.000000 2843.466309 0.000000 0.111209 0.000000 0.993797 0.080265 0.080265 0.080265
1719.627563 0.000000 2832.879639 0.000000 0.959805 0.000000 0.280669 0.573221 0.573221 0.573221
1720.170410 0.000000 2820.559814 0.000000 0.757018 0.000000 -0.653394 0.997407 0.997407 0.997407
1748.755127 0.000000 2874.358887 0.000000 0.332796 0.000000 0.942999 0.486932 0.486932 0.486932
1729.291260 0.000000 2831.168945 0.000000 0.169586 0.000000 -0.985515 1.069541 1.069541 1.069541
1750.762573 0.000000 2846.744385 0.000000 0.100555 0.000000 -0.994931 0.974891 0.974891 0.974891
1756.156128 0.000000 2822.977295 0.000000 0.598540 0.000000 -0.801093 1.112423 1.112423 1.112423
1729.765015 0.000000 2858.323975 0.000000 0.082065 0.000000 0.996627 0.663579 0.663579 0.663579
1782.842285 0.000000 2816.064697 0.000000 0.999948 0.000000 0.010183 0.695587 0.695587 0.695587
1739.170776 0.000000 2816.099365 0.000000 0.959928 0.000000 -0.280248 0.775950 0.775950 0.775950
1744.229980 0.000000 2860.670654 0.000000 0.913569 0.000000 0.406684 0.555811 0.555811 0.555811
1761.578369 0.000000 2836.224365 0.000000 0.999017 0.000000 -0.044329 0.717901 0.717901 0.717901
1765.137085 0.000000 2848.442871 0.000000 0.639146 0.000000 0.769086 0.321264 0.321264 0.321264
1787.058594 0.000000 2841.905518 0.000000 0.119344 0.000000 0.992853 0.692392 0.692392 0.692392
1754.758789 0.000000 2857.117920 0.000000 0.992427 0.000000 0.122836 0.680631 0.680631 0.680631
1759.103760 0.000000 2871.246338 0.000000 0.917697 0.000000 -0.397282 0.716421 0.716421 0.716421
1773.432495 0.000000 2867.767822 0.000000 0.628532 0.000000 -0.777784 0.782538 0.782538 0.782538
1763.284912 0.000000 2815.875000 0.000000 0.215565 0.000000 -0.976490 1.109214 1.109214 1.109214
1737.464355 0.000000 2825.557861 0.000000 0.652921 0.000000 0.757426 0.396635 0.396635 0.396635
1749.363525 0.000000 2815.666504 0.000000 0.880075 0.000000 0.474836 0.697406 0.697406 0.697406
1788.340210 0.000000 2876.033203 0.000000 0.976301 0.000000 0.216418 0.698856 0.698856 0.698856
1788.246704 0.000000 2859.122070 0.000000 0.968585 0.000000 0.248684 0.697365 0.697365 0.697365
1778.151001 0.000000 2875.705078 0.000000 0.564447 0.000000 -0.825469 0.905332 0.905332 0.905332
1736.350342 0.000000 2865.180664 0.000000 0.369612 0.000000 0.929186 0.570824 0.570824 0.570824
1728.019653 0.000000 2840.191162 0.000000 0.655851 0.000000 -0.754891 0.843523 0.843523 0.843523
1752.804443 0.000000 2837.644775 0.000000 0.964682 0.000000 0.263417 0.584006 0.584006 0.584006
1773.678345 0.000000 2858.613037 0.000000 0.923888 0.000000 -0.382664 0.796759 0.796759 0.796759
1773.926880 0.000000 2845.598877 0.000000 0.637659 0.000000 0.770319 0.358848 0.358848 0.358848
1743.994995 0.000000 2841.900146 0.000000 0.879353 0.000000 -0.476170 0.753774 0.753774 0.753774
1736.590576 0.000000 2835.640625 0.000000 0.929558 0.000000 0.368677 0.590463 0.590463 0.590463
1758.722900 0.000000 2843.571777 0.000000 0.909011 0.000000 0.416772 0.634640 0.634640 0.634640
1763.311768 0.000000 2826.457275 0.000000 0.978790 0.000000 -0.204864 0.723798 0.723798 0.723798
1789.059082 0.000000 2851.464355 0.000000 0.098868 0.000000 0.995101 0.406788 0.406788 0.406788
1747.414429 0.000000 2853.531738 0.000000 0.504276 0.000000 0.863542 0.337537 0.337537 0.337537
1756.293335 0.000000 2878.285889 0.000000 0.885641 0.000000 0.464371 0.580159 0.580159 0.580159
1758.504883 0.000000 2851.121338 0.000000 0.199074 0.000000 0.979985 0.350350 0.350350 0.350350
1767.636353 0.000000 2854.751709 0.000000 0.217135 0.000000 0.976142 0.449565 0.449565 0.449565
1781.308594 0.000000 2845.535400 0.000000 0.485041 0.000000 0.874491 0.558632 0.558632 0.558632
1766.741089 0.000000 2867.700928 0.000000 0.466823 0.000000 0.884351 0.616562 0.616562 0.616562
1743.372314 0.000000 2848.261475 0.000000 0.200277 0.000000 -0.979739 0.881846 0.881846 0.881846
1736.046021 0.000000 2858.804932 0.000000 0.390857 0.000000 -0.920452 0.879813 0.879813 0.879813
1773.004883 0.000000 2851.702148 0.000000 0.879503 0.000000 -0.475894 0.724269 0.724269 0.724269
1757.293701 0.000000 2817.036133 0.000000 0.551073 0.000000 0.834457 0.260094 0.260094 0.260094
1789.218872 0.000000 2836.136230 0.000000 0.698230 0.000000 0.715873 0.351412 0.351412 0.351412
1734.577515 0.000000 2820.000000 0.000000 0.678615 0.000000 0.734494 0.630802 0.630802 0.630802
1778.964844 0.000000 2869.877930 0.000000 0.496978 0.000000 -0.867763 0.876271 0.876271 0.876271
1744.381958 0.000000 2819.067139 0.000000 0.799334 0.000000 -0.600887 0.742807 0.742807 0.742807
1769.223999 0.000000 2817.383789 0.000000 0.625619 0.000000 0.780129 0.517028 0.517028 0.517028
1733.041870 0.000000 2853.344727 0.000000 0.916289 0.000000 -0.400519 0.749690 0.749690 0.749690
1784.483154 0.000000 2854.908691 0.000000 0.212963 0.000000 0.977060 0.297091 0.297091 0.297091
1772.735840 0.000000 2873.534180 0.000000 0.337710 0.000000 -0.941250 0.766436 0.766436 0.766436
1762.040039 0.000000 2876.465576 0.000000 0.998917 0.000000 -0.046520 0.716103 0.716103 0.716103
1739.646973 0.000000 2830.741211 0.000000 0.907011 0.000000 0.421107 0.608087 0.608087 0.608087
1744.161865 0.000000 2877.453857 0.000000 0.280987 0.000000 -0.959712 0.783152 0.783152 0.783152
1749.853882 0.000000 2859.935303 0.000000 0.170927 0.000000 0.985284 0.621763 0.621763 0.621763
1765.216187 0.000000 2821.056641 0.000000 0.989109 0.000000 0.147187 0.691739 0.691739 0.691739
1783.443359 0.000000 2873.062988 0.000000 0.952821 0.000000 0.303531 0.633170 0.633170 0.633170
1751.270630 0.000000 2820.615479 0.000000 0.831497 0.000000 0.555529 0.595009 0.595009 0.595009
1780.240723 0.000000 2840.415039 0.000000 0.587110 0.000000 0.809507 0.533500 0.533500 0.533500
1749.291626 0.000000 2841.576660 0.000000 0.526147 0.000000 -0.850393 1.153090 1.153090 1.153090
1753.196289 0.000000 2852.043213 0.000000 0.823462 0.000000 0.567371 0.438525 0.438525 0.438525
1733.150146 0.000000 2839.638916 0.000000 0.033640 0.000000 0.999434 0.468978 0.468978 0.468978
1734.613647 0.000000 2830.216064 0.000000 0.993673 0.000000 0.112311 0.656532 0.656532 0.656532
1786.092651 0.000000 2847.301514 0.000000 0.814882 0.000000 0.579627 0.603837 0.603837 0.603837
1747.664917 0.000000 2836.791260 0.000000 0.530837 0.000000 0.847474 0.549790 0.549790 0.549790
1791.147949 0.000000 2871.382324 0.000000 0.997488 0.000000 -0.070830 0.705823 0.705823 0.705823
1765.773071 0.000000 2872.737305 0.000000 0.271740 0.000000 -0.962371 1.080379 1.080379 1.080379
1732.046631 0.000000 2862.673584 0.000000 0.832151 0.000000 0.554550 0.645555 0.645555 0.645555
1741.772827 0.000000 2864.971924 0.000000 0.985937 0.000000 0.167118 0.690610 0.690610 0.690610
1739.892456 0.000000 2820.918701 0.000000 0.995410 0.000000 -0.095697 0.740366 0.740366 0.740366
1762.884033 0.000000 2840.921631 0.000000 0.987505 0.000000 -0.157587 0.715210 0.715210 0.715210
1730.134033 0.000000 2835.890869 0.000000 0.195754 0.000000 0.980653 0.471926 0.471926 0.471926
1743.157715 0.000000 2855.972412 0.000000 0.553364 0.000000 0.832939 0.469477 0.469477 0.469477
1781.901733 0.000000 2831.093506 0.000000 0.944506 0.000000 -0.328494 0.766097 0.766097 0.766097
1753.978516 0.000000 2843.151855 0.000000 0.827062 0.000000 -0.562111 0.938892 0.938892 0.938892
1757.359131 0.000000 2838.945801 0.000000 0.988807 0.000000 -0.149199 0.765167 0.765167 0.765167
1768.947876 0.000000 2845.467285 0.000000 0.812704 0.000000 -0.582677 0.713044 0.713044 0.713044
1779.659790 0.000000 2857.019043 0.000000 0.421361 0.000000 0.906893 0.652360 0.652360 0.652360
1760.484253 0.000000 2821.357666 0.000000 0.776820 0.000000 -0.629722 0.904757 0.904757 0.904757
1755.357788 0.000000 2847.562744 0.000000 0.929850 0.000000 -0.367939 0.743459 0.743459 0.743459
1752.078369 0.000000 2825.236084 0.000000 0.908937 0.000000 -0.416934 0.831527 0.831527 0.831527
1754.042236 0.000000 2861.697998 0.000000 0.889818 0.000000 -0.456316 0.824214 0.824214 0.824214
1768.023926 0.000000 2827.347412 0.000000 0.046950 0.000000 -0.998897 1.091464 1.091464 1.091464
1740.395142 0.000000 2844.946289 0.000000 0.919211 0.000000 0.393766 0.673830 0.673830 0.673830
1777.690430 0.000000 2847.998535 0.000000 0.372928 0.000000 -0.927860 0.772703 0.772703 0.772703
1769.148193 0.000000 2858.836182 0.000000 0.014334 0.000000 0.999897 0.419835 0.419835 0.419835
1758.866333 0.000000 2826.724854 0.000000 0.993853 0.000000 -0.110708 0.715122 0.715122 0.715122
1747.562744 0.000000 2863.650391 0.000000 0.403092 0.000000 -0.915160 0.724240 0.724240 0.724240
1753.074463 0.000000 2833.264893 0.000000 0.342939 0.000000 0.939358 0.578398 0.578398 0.578398
1739.847534 0.000000 2860.966553 0.000000 0.982377 0.000000 0.186911 0.620485 0.620485 0.620485
1752.985229 0.000000 2875.397217 0.000000 0.910433 0.000000 -0.413657 0.726085 0.726085 0.726085
1782.485107 0.000000 2826.576416 0.000000 0.707500 0.000000 -0.706713 0.768579 0.768579 0.768579
1760.875488 0.000000 2847.571777 0.000000 0.112470 0.000000 0.993655 0.200567 0.200567 0.200567
1757.414917 0.000000 2834.726562 0.000000 0.969028 0.000000 0.246952 0.595777 0.595777 0.595777
1731.958008 0.000000 2816.566162 0.000000 0.050701 0.000000 0.998714 0.649527 0.649527 0.649527
1769.203003 0.000000 2849.745605 0.000000 0.450252 0.000000 -0.892901 0.917965 0.917965 0.917965
1747.337524 0.000000 2849.439697 0.000000 0.199858 0.000000 -0.979825 1.295972 1.295972 1.295972
1775.963135 0.000000 2854.761230 0.000000 0.561612 0.000000 -0.827401 0.788554 0.788554 0.788554
1783.566650 0.000000 2850.603760 0.000000 0.215773 0.000000 -0.976444 0.787506 0.787506 0.787506
1746.738281 0.000000 2845.155273 0.000000 0.792474 0.000000 -0.609906 0.933848 0.933848 0.933848
1790.099365 0.000000 2855.457764 0.000000 0.472565 0.000000 -0.881296 0.965776 0.965776 0.965776
1769.482300 0.000000 2870.872559 0.000000 0.379168 0.000000 0.925328 0.216680 0.216680 0.216680
1765.075928 0.000000 2844.352295 0.000000 0.905887 0.000000 -0.423519 0.722164 0.722164 0.722164
1750.798096 0.000000 2855.851807 0.000000 0.006341 0.000000 0.999980 0.164133 0.164133 0.164133
1777.488525 0.000000 2843.696045 0.000000 0.431173 0.000000 0.902269 0.338249 0.338249 0.338249
1753.247314 0.000000 2816.975098 0.000000 0.233527 0.000000 -0.972350 1.182969 1.182969 1.182969
1781.778198 0.000000 2877.378662 0.000000 0.465272 0.000000 0.885168 0.586038 0.586038 0.586038
1783.694092 0.000000 2819.866699 0.000000 0.998091 0.000000 -0.061754 0.710583 0.710583 0.710583
1760.451538 0.000000 2830.716064 0.000000 0.937801 0.000000 -0.347174 0.709914 0.709914 0.709914
1750.272461 0.000000 2878.020020 0.000000 0.681334 0.000000 0.731972 0.445981 0.445981 0.445981
1771.590942 0.000000 2855.391113 0.000000 0.983823 0.000000 -0.179141 0.769877 0.769877 0.769877
1756.499390 0.000000 2874.009277 0.000000 0.665634 0.000000 0.746279 0.521857 0.521857 0.521857
1733.777100 0.000000 2826.484619 0.000000 0.311738 0.000000 -0.950168 0.732866 0.732866 0.732866
1746.541504 0.000000 2857.671143 0.000000 0.739813 0.000000 0.672812 0.430448 0.430448 0.430448
1743.571411 0.000000 2852.210938 0.000000 0.982234 0.000000 0.187660 0.676907 0.676907 0.676907
1786.146729 0.000000 2838.253174 0.000000 0.526154 0.000000 0.850389 0.652026 0.652026 0.652026
1777.217896 0.000000 2859.818115 0.000000 0.849387 0.000000 -0.527771 0.801048 0.801048 0.801048
1783.406982 0.000000 2842.471191 0.000000 0.971844 0.000000 -0.235626 0.777317 0.777317 0.777317
1733.277588 0.000000 2833.634766 0.000000 0.896755 0.000000 0.442528 0.581434 0.581434 0.581434
1790.448242 0.000000 2839.628174 0.000000 0.900917 0.000000 0.433990 0.543096 0.543096 0.543096
1765.071289 0.000000 2857.591797 0.000000 0.993270 0.000000 0.115824 0.682148 0.682148 0.682148
1775.420776 0.000000 2870.848877 0.000000 0.752046 0.000000 -0.659110 0.759108 0.759108 0.759108
1755.117798 0.000000 2827.205078 0.000000 0.829388 0.000000 0.558672 0.548753 0.548753 0.548753
1744.397705 0.000000 2838.332764 0.000000 0.800820 0.000000 -0.598905 0.824562 0.824562 0.824562
1733.057739 0.000000 2856.986816 0.000000 0.342868 0.000000 -0.939384 1.049894 1.049894 1.049894
1736.226685 0.000000 2855.238037 0.000000 0.052751 0.000000 0.998608 0.604497 0.604497 0.604497
1762.696777 0.000000 2871.009277 0.000000 0.013582 0.000000 -0.999908 1.285093 1.285093 1.285093
1748.152832 0.000000 2818.943115 0.000000 0.719653 0.000000 0.694333 0.555144 0.555144 0.555144
1766.663208 0.000000 2824.172852 0.000000 0.992775 0.000000 -0.119993 0.721651 0.721651 0.721651
1735.873047 0.000000 2816.650391 0.000000 0.142640 0.000000 0.989775 0.290825 0.290825 0.290825
1770.146240 0.000000 2866.837158 0.000000 0.536091 0.000000 0.844160 0.619209 0.619209 0.619209
1754.815186 0.000000 2819.859619 0.000000 0.161475 0.000000 -0.986877 1.256337 1.256337 1.256337
1768.457764 0.000000 2820.601807 0.000000 0.077991 0.000000 -0.996954 0.773043 0.773043 0.773043
1765.963135 0.000000 2817.826416 0.000000 0.257718 0.000000 -0.966220 1.265524 1.265524 1.265524
1735.372070 0.000000 2861.960938 0.000000 0.576010 0.000000 -0.817443 1.024439 1.024439 1.024439
1750.007568 0.000000 2851.580566 0.000000 0.875494 0.000000 -0.483230 0.768747 0.768747 0.768747
1759.992554 0.000000 2879.061768 0.000000 0.942963 0.000000 -0.332897 0.819210 0.819210 0.819210
1762.769653 0.000000 2819.018311 0.000000 0.968088 0.000000 0.250612 0.661044 0.661044 0.661044
1772.153809 0.000000 2848.384766 0.000000 0.982778 0.000000 -0.184792 0.723711 0.723711 0.723711
1761.797485 0.000000 2844.479492 0.000000 0.073954 0.000000 0.997262 0.367801 0.367801 0.367801
1737.009888 0.000000 2822.212402 0.000000 0.553309 0.000000 -0.832976 1.049248 1.049248 1.049248
1736.936401 0.000000 2832.510498 0.000000 0.851628 0.000000 -0.524147 0.852338 0.852338 0.852338
1776.329468 0.000000 2840.468994 0.000000 0.280705 0.000000 -0.959794 0.812393 0.812393 0.812393
1730.753662 0.000000 2841.730469 0.000000 0.952278 0.000000 -0.305233 0.739029 0.739029 0.739029
1782.158936 0.000000 2870.087646 0.000000 0.916965 0.000000 0.398967 0.626847 0.626847 0.626847
1780.156494 0.000000 2873.128174 0.000000 0.781271 0.000000 -0.624192 0.936786 0.936786 0.936786
1742.196533 0.000000 2816.880615 0.000000 0.984526 0.000000 -0.175236 0.715699 0.715699 0.715699
1762.987305 0.000000 2823.198730 0.000000 0.999770 0.000000 0.021450 0.695464 0.695464 0.695464
1773.176147 0.000000 2861.706543 0.000000 0.440098 0.000000 -0.897950 0.756513 0.756513 0.756513
1789.376221 0.000000 2848.394775 0.000000 0.669278 0.000000 -0.743012 0.740984 0.740984 0.740984
1747.262085 0.000000 2877.158203 0.000000 0.568122 0.000000 0.822944 0.446625 0.446625 0.446625
1758.649536 0.000000 2876.282227 0.000000 0.783969 0.000000 0.620800 0.519748 0.519748 0.519748
1740.274902 0.000000 2824.179932 0.000000 0.686010 0.000000 0.727592 0.665825 0.665825 0.665825
1765.122803 0.000000 2876.742188 0.000000 0.381638 0.000000 -0.924312 0.817466 0.817466 0.817466
1730.251465 0.000000 2852.009521 0.000000 0.822610 0.000000 -0.568606 0.752848 0.752848 0.752848
1781.423706 0.000000 2854.565186 0.000000 0.898700 0.000000 -0.438564 0.736497 0.736497 0.736497
1760.364746 0.000000 2817.117920 0.000000 0.440119 0.000000 -0.897940 1.196911 1.196911 1.196911
1750.776978 0.000000 2835.350098 0.000000 0.723562 0.000000 -0.690259 0.851779 0.851779 0.851779
1752.308472 0.000000 2840.626465 0.000000 0.768400 0.000000 -0.639970 0.825003 0.825003 0.825003
1727.860596 0.000000 2833.889893 0.000000 0.676321 0.000000 -0.736607 1.028485 1.028485 1.028485
1741.816895 0.000000 2858.693848 0.000000 0.968837 0.000000 0.247701 0.632198 0.632198 0.632198
1730.597290 0.000000 2855.254639 0.000000 0.938243 0.000000 0.345977 0.589488 0.589488 0.589488
1760.928955 0.000000 2873.718506 0.000000 0.864530 0.000000 0.502581 0.627301 0.627301 0.627301
1733.844604 0.000000 2836.752930 0.000000 0.132018 0.000000 -0.991247 0.813117 0.813117 0.813117
1739.668213 0.000000 2827.596924 0.000000 0.995487 0.000000 -0.094900 0.713620 0.713620 0.713620
1741.707275 0.000000 2832.897217 0.000000 0.950864 0.000000 -0.309609 0.751160 0.751160 0.751160
1727.838989 0.000000 2843.296143 0.000000 0.092196 0.000000 -0.995741 1.327851 1.327851 1.327851
1760.380859 0.000000 2839.193115 0.000000 0.378644 0.000000 -0.925542 1.092627 1.092627 1.092627
1787.229858 0.000000 2853.933105 0.000000 0.611104 0.000000 0.791551 0.380772 0.380772 0.380772
1770.206543 0.000000 2852.646484 0.000000 0.331311 0.000000 -0.943522 1.006003 1.006003 1.006003
1737.450928 0.000000 2819.292969 0.000000 0.964786 0.000000 -0.263035 0.789774 0.789774 0.789774
1752.618896 0.000000 2848.983643 0.000000 0.874066 0.000000 0.485807 0.476596 0.476596 0.476596
1751.103638 0.000000 2843.847412 0.000000 0.164498 0.000000 -0.986377 0.916155 0.916155 0.916155
1746.626343 0.000000 2840.203369 0.000000 0.816988 0.000000 0.576655 0.426101 0.426101 0.426101
1767.219604 0.000000 2851.869385 0.000000 0.999833 0.000000 0.018261 0.694128 0.694128 0.694128
1738.934937 0.000000 2863.812500 0.000000 0.020767 0.000000 -0.999784 1.217381 1.217381 1.217381
1750.034424 0.000000 2838.514160 0.000000 0.972948 0.000000 -0.231024 0.803891 0.803891 0.803891
1743.760376 0.000000 2845.442139 0.000000 0.913346 0.000000 0.407184 0.590068 0.590068 0.590068
1736.396729 0.000000 2838.620850 0.000000 0.294778 0.000000 0.955566 0.648890 0.648890 0.648890
1736.930176 0.000000 2828.404541 0.000000 0.039865 0.000000 -0.999205 1.170872 1.170872 1.170872
1772.416016 0.000000 2870.580566 0.000000 0.607046 0.000000 -0.794667 0.937552 0.937552 0.937552
1785.512207 0.000000 2844.485840 0.000000 0.892021 0.000000 0.451993 0.592631 0.592631 0.592631
1757.933472 0.000000 2819.966553 0.000000 0.563636 0.000000 0.826024 0.575996 0.575996 0.575996
1758.181885 0.000000 2846.633057 0.000000 0.688281 0.000000 0.725444 0.346799 0.346799 0.346799
1735.803345 0.000000 2852.405762 0.000000 0.771914 0.000000 0.635727 0.656656 0.656656 0.656656
1780.393921 0.000000 2828.592041 0.000000 0.549244 0.000000 -0.835662 1.030229 1.030229 1.030229
1761.836670 0.000000 2850.331055 0.000000 0.985920 0.000000 -0.167216 0.725837 0.725837 0.725837
1752.174072 0.000000 2858.321777 0.000000 0.311874 0.000000 0.950123 0.180774 0.180774 0.180774
1747.023071 0.000000 2860.876953 0.000000 0.700440 0.000000 -0.713712 0.790282 0.790282 0.790282
1756.496704 0.000000 2841.613525 0.000000 0.438060 0.000000 0.898946 0.323134 0.323134 0.323134
1732.473633 0.000000 2859.833496 0.000000 0.535229 0.000000 0.844707 0.295637 0.295637 0.295637
1759.290527 0.000000 2823.904541 0.000000 0.772148 0.000000 -0.635443 0.933451 0.933451 0.933451
1739.006348 0.000000 2837.569824 0.000000 0.981425 0.000000 -0.191844 0.707759 0.707759 0.707759
1783.314575 0.000000 2847.718018 0.000000 0.971640 0.000000 -0.236464 0.746308 0.746308 0.746308
1761.672363 0.000000 2833.347168 0.000000 0.257964 0.000000 -0.966155 0.926624 0.926624 0.926624
1791.408691 0.000000 2859.022217 0.000000 0.660814 0.000000 0.750550 0.643627 0.643627 0.643627
1786.410767 0.000000 2850.506104 0.000000 0.273491 0.000000 0.961875 0.220672 0.220672 0.220672
1753.384644 0.000000 2822.626465 0.000000 0.913395 0.000000 -0.407074 0.744693 0.744693 0.744693
1739.185669 0.000000 2834.107910 0.000000 0.406364 0.000000 0.913711 0.617435 0.617435 0.617435
1755.519653 0.000000 2836.731689 0.000000 0.354766 0.000000 0.934955 0.229177 0.229177 0.229177
1753.315063 0.000000 2854.793701 0.000000 0.664020 0.000000 0.747714 0.342800 0.342800 0.342800
1789.011963 0.000000 2873.101562 0.000000 0.999265 0.000000 -0.038333 0.703149 0.703149 0.703149
1732.022461 0.000000 2831.206543 0.000000 0.999938 0.000000 0.011103 0.698681 0.698681 0.698681
1730.398193 0.000000 2838.613281 0.000000 0.760050 0.000000 0.649865 0.428025 0.428025 0.428025
1791.768555 0.000000 2837.181885 0.000000 0.868540 0.000000 -0.495619 0.842274 0.842274 0.842274
1756.135742 0.000000 2844.841309 0.000000 0.644910 0.000000 0.764259 0.383797 0.383797 0.383797
1765.227417 0.000000 2870.091064 0.000000 0.194179 0.000000 -0.980966 1.209560 1.209560 1.209560
1753.299805 0.000000 2845.781494 0.000000 0.900730 0.000000 0.434380 0.550798 0.550798 0.550798
1767.219238 0.000000 2815.366455 0.000000 0.704010 0.000000 0.710190 0.394979 0.394979 0.394979
1740.968262 0.000000 2842.378418 0.000000 0.142435 0.000000 -0.989804 0.814785 0.814785 0.814785
1754.739868 0.000000 2839.559326 0.000000 0.146485 0.000000 -0.989213 1.177730 1.177730 1.177730
1764.250854 0.000000 2855.058838 0.000000 0.958474 0.000000 0.285182 0.687365 0.687365 0.687365
1742.077393 0.000000 2862.354248 0.000000 0.359535 0.000000 -0.933132 0.895522 0.895522 0.895522
1782.379761 0.000000 2857.072510 0.000000 0.194335 0.000000 0.980935 0.579835 0.579835 0.579835
1763.940796 0.000000 2834.670166 0.000000 0.945204 0.000000 0.326480 0.562254 0.562254 0.562254
1756.965576 0.000000 2861.615967 0.000000 0.996729 0.000000 0.080820 0.695334 0.695334 0.695334
1779.989746 0.000000 2843.009766 0.000000 0.031321 0.000000 0.999509 0.159239 0.159239 0.159239
1753.601318 0.000000 2878.412598 0.000000 0.095882 0.000000 0.995393 0.179390 0.179390 0.179390
1776.408691 0.000000 2857.329102 0.000000 0.805014 0.000000 0.593256 0.579022 0.579022 0.579022
1756.098999 0.000000 2850.028564 0.000000 0.448482 0.000000 0.893792 0.470050 0.470050 0.470050
1774.886230 0.000000 2843.135010 0.000000 0.418399 0.000000 -0.908264 0.946847 0.946847 0.946847
1763.767090 0.000000 2874.509521 0.000000 0.773553 0.000000 -0.633731 0.900314 0.900314 0.900314
1790.280640 0.000000 2842.368896 0.000000 0.995436 0.000000 -0.095430 0.705512 0.705512 0.705512
1786.652832 0.000000 2835.656738 0.000000 0.030769 0.000000 0.999527 0.578891 0.578891 0.578891
1750.849609 0.000000 2818.027588 0.000000 0.458221 0.000000 0.888839 0.212118 0.212118 0.212118
1763.329224 0.000000 2846.556152 0.000000 0.838167 0.000000 -0.545414 0.927842 0.927842 0.927842
1758.512207 0.000000 2832.458008 0.000000 0.889090 0.000000 -0.457733 0.751514 0.751514 0.751514
1783.778809 0.000000 2875.613525 0.000000 0.994568 0.000000 0.104088 0.682141 0.682141 0.682141
1758.906250 0.000000 2836.774658 0.000000 0.999211 0.000000 0.039726 0.689375 0.689375 0.689375
1777.614258 0.000000 2872.251953 0.000000 0.204958 0.000000 0.978771 0.547401 0.547401 0.547401
1742.337036 0.000000 2820.573975 0.000000 0.434248 0.000000 -0.900793 0.805844 0.805844 0.805844
1730.561768 0.000000 2833.450195 0.000000 0.965160 0.000000 -0.261661 0.792995 0.792995 0.792995
1763.001587 0.000000 2838.328369 0.000000 0.386641 0.000000 0.922230 0.589228 0.589228 0.589228
1766.586060 0.000000 2846.387451 0.000000 0.681162 0.000000 0.732133 0.626787 0.626787 0.626787
1755.965942 0.000000 2859.313721 0.000000 0.996924 0.000000 -0.078369 0.715492 0.715492 0.715492
1749.833740 0.000000 2849.045410 0.000000 0.939775 0.000000 0.341794 0.643307 0.643307 0.643307
1741.357788 0.000000 2854.263672 0.000000 0.965517 0.000000 -0.260339 0.713808 0.713808 0.713808
1752.239990 0.000000 2827.782471 0.000000 0.658872 0.000000 -0.752255 0.824994 0.824994 0.824994
1745.978516 0.000000 2851.514160 0.000000 0.838176 0.000000 0.545401 0.478213 0.478213 0.478213
1771.385986 0.000000 2845.960449 0.000000 0.491763 0.000000 0.870729 0.570735 0.570735 0.570735
1745.050415 0.000000 2854.281738 0.000000 0.344824 0.000000 0.938667 0.246340 0.246340 0.246340
1756.757080 0.000000 2825.416016 0.000000 0.455541 0.000000 0.890215 0.210776 0.210776 0.210776
1755.185547 0.000000 2815.433350 0.000000 0.042281 0.000000 0.999106 0.366102 0.366102 0.366102
1745.638184 0.000000 2847.348633 0.000000 0.914458 0.000000 -0.404680 0.861637 0.861637 0.861637
1778.885742 0.000000 2845.852051 0.000000 0.689205 0.000000 0.724566 0.524385 0.524385 0.524385
1740.068359 0.000000 2818.354248 0.000000 0.991281 0.000000 -0.131767 0.750577 0.750577 0.750577
1747.101685 0.000000 2842.755859 0.000000 0.161327 0.000000 -0.986901 1.042208 1.042208 1.042208
1760.585083 0.000000 2841.987061 0.000000 0.866693 0.000000 -0.498842 0.874325 0.874325 0.874325
1748.287354 0.000000 2847.022461 0.000000 0.317673 0.000000 -0.948200 0.874412 0.874412 0.874412
1748.972900 0.000000 2857.668701 0.000000 0.907517 0.000000 -0.420014 0.746966 0.746966 0.746966
1761.347168 0.000000 2825.122803 0.000000 0.690501 0.000000 0.723331 0.407484 0.407484 0.407484
1784.931885 0.000000 2852.573975 0.000000 0.994041 0.000000 0.109010 0.668695 0.668695 0.668695
1730.281006 0.000000 2860.779541 0.000000 0.795243 0.000000 -0.606291 0.734151 0.734151 0.734151
1773.859619 0.000000 2856.199463 0.000000 0.776635 0.000000 -0.629951 0.976303 0.976303 0.976303
1791.421021 0.000000 2873.831055 0.000000 0.996001 0.000000 0.089346 0.673733 0.673733 0.673733
1766.717651 0.000000 2859.495850 0.000000 0.059332 0.000000 -0.998238 0.948287 0.948287 0.948287
1790.670166 0.000000 2833.905029 0.000000 0.572921 0.000000 -0.819610 0.935054 0.935054 0.935054
1767.762573 0.000000 2829.798584 0.000000 0.410713 0.000000 0.911765 0.611760 0.611760 0.611760
1776.308350 0.000000 2845.888672 0.000000 0.999940 0.000000 -0.010970 0.702991 0.702991 0.702991
1781.972412 0.000000 2867.659180 0.000000 0.981648 0.000000 0.190704 0.677198 0.677198 0.677198
1769.434082 0.000000 2856.376709 0.000000 0.425193 0.000000 0.905103 0.282726 0.282726 0.282726
1771.435669 0.000000 2857.910645 0.000000 0.702229 0.000000 -0.711951 0.982451 0.982451 0.982451
1788.316284 0.000000 2833.954102 0.000000 0.809790 0.000000 -0.586719 0.742734 0.742734 0.742734
1737.381226 0.000000 2860.711670 0.000000 0.962491 0.000000 -0.271314 0.813318 0.813318 0.813318
1755.965210 0.000000 2832.891113 0.000000 0.573471 0.000000 -0.819226 0.881201 0.881201 0.881201
1744.226929 0.000000 2858.219727 0.000000 0.558227 0.000000 0.829688 0.373372 0.373372 0.373372
1765.782959 0.000000 2826.449463 0.000000 0.852512 0.000000 -0.522707 0.772091 0.772091 0.772091
1748.994751 0.000000 2821.179932 0.000000 0.704268 0.000000 -0.709934 0.764839 0.764839 0.764839
1763.242188 0.000000 2878.558594 0.000000 0.713215 0.000000 0.700945 0.353866 0.353866 0.353866
1780.500000 0.000000 2875.394043 0.000000 0.997639 0.000000 -0.068681 0.724625 0.724625 0.724625
1788.443237 0.000000 2838.531494 0.000000 0.388560 0.000000 -0.921424 0.927294 0.927294 0.927294
1745.413208 0.000000 2862.621826 0.000000 0.084344 0.000000 -0.996437 0.845461 0.845461 0.845461
1772.430176 0.000000 2843.720947 0.000000 0.662999 0.000000 -0.748620 0.803489 0.803489 0.803489
1755.134399 0.000000 2876.209717 0.000000 0.883995 0.000000 0.467496 0.509572 0.509572 0.509572
1751.177368 0.000000 2853.606934 0.000000 0.997653 0.000000 -0.068477 0.714372 0.714372 0.714372
1754.352295 0.000000 2824.923584 0.000000 0.472328 0.000000 0.881423 0.219221 0.219221 0.219221
1759.724731 0.000000 2834.575195 0.000000 0.967641 0.000000 0.252329 0.605048 0.605048 0.605048
1748.978638 0.000000 2844.713623 0.000000 0.967097 0.000000 -0.254409 0.727422 0.727422 0.727422
1758.787598 0.000000 2848.862061 0.000000 0.411802 0.000000 0.911273 0.323366 0.323366 0.323366
1746.392212 0.000000 2874.708496 0.000000 0.852008 0.000000 -0.523529 0.773180 0.773180 0.773180
1768.792969 0.000000 2868.625244 0.000000 0.967999 0.000000 -0.250955 0.774918 0.774918 0.774918
1779.691772 0.000000 2831.841309 0.000000 0.814954 0.000000 0.579526 0.450459 0.450459 0.450459
1761.093750 0.000000 2827.391602 0.000000 0.287661 0.000000 -0.957732 0.836346 0.836346 0.836346
1773.377563 0.000000 2854.002197 0.000000 0.088998 0.000000 -0.996032 0.956347 0.956347 0.956347
1735.300049 0.000000 2824.785156 0.000000 0.678690 0.000000 0.734425 0.614955 0.614955 0.614955
1767.278320 0.000000 2857.097412 0.000000 0.999135 0.000000 0.041576 0.682267 0.682267 0.682267
1758.642822 0.000000 2840.869873 0.000000 0.996408 0.000000 -0.084687 0.724745 0.724745 0.724745
1775.597656 0.000000 2861.287842 0.000000 0.632383 0.000000 -0.774656 0.757300 0.757300 0.757300
1738.761230 0.000000 2858.987305 0.000000 0.839451 0.000000 -0.543435 0.779318 0.779318 0.779318
1748.321899 0.000000 2855.581299 0.000000 0.668650 0.000000 0.743578 0.550551 0.550551 0.550551
1778.264893 0.000000 2841.494385 0.000000 0.296438 0.000000 0.955052 0.569071 0.569071 0.569071
1753.508911 0.000000 2835.551514 0.000000 0.255616 0.000000 0.966778 0.218391 0.218391 0.218391
1770.959351 0.000000 2868.928467 0.000000 0.925167 0.000000 -0.379559 0.820425 0.820425 0.820425
1775.483032 0.000000 2868.543701 0.000000 0.623042 0.000000 -0.782188 0.798887 0.798887 0.798887
1783.515259 0.000000 2845.439697 0.000000 0.975173 0.000000 0.221447 0.617661 0.617661 0.617661
1769.989136 0.000000 2847.699951 0.000000 0.649884 0.000000 0.760033 0.636630 0.636630 0.636630
1767.321777 0.000000 2848.614014 0.000000 0.528876 0.000000 -0.848699 1.011733 1.011733 1.011733
1765.296143 0.000000 2850.808105 0.000000 0.485266 0.000000 -0.874367 0.852492 0.852492 0.852492
1770.742432 0.000000 2872.681396 0.000000 0.001676 0.000000 -0.999999 0.801460 0.801460 0.801460
1767.331421 0.000000 2871.167480 0.000000 0.740107 0.000000 0.672489 0.388072 0.388072 0.388072
1788.587646 0.000000 2856.989014 0.000000 0.533187 0.000000 0.845998 0.627745 0.627745 0.627745
1755.554321 0.000000 2854.774658 0.000000 0.900225 0.000000 -0.435424 0.772432 0.772432 0.772432
1739.815063 0.000000 2865.878906 0.000000 0.614811 0.000000 0.788674 0.614251 0.614251 0.614251
1752.798340 0.000000 2819.097412 0.000000 0.646747 0.000000 -0.762705 1.086581 1.086581 1.086581
1752.076904 0.000000 2860.697998 0.000000 0.681341 0.000000 0.731967 0.407235 0.407235 0.407235
1771.234253 0.000000 2850.489258 0.000000 0.700586 0.000000 0.713567 0.541701 0.541701 0.541701
1745.158325 0.000000 2849.577148 0.000000 0.971827 0.000000 0.235697 0.603116 0.603116 0.603116
1733.263306 0.000000 2828.598633 0.000000 0.975709 0.000000 0.219072 0.681859 0.681859 0.681859
1790.274780 0.000000 2853.333740 0.000000 0.448966 0.000000 -0.893549 0.866101 0.866101 0.866101
1734.090088 0.000000 2863.691895 0.000000 0.864991 0.000000 -0.501787 0.851576 0.851576 0.851576
1790.460205 0.000000 2875.791748 0.000000 0.181738 0.000000 -0.983347 0.944998 0.944998 0.944998
1791.618774 0.000000 2830.672852 0.000000 0.726045 0.000000 -0.687647 0.796732 0.796732 0.796732
1764.527466 0.000000 2824.663086 0.000000 0.935592 0.000000 0.353083 0.605404 0.605404 0.605404
1728.574829 0.000000 2837.331299 0.000000 0.233783 0.000000 -0.972289 1.052242 1.052242 1.052242
1737.286743 0.000000 2857.055420 0.000000 0.983527 0.000000 -0.180763 0.718741 0.718741 0.718741
1755.319458 0.000000 2817.789551 0.000000 0.344870 0.000000 0.938651 0.156908 0.156908 0.156908
1745.094971 0.000000 2843.782227 0.000000 0.264990 0.000000 0.964251 0.267482 0.267482 0.267482
1733.792358 0.000000 2817.545410 0.000000 0.197638 0.000000 -0.980275 0.992485 0.992485 0.992485
1742.293945 0.000000 2843.951172 0.000000 0.783852 0.000000 0.620948 0.498623 0.498623 0.498623
1737.537598 0.000000 2830.401611 0.000000 0.070778 0.000000 -0.997492 1.053876 1.053876 1.053876
1758.605591 0.000000 2815.385010 0.000000 0.832350 0.000000 0.554251 0.536764 0.536764 0.536764
1758.245483 0.000000 2822.014160 0.000000 0.573760 0.000000 0.819023 0.374629 0.374629 0.374629
1760.154663 0.000000 2819.165283 0.000000 0.078053 0.000000 0.996949 0.191332 0.191332 0.191332
1760.018921 0.000000 2845.662842 0.000000 0.828486 0.000000 0.560010 0.568078 0.568078 0.568078
1741.648071 0.000000 2828.344238 0.000000 0.946680 0.000000 0.322176 0.666178 0.666178 0.666178
1763.455933 0.000000 2869.025879 0.000000 0.936034 0.000000 -0.351911 0.740849 0.740849 0.740849
1762.708130 0.000000 2848.483398 0.000000 0.673780 0.000000 -0.738932 0.859840 0.859840 0.859840
1768.363159 0.000000 2825.284424 0.000000 0.970541 0.000000 0.240938 0.671934 0.671934 0.671934
1741.806885 0.000000 2822.525146 0.000000 0.618889 0.000000 -0.785479 0.807364 0.807364 0.807364
1731.820801 0.000000 2837.126709 0.000000 0.999167 0.000000 -0.040819 0.711987 0.711987 0.711987
1737.032959 0.000000 2863.115234 0.000000 0.543113 0.000000 0.839659 0.348169 0.348169 0.348169
1753.879272 0.000000 2859.500488 0.000000 0.999711 0.000000 0.024040 0.690042 0.690042 0.690042
1784.975586 0.000000 2849.057617 0.000000 0.918642 0.000000 -0.395090 0.846931 0.846931 0.846931
1763.195068 0.000000 2821.011719 0.000000 0.718917 0.000000 0.695096 0.636874 0.636874 0.636874
1734.510010 0.000000 2860.132324 0.000000 0.877515 0.000000 -0.479548 0.869563 0.869563 0.869563
1765.266113 0.000000 2815.953369 0.000000 0.935472 0.000000 0.353400 0.643820 0.643820 0.643820
1734.122314 0.000000 2855.165527 0.000000 0.952818 0.000000 0.303542 0.624544 0.624544 0.624544
1787.432007 0.000000 2848.777832 0.000000 0.977692 0.000000 -0.210043 0.746967 0.746967 0.746967
1735.282471 0.000000 2833.907715 0.000000 0.906101 0.000000 -0.423062 0.845043 0.845043 0.845043
1742.913696 0.000000 2850.285889 0.000000 0.679411 0.000000 0.733758 0.600659 0.600659 0.600659
1783.835693 0.000000 2817.873047 0.000000 0.500550 0.000000 -0.865708 1.153581 1.153581 1.153581
1735.282227 0.000000 2856.979736 0.000000 0.829302 0.000000 -0.558801 0.907242 0.907242 0.907242
1735.780273 0.000000 2826.758545 0.000000 0.435227 0.000000 -0.900321 0.884069 0.884069 0.884069
1738.952271 0.000000 2822.710938 0.000000 0.902428 0.000000 -0.430841 0.820655 0.820655 0.820655
1752.031982 0.000000 2877.130371 0.000000 0.686426 0.000000 0.727200 0.500788 0.500788 0.500788
1754.105835 0.000000 2850.289062 0.000000 0.995908 0.000000 -0.090372 0.719611 0.719611 0.719611
1731.863037 0.000000 2834.956543 0.000000 0.402454 0.000000 -0.915440 0.892019 0.892019 0.892019
1782.147705 0.000000 2840.846924 0.000000 0.396140 0.000000 -0.918190 0.866730 0.866730 0.866730
1748.791626 0.000000 2835.174805 0.000000 0.288469 0.000000 -0.957489 0.822854 0.822854 0.822854
1780.604858 0.000000 2826.240234 0.000000 0.772087 0.000000 0.635517 0.521879 0.521879 0.521879
1735.087891 0.000000 2821.860840 0.000000 0.746596 0.000000 0.665278 0.638944 0.638944 0.638944
1766.822876 0.000000 2819.555176 0.000000 0.670234 0.000000 -0.742150 0.964524 0.964524 0.964524
1781.790527 0.000000 2871.990967 0.000000 0.999420 0.000000 -0.034050 0.713332 0.713332 0.713332
1745.756104 0.000000 2859.442139 0.000000 0.220185 0.000000 -0.975458 1.150211 1.150211 1.150211
1781.802612 0.000000 2843.607910 0.000000 0.677021 0.000000 0.735963 0.358884 0.358884 0.358884
1755.268433 0.000000 2834.771729 0.000000 0.988300 0.000000 -0.152520 0.768234 0.768234 0.768234
1749.003418 0.000000 2876.308350 0.000000 0.528160 0.000000 0.849145 0.331281 0.331281 0.331281
1748.016724 0.000000 2838.656250 0.000000 0.009581 0.000000 0.999954 0.004270 0.004270 0.004270
1747.970337 0.000000 2851.274902 0.000000 0.288852 0.000000 0.957374 0.143981 0.143981 0.143981
1746.067749 0.000000 2855.866211 0.000000 0.158367 0.000000 0.987380 0.154756 0.154756 0.154756
1782.072144 0.000000 2874.385010 0.000000 0.485903 0.000000 0.874013 0.517879 0.517879 0.517879
1762.697266 0.000000 2872.942627 0.000000 0.179844 0.000000 0.983695 0.238473 0.238473 0.238473
1756.401001 0.000000 2821.105225 0.000000 0.655036 0.000000 -0.755597 0.879630 0.879630 0.879630
1775.513428 0.000000 2859.001709 0.000000 0.533723 0.000000 -0.845659 0.978272 0.978272 0.978272
1734.885254 0.000000 2832.060059 0.000000 0.589846 0.000000 0.807516 0.387905 0.387905 0.387905
1743.690796 0.000000 2863.388428 0.000000 0.097259 0.000000 -0.995259 0.939462 0.939462 0.939462
1737.662720 0.000000 2817.316895 0.000000 0.294477 0.000000 0.955659 0.306577 0.306577 0.306577
1766.937500 0.000000 2821.759277 0.000000 0.643375 0.000000 0.765551 0.620767 0.620767 0.620767
1769.488159 0.000000 2854.373779 0.000000 0.211347 0.000000 0.977411 0.163714 0.163714 0.163714
1778.898804 0.000000 2830.102783 0.000000 0.974540 0.000000 -0.224212 0.791289 0.791289 0.791289
1760.949097 0.000000 2871.755371 0.000000 0.833226 0.000000 0.552932 0.583279 0.583279 0.583279
1766.007080 0.000000 2855.634277 0.000000 0.150629 0.000000 -0.988590 0.962971 0.962971 0.962971
1746.211426 0.000000 2838.002441 0.000000 0.886495 0.000000 0.462738 0.485614 0.485614 0.485614
1780.557007 0.000000 2868.860352 0.000000 0.996311 0.000000 0.085819 0.666965 0.666965 0.666965
1760.955933 0.000000 2823.127930 0.000000 0.586626 0.000000 0.809858 0.480608 0.480608 0.480608
1777.969360 0.000000 2856.297119 0.000000 0.097141 0.000000 -0.995271 0.980682 0.980682 0.980682
1764.090088 0.000000 2817.697998 0.000000 0.286123 0.000000 0.958193 0.147217 0.147217 0.147217
1773.992188 0.000000 2869.641113 0.000000 0.754175 0.000000 0.656673 0.460874 0.460874 0.460874
1753.005249 0.000000 2856.593262 0.000000 0.975091 0.000000 0.221805 0.615962 0.615962 0.615962
1747.856445 0.000000 2859.125000 0.000000 0.997426 0.000000 -0.071699 0.717557 0.717557 0.717557
1751.752319 0.000000 2850.845947 0.000000 0.655160 0.000000 -0.755490 0.816737 0.816737 0.816737
1735.755859 0.000000 2818.525391 0.000000 0.697920 0.000000 0.716176 0.630244 0.630244 0.630244
1749.198364 0.000000 2853.924072 0.000000 0.267688 0.000000 -0.963506 1.008926 1.008926 1.008926
1742.571411 0.000000 2818.727539 0.000000 0.104345 0.000000 -0.994541 1.107424 1.107424 1.107424
1783.193359 0.000000 2853.612061 0.000000 0.921223 0.000000 0.389036 0.650420 0.650420 0.650420
1731.601562 0.000000 2858.088623 0.000000 0.038863 0.000000 0.999245 0.440315 0.440315 0.440315
1760.355591 0.000000 2851.428955 0.000000 0.074419 0.000000 -0.997227 0.930113 0.930113 0.930113
1753.953003 0.000000 2841.357422 0.000000 0.572685 0.000000 -0.819776 0.872985 0.872985 0.872985
1753.135254 0.000000 2820.857910 0.000000 0.900043 0.000000 0.435801 0.596768 0.596768 0.596768
1757.030518 0.000000 2848.460205 0.000000 0.135705 0.000000 -0.990749 1.196427 1.196427 1.196427
1762.172363 0.000000 2817.334961 0.000000 0.954155 0.000000 0.299314 0.593225 0.593225 0.593225
1743.283081 0.000000 2831.882324 0.000000 0.975349 0.000000 0.220667 0.677448 0.677448 0.677448
1780.111084 0.000000 2871.294678 0.000000 0.418563 0.000000 -0.908188 1.145845 1.145845 1.145845
1768.622803 0.000000 2872.495850 0.000000 0.573572 0.000000 -0.819155 0.827495 0.827495 0.827495
1790.397217 0.000000 2857.513916 0.000000 0.913143 0.000000 -0.407640 0.808596 0.808596 0.808596
1744.717163 0.000000 2840.107910 0.000000 0.904074 0.000000 -0.427377 0.877494 0.877494 0.877494
1785.334229 0.000000 2842.597656 0.000000 0.884373 0.000000 -0.466780 0.745830 0.745830 0.745830
1733.536743 0.000000 2861.642822 0.000000 0.818373 0.000000 -0.574687 0.849787 0.849787 0.849787
1778.471924 0.000000 2873.928467 0.000000 0.803252 0.000000 -0.595639 0.905172 0.905172 0.905172
1765.353516 0.000000 2822.958496 0.000000 0.931892 0.000000 -0.362736 0.753194 0.753194 0.753194
1741.445312 0.000000 2830.917725 0.000000 0.754743 0.000000 0.656021 0.457411 0.457411 0.457411
1729.611328 0.000000 2843.193359 0.000000 0.996578 0.000000 0.082657 0.680911 0.680911 0.680911
1749.478516 0.000000 2836.820312 0.000000 0.846704 0.000000 -0.532064 0.924525 0.924525 0.924525
1790.046021 0.000000 2837.788818 0.000000 0.976026 0.000000 0.217654 0.639800 0.639800 0.639800
1760.325806 0.000000 2875.397705 0.000000 0.236716 0.000000 0.971579 0.260112 0.260112 0.260112
1758.537231 0.000000 2818.311035 0.000000 0.754354 0.000000 -0.656468 0.935281 0.935281 0.935281
1761.528198 0.000000 2878.204590 0.000000 0.046519 0.000000 0.998917 0.172573 0.172573 0.172573
1787.384399 0.000000 2852.078125 0.000000 0.911946 0.000000 0.410310 0.552226 0.552226 0.552226
1754.487427 0.000000 2853.381348 0.000000 0.075474 0.000000 0.997148 0.485728 0.485728 0.485728
1764.510620 0.000000 2819.413574 0.000000 0.661099 0.000000 0.750299 0.562095 0.562095 0.562095
1752.342651 0.000000 2842.441406 0.000000 0.196526 0.000000 -0.980499 1.249463 1.249463 1.249463
1743.154053 0.000000 2853.993896 0.000000 0.594272 0.000000 -0.804264 0.814310 0.814310 0.814310
1769.537354 0.000000 2819.127686 0.000000 0.999855 0.000000 0.017002 0.696553 0.696553 0.696553
1735.089844 0.000000 2828.399902 0.000000 0.757599 0.000000 0.652720 0.486234 0.486234 0.486234
1734.173218 0.000000 2858.350830 0.000000 0.365143 0.000000 0.930951 0.195858 0.195858 0.195858
1764.260986 0.000000 2871.796143 0.000000 0.360198 0.000000 0.932876 0.254556 0.254556 0.254556
1750.561523 0.000000 2840.270264 0.000000 0.661953 0.000000 0.749545 0.477871 0.477871 0.477871
1763.815430 0.000000 2849.924805 0.000000 0.092802 0.000000 0.995685 0.415905 0.415905 0.415905
1731.492676 0.000000 2840.088135 0.000000 0.490079 0.000000 -0.871678 0.833201 0.833201 0.833201
1753.388550 0.000000 2826.498291 0.000000 0.329385 0.000000 0.944196 0.518685 0.518685 0.518685
1740.474121 0.000000 2862.997070 0.000000 0.770139 0.000000 -0.637877 0.875286 0.875286 0.875286
1745.695679 0.000000 2841.676514 0.000000 0.963877 0.000000 -0.266349 0.808365 0.808365 0.808365
1732.356812 0.000000 2855.048584 0.000000 0.984643 0.000000 0.174581 0.631920 0.631920 0.631920
1776.438232 0.000000 2842.181641 0.000000 0.070233 0.000000 0.997531 0.217504 0.217504 0.217504
1786.191650 0.000000 2855.424316 0.000000 0.935352 0.000000 -0.353718 0.742964 0.742964 0.742964
1749.845703 0.000000 2819.659424 0.000000 0.383878 0.000000 -0.923384 0.922109 0.922109 0.922109
1771.714233 0.000000 2853.562988 0.000000 0.999952 0.000000 -0.009845 0.702443 0.702443 0.702443
1740.059448 0.000000 2832.413330 0.000000 0.999443 0.000000 -0.033373 0.705425 0.705425 0.705425
1736.289917 0.000000 2820.571045 0.000000 0.963615 0.000000 0.267294 0.608737 0.608737 0.608737
1781.196167 0.000000 2816.642578 0.000000 0.843251 0.000000 0.537520 0.618677 0.618677 0.618677
1756.843140 0.000000 2875.929443 0.000000 0.797899 0.000000 -0.602792 0.836812 0.836812 0.836812
1735.696899 0.000000 2837.083252 0.000000 0.447583 0.000000 -0.894242 0.922423 0.922423 0.922423
1742.583130 0.000000 2860.270996 0.000000 0.865076 0.000000 -0.501641 0.903873 0.903873 0.903873
1760.142822 0.000000 2877.211426 0.000000 0.400549 0.000000 -0.916275 1.080679 1.080679 1.080679
1773.517822 0.000000 2847.395020 0.000000 0.947835 0.000000 -0.318761 0.789579 0.789579 0.789579
1738.681641 0.000000 2829.081299 0.000000 0.983749 0.000000 0.179551 0.677600 0.677600 0.677600
1751.214478 0.000000 2837.008789 0.000000 0.676120 0.000000 -0.736792 1.069124 1.069124 1.069124
1737.704834 0.000000 2823.880371 0.000000 0.952183 0.000000 0.305529 0.589849 0.589849 0.589849
1729.818115 0.000000 2840.310547 0.000000 0.447111 0.000000 0.894479 0.514236 0.514236 0.514236
1760.439575 0.000000 2849.358398 0.000000 0.920363 0.000000 0.391065 0.584846 0.584846 0.584846
1738.143921 0.000000 2820.832520 0.000000 0.975378 0.000000 0.220540 0.606346 0.606346 0.606346
1738.542358 0.000000 2862.174316 0.000000 0.932330 0.000000 -0.361608 0.823499 0.823499 0.823499
1788.309692 0.000000 2855.331299 0.000000 0.371558 0.000000 -0.928410 0.891343 0.891343 0.891343
1756.551025 0.000000 2818.934082 0.000000 0.284426 0.000000 0.958698 0.536401 0.536401 0.536401
1770.683105 0.000000 2844.401367 0.000000 0.693502 0.000000 -0.720455 0.798410 0.798410 0.798410
1757.188721 0.000000 2836.989502 0.000000 0.618661 0.000000 0.785658 0.300413 0.300413 0.300413
1790.829346 0.000000 2835.648438 0.000000 0.946555 0.000000 0.322542 0.592675 0.592675 0.592675
1733.516357 0.000000 2815.858643 0.000000 0.585766 0.000000 0.810480 0.278889 0.278889 0.278889
1767.102051 0.000000 2869.493652 0.000000 0.104414 0.000000 0.994534 0.266972 0.266972 0.266972
1730.667847 0.000000 2830.111816 0.000000 0.954436 0.000000 -0.298417 0.745544 0.745544 0.745544
1728.335083 0.000000 2835.555176 0.000000 0.204261 0.000000 0.978917 0.127455 0.127455 0.127455
1783.385620 0.000000 2871.343262 0.000000 0.028063 0.000000 0.999606 0.425003 0.425003 0.425003
1757.004517 0.000000 2843.291504 0.000000 0.998461 0.000000 0.055457 0.681867 0.681867 0.681867
1737.472534 0.000000 2834.152344 0.000000 0.382654 0.000000 -0.923892 1.041774 1.041774 1.041774
1757.638672 0.000000 2823.711914 0.000000 0.112543 0.000000 -0.993647 1.347193 1.347193 1.347193
1752.424561 0.000000 2847.304932 0.000000 0.995599 0.000000 -0.093716 0.735100 0.735100 0.735100
1757.919800 0.000000 2877.781006 0.000000 0.649493 0.000000 -0.760368 1.018547 1.018547 1.018547
1768.275513 0.000000 2853.142822 0.000000 0.005051 0.000000 -0.999987 1.307452 1.307452 1.307452
1767.589355 0.000000 2817.042480 0.000000 0.747448 0.000000 0.664320 0.440968 0.440968 0.440968
1768.948975 0.000000 2851.520752 0.000000 0.866370 0.000000 -0.499403 0.916577 0.916577 0.916577
1728.035034 0.000000 2832.236328 0.000000 0.070386 0.000000 -0.997520 1.179824 1.179824 1.179824
1761.398315 0.000000 2815.834229 0.000000 0.952447 0.000000 -0.304705 0.803351 0.803351 0.803351
1783.267822 0.000000 2868.855713 0.000000 0.977286 0.000000 0.211923 0.673877 0.673877 0.673877
1728.794922 0.000000 2841.738281 0.000000 0.751022 0.000000 0.660277 0.579008 0.579008 0.579008
1757.856689 0.000000 2844.989258 0.000000 0.975634 0.000000 0.219407 0.619592 0.619592 0.619592
1751.746582 0.000000 2839.033691 0.000000 0.953834 0.000000 0.300334 0.564063 0.564063 0.564063
1737.373779 0.000000 2837.221191 0.000000 0.997382 0.000000 0.072320 0.686844 0.686844 0.686844
1760.334839 0.000000 2837.535400 0.000000 0.963844 0.000000 -0.266466 0.808886 0.808886 0.808886
1763.408691 0.000000 2844.905762 0.000000 0.262137 0.000000 -0.965031 0.861992 0.861992 0.861992
1751.719849 0.000000 2845.339844 0.000000 0.998654 0.000000 -0.051862 0.708251 0.708251 0.708251
1734.951050 0.000000 2835.565918 0.000000 0.877191 0.000000 0.480142 0.518830 0.518830 0.518830
1748.688843 0.000000 2878.338623 0.000000 0.954355 0.000000 -0.298675 0.827742 0.827742 0.827742
1766.848633 0.000000 2850.296143 0.000000 0.959596 0.000000 0.281383 0.608281 0.608281 0.608281
1738.083740 0.000000 2827.252930 0.000000 0.106756 0.000000 -0.994285 0.909770 0.909770 0.909770
1737.009521 0.000000 2815.454102 0.000000 0.701950 0.000000 0.712227 0.346762 0.346762 0.346762
1750.508667 0.000000 2858.450928 0.000000 0.452235 0.000000 0.891899 0.505574 0.505574 0.505574
1765.155518 0.000000 2868.204102 0.000000 0.275346 0.000000 -0.961345 0.957368 0.957368 0.957368
1761.690308 0.000000 2846.123291 0.000000 0.967747 0.000000 0.251923 0.612770 0.612770 0.612770
1782.845215 0.000000 2855.448242 0.000000 0.327681 0.000000 0.944789 0.328193 0.328193 0.328193
1760.121582 0.000000 2832.896729 0.000000 0.345789 0.000000 0.938312 0.489322 0.489322 0.489322
1764.984619 0.000000 2846.796875 0.000000 0.845497 0.000000 -0.533980 0.820099 0.820099 0.820099
1727.855957 0.000000 2830.314697 0.000000 0.634624 0.000000 0.772821 0.426784 0.426784 0.426784
1787.521118 0.000000 2837.066406 0.000000 0.640609 0.000000 -0.767868 0.837702 0.837702 0.837702
1754.557861 0.000000 2844.684814 0.000000 0.969214 0.000000 -0.246218 0.765648 0.765648 0.765648
1739.061279 0.000000 2825.286133 0.000000 0.952731 0.000000 0.303816 0.629869 0.629869 0.629869
1757.194458 0.000000 2827.104248 0.000000 0.996125 0.000000 -0.087947 0.720930 0.720930 0.720930
1761.494141 0.000000 2820.032227 0.000000 0.459654 0.000000 -0.888098 1.028596 1.028596 1.028596
1748.678467 0.000000 2843.094238 0.000000 0.955225 0.000000 -0.295882 0.743045 0.743045 0.743045
1756.596191 0.000000 2846.403564 0.000000 0.066903 0.000000 -0.997760 0.978578 0.978578 0.978578
1785.032837 0.000000 2846.073242 0.000000 0.796285 0.000000 -0.604922 0.977025 0.977025 0.977025
1750.869263 0.000000 2841.831299 0.000000 0.573509 0.000000 0.819199 0.448345 0.448345 0.448345
1755.458496 0.000000 2860.879150 0.000000 0.997624 0.000000 0.068888 0.681928 0.681928 0.681928
1736.066284 0.000000 2831.001953 0.000000 0.628425 0.000000 0.777870 0.489728 0.489728 0.489728
1748.319214 0.000000 2840.306641 0.000000 0.136955 0.000000 -0.990577 1.338776 1.338776 1.338776
1758.922363 0.000000 2838.571533 0.000000 0.873265 0.000000 0.487246 0.506110 0.506110 0.506110
1767.262207 0.000000 2873.498779 0.000000 0.983813 0.000000 -0.179200 0.729912 0.729912 0.729912
1754.370239 0.000000 2837.885010 0.000000 0.222954 0.000000 -0.974829 1.224533 1.224533 1.224533
1740.953979 0.000000 2819.730469 0.000000 0.258563 0.000000 -0.965994 1.201082 1.201082 1.201082
1766.503052 0.000000 2827.900146 0.000000 0.525583 0.000000 0.850742 0.413744 0.413744 0.413744
1744.648193 0.000000 2856.675293 0.000000 0.532254 0.000000 -0.846585 0.918767 0.918767 0.918767
1738.447021 0.000000 2831.956787 0.000000 0.393918 0.000000 0.919146 0.453460 0.453460 0.453460
1775.945068 0.000000 2844.313965 0.000000 0.721790 0.000000 -0.692112 0.989884 0.989884 0.989884
1763.180420 0.000000 2836.095703 0.000000 0.813868 0.000000 -0.581049 0.820272 0.820272 0.820272
1760.252686 0.000000 2843.967773 0.000000 0.934384 0.000000 0.356268 0.644616 0.644616 0.644616
1763.585083 0.000000 2876.177979 0.000000 0.066243 0.000000 0.997804 0.179409 0.179409 0.179409
1788.750122 0.000000 2853.046387 0.000000 0.751656 0.000000 0.659556 0.453303 0.453303 0.453303
1779.803345 0.000000 2844.560791 0.000000 0.162771 0.000000 0.986664 0.395038 0.395038 0.395038
1739.058838 0.000000 2819.576416 0.000000 0.604883 0.000000 -0.796314 1.058993 1.058993 1.058993
1763.318481 0.000000 2833.217285 0.000000 0.436106 0.000000 -0.899895 0.960211 0.960211 0.960211
1758.304810 0.000000 2825.169434 0.000000 0.676163 0.000000 0.736752 0.352614 0.352614 0.352614
1752.135986 0.000000 2834.593750 0.000000 0.350533 0.000000 -0.936550 1.145036 1.145036 1.145036
1768.070312 0.000000 2818.593750 0.000000 0.532074 0.000000 0.846698 0.495304 0.495304 0.495304
1768.694702 0.000000 2815.906982 0.000000 0.665097 0.000000 -0.746757 0.828196 0.828196 0.828196
1762.145264 0.000000 2874.733154 0.000000 0.943616 0.000000 -0.331041 0.798471 0.798471 0.798471
1740.238159 0.000000 2858.331299 0.000000 0.650520 0.000000 -0.759489 0.933637 0.933637 0.933637
1756.842896 0.000000 2815.516357 0.000000 0.944794 0.000000 -0.327664 0.843516 0.843516 0.843516
1746.165894 0.000000 2836.381104 0.000000 0.619687 0.000000 0.784849 0.565946 0.565946 0.565946
1761.248291 0.000000 2840.498535 0.000000 0.532312 0.000000 0.846548 0.363052 0.363052 0.363052
1780.504028 0.000000 2830.240723 0.000000 0.954884 0.000000 0.296980 0.640455 0.640455 0.640455
1752.015625 0.000000 2821.943115 0.000000 0.693219 0.000000 -0.720727 0.884257 0.884257 0.884257
1753.854248 0.000000 2847.906738 0.000000 0.770519 0.000000 0.637417 0.441525 0.441525 0.441525
1761.982788 0.000000 2821.936035 0.000000 0.258779 0.000000 -0.965937 1.093477 1.093477 1.093477
1781.212036 0.000000 2842.088867 0.000000 0.993665 0.000000 -0.112384 0.746449 0.746449 0.746449
1755.866089 0.000000 2838.231689 0.000000 0.853645 0.000000 -0.520856 0.883824 0.883824 0.883824
1731.515869 0.000000 2856.497070 0.000000 0.164024 0.000000 0.986456 0.255256 0.255256 0.255256
1757.989502 0.000000 2874.772949 0.000000 0.869109 0.000000 -0.494621 0.809408 0.809408 0.809408
1756.218018 0.000000 2839.959473 0.000000 0.626683 0.000000 -0.779274 1.088808 1.088808 1.088808
1762.858521 0.000000 2824.957764 0.000000 0.498236 0.000000 0.867041 0.300270 0.300270 0.300270
1764.914673 0.000000 2878.260986 0.000000 0.993641 0.000000 0.112595 0.671605 0.671605 0.671605
1772.480835 0.000000 2869.033203 0.000000 0.401549 0.000000 0.915838 0.313610 0.313610 0.313610
1752.802856 0.000000 2844.227539 0.000000 0.879881 0.000000 0.475193 0.535579 0.535579 0.535579
1755.021851 0.000000 2851.550049 0.000000 0.714874 0.000000 -0.699253 0.867802 0.867802 0.867802
1785.691406 0.000000 2853.959717 0.000000 0.948871 0.000000 0.315664 0.607956 0.607956 0.607956
1735.668701 0.000000 2863.797363 0.000000 0.836346 0.000000 0.548202 0.532695 0.532695 0.532695
1751.226440 0.000000 2848.365723 0.000000 0.366104 0.000000 -0.930574 0.925728 0.925728 0.925728
1774.798218 0.000000 2857.482910 0.000000 0.860381 0.000000 -0.509652 0.876634 0.876634 0.876634
1762.379639 0.000000 2834.755859 0.000000 0.957429 0.000000 0.288670 0.578713 0.578713 0.578713
1777.729492 0.000000 2858.106934 0.000000 0.472844 0.000000 0.881146 0.504024 0.504024 0.504024
1731.912231 0.000000 2832.722656 0.000000 0.679156 0.000000 -0.733994 0.989507 0.989507 0.989507
1757.616577 0.000000 2849.865234 0.000000 0.065196 0.000000 -0.997872 1.220954 1.220954 1.220954
1733.353027 0.000000 2832.108643 0.000000 0.538228 0.000000 0.842799 0.440721 0.440721 0.440721
1772.654785 0.000000 2859.749268 0.000000 0.995060 0.000000 0.099275 0.675497 0.675497 0.675497
1755.453979 0.000000 2843.434570 0.000000 0.985850 0.000000 -0.167628 0.750920 0.750920 0.750920
1745.258789 0.000000 2845.648438 0.000000 0.755291 0.000000 -0.655389 0.971032 0.971032 0.971032
1761.711182 0.000000 2842.988037 0.000000 0.749257 0.000000 0.662280 0.589945 0.589945 0.589945
1772.852295 0.000000 2857.295654 0.000000 0.669103 0.000000 -0.743170 1.039675 1.039675 1.039675
1747.030884 0.000000 2847.967773 0.000000 0.213190 0.000000 0.977011 0.192895 0.192895 0.192895
1747.674438 0.000000 2875.593018 0.000000 0.530342 0.000000 -0.847784 0.834382 0.834382 0.834382
1754.970825 0.000000 2849.020752 0.000000 0.999662 0.000000 -0.025983 0.709400 0.709400 0.709400
1740.704224 0.000000 2816.876953 0.000000 0.902253 0.000000 -0.431208 0.768563 0.768563 0.768563
1744.156738 0.000000 2846.965820 0.000000 0.025990 0.000000 0.999662 0.100673 0.100673 0.100673
1728.854736 0.000000 2838.805664 0.000000 0.786046 0.000000 -0.618169 0.931757 0.931757 0.931757
1754.656006 0.000000 2823.443115 0.000000 0.998077 0.000000 0.061993 0.682113 0.682113 0.682113
1759.845947 0.000000 2825.411133 0.000000 0.600456 0.000000 0.799658 0.311313 0.311313 0.311313
1753.622803 0.000000 2876.752441 0.000000 0.762437 0.000000 0.647062 0.527825 0.527825 0.527825
1742.466553 0.000000 2857.304688 0.000000 0.999303 0.000000 0.037320 0.690606 0.690606 0.690606
1729.485962 0.000000 2834.539307 0.000000 0.817542 0.000000 0.575868 0.442616 0.442616 0.442616
1733.345703 0.000000 2835.305664 0.000000 0.305877 0.000000 0.952071 0.330090 0.330090 0.330090
1757.058350 0.000000 2851.489502 0.000000 0.815581 0.000000 -0.578643 0.828326 0.828326 0.828326
1770.576050 0.000000 2849.102295 0.000000 0.661638 0.000000 -0.749823 1.031877 1.031877 1.031877
1770.999756 0.000000 2871.193604 0.000000 0.999304 0.000000 0.037297 0.689634 0.689634 0.689634
1744.545410 0.000000 2850.959717 0.000000 0.952619 0.000000 0.304167 0.581175 0.581175 0.581175
1745.040771 0.000000 2852.720215 0.000000 0.935544 0.000000 0.353210 0.561838 0.561838 0.561838
1732.972656 0.000000 2838.071289 0.000000 0.980352 0.000000 -0.197256 0.729842 0.729842 0.729842
1740.937866 0.000000 2859.936523 0.000000 0.556317 0.000000 -0.830970 0.965688 0.965688 0.965688
1754.532715 0.000000 2833.448486 0.000000 0.999596 0.000000 -0.028406 0.705362 0.705362 0.705362
1742.071411 0.000000 2845.451416 0.000000 0.823765 0.000000 -0.566931 0.858010 0.858010 0.858010
1771.516846 0.000000 2851.952881 0.000000 0.143321 0.000000 -0.989676 0.984289 0.984289 0.984289
1790.434937 0.000000 2872.736328 0.000000 0.006551 0.000000 0.999979 0.240747 0.240747 0.240747
1784.959351 0.000000 2851.100830 0.000000 0.654322 0.000000 0.756216 0.484206 0.484206 0.484206
1754.883301 0.000000 2877.699219 0.000000 0.805988 0.000000 0.591932 0.452029 0.452029 0.452029
1734.937378 0.000000 2815.343262 0.000000 0.936440 0.000000 -0.350827 0.859739 0.859739 0.859739
1753.342163 0.000000 2839.012207 0.000000 0.052270 0.000000 0.998633 0.023304 0.023304 0.023304
1790.901855 0.000000 2832.457275 0.000000 0.201894 0.000000 0.979407 0.365424 0.365424 0.365424
1782.182617 0.000000 2875.920654 0.000000 0.513965 0.000000 -0.857811 0.876572 0.876572 0.876572
1791.732788 0.000000 2838.696045 0.000000 0.983991 0.000000 -0.178220 0.762625 0.762625 0.762625
1752.689087 0.000000 2853.459229 0.000000 0.500675 0.000000 0.865635 0.246482 0.246482 0.246482
1749.439453 0.000000 2846.118164 0.000000 0.386740 0.000000 -0.922189 0.864091 0.864091 0.864091
1749.055420 0.000000 2850.291504 0.000000 0.886860 0.000000 0.462038 0.624458 0.624458 0.624458
1748.661621 0.000000 2852.561035 0.000000 0.895246 0.000000 -0.445573 0.809760 0.809760 0.809760
1730.881348 0.000000 2859.424561 0.000000 0.625428 0.000000 0.780282 0.548264 0.548264 0.548264
1730.613159 0.000000 2831.844482 0.000000 0.404597 0.000000 0.914495 0.526524 0.526524 0.526524
1780.157593 0.000000 2817.799072 0.000000 0.852890 0.000000 -0.522090 0.778716 0.778716 0.778716
1757.891602 0.000000 2842.170166 0.000000 0.299276 0.000000 0.954166 0.285992 0.285992 0.285992
1759.411743 0.000000 2820.411133 0.000000 0.950872 0.000000 -0.309584 0.788010 0.788010 0.788010
1745.595947 0.000000 2861.158447 0.000000 0.403648 0.000000 0.914914 0.302262 0.302262 0.302262
1764.115601 0.000000 2822.199951 0.000000 0.687672 0.000000 -0.726022 0.816435 0.816435 0.816435
1735.977417 0.000000 2829.553955 0.000000 0.338347 0.000000 -0.941021 1.068407 1.068407 1.068407
1731.104858 0.000000 2815.392090 0.000000 0.760873 0.000000 0.648901 0.597575 0.597575 0.597575
1735.959961 0.000000 2860.323486 0.000000 0.979991 0.000000 -0.199043 0.767935 0.767935 0.767935
1748.489624 0.000000 2848.454102 0.000000 0.089233 0.000000 0.996011 0.459228 0.459228 0.459228
1777.600098 0.000000 2845.217285 0.000000 0.350785 0.000000 0.936456 0.369475 0.369475 0.369475
1783.570801 0.000000 2841.033936 0.000000 0.212656 0.000000 -0.977127 0.894390 0.894390 0.894390
1775.311035 0.000000 2856.039062 0.000000 0.380209 0.000000 -0.924901 1.090002 1.090002 1.090002
1758.852905 0.000000 2816.802734 0.000000 0.067850 0.000000 0.997696 0.030260 0.030260 0.030260
1761.538330 0.000000 2838.347168 0.000000 0.742163 0.000000 0.670219 0.456115 0.456115 0.456115
1743.589478 0.000000 2843.271973 0.000000 0.957294 0.000000 0.289115 0.611838 0.611838 0.611838
1781.378906 0.000000 2827.487549 0.000000 0.966511 0.000000 -0.256626 0.767125 0.767125 0.767125
1750.383423 0.000000 2821.712158 0.000000 0.656091 0.000000 0.754682 0.547563 0.547563 0.547563
1729.400024 0.000000 2832.569092 0.000000 0.670590 0.000000 -0.741829 0.967293 0.967293 0.967293
1773.918091 0.000000 2871.137451 0.000000 0.010241 0.000000 0.999948 0.296374 0.296374 0.296374
1759.514160 0.000000 2847.077148 0.000000 0.249829 0.000000 0.968290 0.126347 0.126347 0.126347
1751.749146 0.000000 2852.290039 0.000000 0.985224 0.000000 0.171273 0.663904 0.663904 0.663904
1773.755127 0.000000 2844.182617 0.000000 0.050819 0.000000 -0.998708 1.289687 1.289687 1.289687
1751.505615 0.000000 2857.064453 0.000000 0.142502 0.000000 -0.989795 1.134167 1.134167 1.134167
1778.505737 0.000000 2832.593994 0.000000 0.777494 0.000000 -0.628890 0.812915 0.812915 0.812915
1751.860718 0.000000 2854.895508 0.000000 0.769203 0.000000 0.639004 0.462560 0.462560 0.462560
1755.707153 0.000000 2824.377441 0.000000 0.998499 0.000000 0.054778 0.675577 0.675577 0.675577
1750.732666 0.000000 2816.609619 0.000000 0.931058 0.000000 0.364871 0.616453 0.616453 0.616453
1749.458130 0.000000 2818.293213 0.000000 0.421882 0.000000 -0.906651 0.914271 0.914271 0.914271
1753.189575 0.000000 2824.082031 0.000000 0.351977 0.000000 0.936009 0.329609 0.329609 0.329609
1767.061035 0.000000 2825.814941 0.000000 0.377669 0.000000 -0.925941 0.913035 0.913035 0.913035
1754.040771 0.000000 2818.385254 0.000000 0.924029 0.000000 0.382322 0.545056 0.545056 0.545056
1743.654663 0.000000 2861.961670 0.000000 0.821482 0.000000 0.570235 0.464587 0.464587 0.464587
1767.797974 0.000000 2858.448242 0.000000 0.408441 0.000000 -0.912785 0.888922 0.888922 0.888922
1737.445435 0.000000 2858.477295 0.000000 0.922938 0.000000 -0.384949 0.760769 0.760769 0.760769
1772.573730 0.000000 2845.184082 0.000000 0.999026 0.000000 0.044119 0.682878 0.682878 0.682878
1754.512573 0.000000 2855.738770 0.000000 0.814636 0.000000 -0.579973 0.799472 0.799472 0.799472
1759.945312 0.000000 2815.722900 0.000000 0.584371 0.000000 0.811487 0.436947 0.436947 0.436947
1746.891357 0.000000 2846.550293 0.000000 0.707609 0.000000 -0.706604 0.993460 0.993460 0.993460
1759.617310 0.000000 2822.499756 0.000000 0.985848 0.000000 -0.167641 0.757105 0.757105 0.757105
1747.806152 0.000000 2856.872314 0.000000 0.264109 0.000000 -0.964493 1.176103 1.176103 1.176103
1768.814453 0.000000 2848.428467 0.000000 0.435589 0.000000 0.900146 0.478805 0.478805 0.478805
1761.364380 0.000000 2818.497559 0.000000 0.915449 0.000000 -0.402434 0.841142 0.841142 0.841142
1770.038574 0.000000 2857.748047 0.000000 0.757281 0.000000 -0.653089 0.953711 0.953711 0.953711
1782.512451 0.000000 2817.398193 0.000000 0.915437 0.000000 -0.402462 0.879517 0.879517 0.879517
1769.404785 0.000000 2827.514893 0.000000 0.670372 0.000000 -0.742026 0.914786 0.914786 0.914786
1747.453369 0.000000 2841.404053 0.000000 0.104240 0.000000 -0.994552 1.353463 1.353463 1.353463
1747.604248 0.000000 2844.068359 0.000000 0.841549 0.000000 0.540181 0.496558 0.496558 0.496558
1747.109863 0.000000 2854.893799 0.000000 0.244941 0.000000 0.969538 0.188906 0.188906 0.188906
1753.754639 0.000000 2858.114990 0.000000 0.907743 0.000000 -0.419526 0.879307 0.879307 0.879307
1764.490112 0.000000 2873.332031 0.000000 0.770603 0.000000 0.637315 0.497124 0.497124 0.497124
1778.572998 0.000000 2871.202393 0.000000 0.280417 0.000000 -0.959878 1.109206 1.109206 1.109206
1778.569580 0.000000 2842.849609 0.000000 0.815423 0.000000 0.578866 0.483151 0.483151 0.483151
1760.148438 0.000000 2835.983887 0.000000 0.845298 0.000000 -0.534295 0.938386 0.938386 0.938386
1755.433716 0.000000 2825.810303 0.000000 0.846339 0.000000 -0.532645 0.950322 0.950322 0.950322
1770.521729 0.000000 2859.043457 0.000000 0.825464 0.000000 0.564455 0.564788 0.564788 0.564788
1770.851074 0.000000 2856.572021 0.000000 0.673799 0.000000 -0.738915 0.996421 0.996421 0.996421
1784.866577 0.000000 2816.852051 0.000000 0.159916 0.000000 0.987131 0.470808 0.470808 0.470808
1763.931519 0.000000 2847.788330 0.000000 0.297986 0.000000 0.954570 0.199114 0.199114 0.199114
1752.068726 0.000000 2835.964355 0.000000 0.663900 0.000000 -0.747822 1.010026 1.010026 1.010026
1754.584229 0.000000 2816.641113 0.000000 0.084824 0.000000 -0.996396 1.362154 1.362154 1.362154
1758.629150 0.000000 2835.447021 0.000000 0.976805 0.000000 -0.214131 0.780329 0.780329 0.780329
1756.535522 0.000000 2835.749512 0.000000 0.793262 0.000000 -0.608881 0.973429 0.973429 0.973429
1761.035156 0.000000 2834.955566 0.000000 0.384063 0.000000 0.923307 0.202396 0.202396 0.202396
1789.560547 0.000000 2834.804199 0.000000 0.377963 0.000000 -0.925821 1.175581 1.175581 1.175581
1755.201294 0.000000 2840.849609 0.000000 0.110279 0.000000 -0.993901 1.141493 1.141493 1.141493
1766.417969 0.000000 2858.161377 0.000000 0.895849 0.000000 -0.444359 0.775641 0.775641 0.775641
1789.261353 0.000000 2854.296631 0.000000 0.835958 0.000000 -0.548794 0.793399 0.793399 0.793399
1738.676514 0.000000 2818.254395 0.000000 0.265947 0.000000 0.963988 0.192748 0.192748 0.192748
1770.079590 0.000000 2846.291748 0.000000 0.208462 0.000000 -0.978031 1.085252 1.085252 1.085252
1784.633545 0.000000 2847.444092 0.000000 0.666260 0.000000 -0.745719 1.058873 1.058873 1.058873
1755.967651 0.000000 2816.554932 0.000000 0.183068 0.000000 0.983100 0.082044 0.082044 0.082044
1751.326050 0.000000 2859.549072 0.000000 0.687217 0.000000 -0.726452 0.843525 0.843525 0.843525
1741.393799 0.000000 2818.057373 0.000000 0.790170 0.000000 0.612888 0.447515 0.447515 0.447515
1765.906128 0.000000 2871.375977 0.000000 0.912856 0.000000 0.408282 0.544183 0.544183 0.544183
1778.911133 0.000000 2872.538330 0.000000 0.040360 0.000000 -0.999185 1.192116 1.192116 1.192116
1763.917725 0.000000 2870.333740 0.000000 0.915257 0.000000 0.402870 0.544203 0.544203 0.544203
1759.905273 0.000000 2840.479980 0.000000 0.877356 0.000000 -0.479839 0.846061 0.846061 0.846061
1731.828491 0.000000 2838.783447 0.000000 0.842281 0.000000 0.539038 0.481124 0.481124 0.481124
1752.245239 0.000000 2817.888428 0.000000 0.346222 0.000000 -0.938153 1.140342 1.140342 1.140342
1751.464355 0.000000 2819.203857 0.000000 0.741457 0.000000 0.671000 0.372211 0.372211 0.372211
1768.248047 0.000000 2870.151367 0.000000 0.462925 0.000000 0.886398 0.254464 0.254464 0.254464
1741.378540 0.000000 2861.181396 0.000000 0.967788 0.000000 0.251767 0.603485 0.603485 0.603485
1730.337891 0.000000 2837.196289 0.000000 0.611961 0.000000 -0.790888 0.967834 0.967834 0.967834
1782.415405 0.000000 2819.439697 0.000000 0.911024 0.000000 0.412353 0.627207 0.627207 0.627207
1759.465820 0.000000 2874.368652 0.000000 0.868671 0.000000 -0.495389 0.792386 0.792386 0.792386
1779.012085 0.000000 2828.742432 0.000000 0.628230 0.000000 0.778027 0.536409 0.536409 0.536409
1786.077026 0.000000 2851.850342 0.000000 0.795770 0.000000 -0.605599 0.941009 0.941009 0.941009
1743.617065 0.000000 2859.415039 0.000000 0.680648 0.000000 -0.732611 1.006033 1.006033 1.006033
1768.151733 0.000000 2856.012695 0.000000 0.956179 0.000000 -0.292783 0.809566 0.809566 0.809566
1745.738159 0.000000 2839.254150 0.000000 0.986851 0.000000 -0.161631 0.731492 0.731492 0.731492
1742.925781 0.000000 2846.482910 0.000000 0.986774 0.000000 0.162102 0.659595 0.659595 0.659595
1791.265137 0.000000 2856.164795 0.000000 0.684734 0.000000 0.728793 0.488804 0.488804 0.488804
1768.700562 0.000000 2857.453613 0.000000 0.872321 0.000000 0.488933 0.511623 0.511623 0.511623
1772.296753 0.000000 2846.956787 0.000000 0.997704 0.000000 0.067721 0.681287 0.681287 0.681287
1791.266235 0.000000 2854.866943 0.000000 0.742953 0.000000 -0.669343 0.880698 0.880698 0.880698
1744.718506 0.000000 2848.326904 0.000000 0.725208 0.000000 -0.688530 1.009242 1.009242 1.009242
1757.384888 0.000000 2840.516846 0.000000 0.825629 0.000000 -0.564213 0.902195 0.902195 0.902195
1769.710938 0.000000 2869.589844 0.000000 0.158580 0.000000 -0.987346 1.116888 1.116888 1.116888
1751.549927 0.000000 2878.789795 0.000000 0.923826 0.000000 -0.382814 0.821514 0.821514 0.821514
1761.132202 0.000000 2832.051270 0.000000 0.563855 0.000000 0.825874 0.531877 0.531877 0.531877
1747.999390 0.000000 2845.587646 0.000000 0.974702 0.000000 0.223510 0.619638 0.619638 0.619638
1759.564453 0.000000 2850.419922 0.000000 0.805180 0.000000 0.593030 0.538028 0.538028 0.538028
1766.145996 0.000000 2849.234863 0.000000 0.828334 0.000000 0.560235 0.517095 0.517095 0.517095
1768.142334 0.000000 2850.515381 0.000000 0.598117 0.000000 -0.801409 1.085039 1.085039 1.085039
1770.299927 0.000000 2851.375244 0.000000 0.566808 0.000000 -0.823850 0.892883 0.892883 0.892883
1779.727173 0.000000 2874.389648 0.000000 0.904909 0.000000 0.425606 0.607037 0.607037 0.607037
1761.826538 0.000000 2841.692139 0.000000 0.182109 0.000000 -0.983278 1.163187 1.163187 1.163187
1755.182129 0.000000 2842.123047 0.000000 0.651245 0.000000 -0.758867 0.960481 0.960481 0.960481
1747.135132 0.000000 2852.240234 0.000000 0.468508 0.000000 0.883459 0.323298 0.323298 0.323298
1765.790283 0.000000 2825.178711 0.000000 0.859223 0.000000 0.511601 0.559220 0.559220 0.559220
1746.247803 0.000000 2850.246582 0.000000 0.940477 0.000000 0.339857 0.549106 0.549106 0.549106
1749.780273 0.000000 2855.054688 0.000000 0.869459 0.000000 0.494005 0.607898 0.607898 0.607898
1759.171753 0.000000 2878.034668 0.000000 0.999153 0.000000 -0.041139 0.714455 0.714455 0.714455
1736.710938 0.000000 2861.854736 0.000000 0.966475 0.000000 -0.256761 0.807095 0.807095 0.807095
1766.390381 0.000000 2816.568848 0.000000 0.843110 0.000000 -0.537741 0.902409 0.902409 0.902409
1749.979858 0.000000 2852.926270 0.000000 0.899182 0.000000 -0.437576 0.807641 0.807641 0.807641
1741.238525 0.000000 2821.156982 0.000000 0.520775 0.000000 -0.853694 1.062932 1.062932 1.062932
1749.432739 0.000000 2839.648438 0.000000 0.090090 0.000000 0.995934 0.040201 0.040201 0.040201
1780.806519 0.000000 2870.237549 0.000000 0.509668 0.000000 0.860371 0.294450 0.294450 0.294450
1775.160034 0.000000 2845.309570 0.000000 0.647404 0.000000 -0.762147 1.028646 1.028646 1.028646
1746.124146 0.000000 2853.635254 0.000000 0.711241 0.000000 0.702948 0.428902 0.428902 0.428902
1754.278564 0.000000 2836.629150 0.000000 0.973981 0.000000 -0.226628 0.789093 0.789093 0.789093
1760.897461 0.000000 2870.515137 0.000000 0.214894 0.000000 -0.976637 0.969792 0.969792 0.969792
1782.357178 0.000000 2844.771729 0.000000 0.996482 0.000000 0.083807 0.669061 0.669061 0.669061
1744.246704 0.000000 2855.294434 0.000000 0.764703 0.000000 -0.644383 0.960645 0.960645 0.960645
1762.295288 0.000000 2837.266846 0.000000 0.959508 0.000000 0.281680 0.644609 0.644609 0.644609
1762.255615 0.000000 2847.297363 0.000000 0.699302 0.000000 -0.714826 1.014532 1.014532 1.014532
1734.601318 0.000000 2816.548340 0.000000 0.973462 0.000000 -0.228847 0.766175 0.766175 0.766175
1756.344360 0.000000 2834.084961 0.000000 0.475313 0.000000 0.879817 0.250803 0.250803 0.250803
1736.531738 0.000000 2824.572021 0.000000 0.726133 0.000000 0.687555 0.432376 0.432376 0.432376
1756.087646 0.000000 2877.053467 0.000000 0.993181 0.000000 -0.116583 0.743087 0.743087 0.743087
1782.661011 0.000000 2846.384277 0.000000 0.290447 0.000000 -0.956891 0.947541 0.947541 0.947541
1754.983032 0.000000 2858.502197 0.000000 0.417383 0.000000 -0.908731 0.925170 0.925170 0.925170
1761.868286 0.000000 2823.988037 0.000000 0.732953 0.000000 -0.680279 0.873890 0.873890 0.873890
1742.065552 0.000000 2855.344727 0.000000 0.927420 0.000000 -0.374021 0.789769 0.789769 0.789769
1746.063477 0.000000 2877.537842 0.000000 0.250702 0.000000 0.968064 0.354662 0.354662 0.354662
1769.155884 0.000000 2826.253418 0.000000 0.144785 0.000000 0.989463 0.333796 0.333796 0.333796
1746.381470 0.000000 2843.774170 0.000000 0.574180 0.000000 -0.818729 0.933002 0.933002 0.933002
1770.027954 0.000000 2868.098145 0.000000 0.914548 0.000000 0.404477 0.571196 0.571196 0.571196
1738.648315 0.000000 2860.267822 0.000000 0.954463 0.000000 -0.298328 0.828118 0.828118 0.828118
1763.779663 0.000000 2877.422119 0.000000 0.113676 0.000000 0.993518 0.195890 0.195890 0.195890
1761.457886 0.000000 2848.688232 0.000000 0.746654 0.000000 -0.665212 0.908584 0.908584 0.908584
1751.564941 0.000000 2849.611816 0.000000 0.376156 0.000000 0.926556 0.476315 0.476315 0.476315
1778.604370 0.000000 2844.199219 0.000000 0.948853 0.000000 -0.315719 0.769607 0.769607 0.769607
1787.648071 0.000000 2850.886719 0.000000 0.486474 0.000000 0.873695 0.306265 0.306265 0.306265
1759.098267 0.000000 2844.824463 0.000000 0.704677 0.000000 0.709529 0.436698 0.436698 0.436698
1767.057129 0.000000 2853.094482 0.000000 0.275007 0.000000 0.961442 0.444820 0.444820 0.444820
1770.736938 0.000000 2854.291992 0.000000 0.674072 0.000000 0.738666 0.377568 0.377568 0.377568
1746.013550 0.000000 2848.659912 0.000000 0.269155 0.000000 0.963097 0.135055 0.135055 0.135055
1758.362061 0.000000 2839.680908 0.000000 0.741895 0.000000 0.670516 0.420021 0.420021 0.420021
1771.222778 0.000000 2847.548584 0.000000 0.489858 0.000000 0.871802 0.400225 0.400225 0.400225
1786.299194 0.000000 2849.230225 0.000000 0.713916 0.000000 -0.700231 0.872166 0.872166 0.872166
1788.736206 0.000000 2837.333252 0.000000 0.046652 0.000000 -0.998911 1.365885 1.365885 1.365885
1765.961670 0.000000 2873.957275 0.000000 0.396108 0.000000 0.918204 0.358397 0.358397 0.358397
1736.984009 0.000000 2826.660400 0.000000 0.658788 0.000000 0.752329 0.330920 0.330920 0.330920
1781.469238 0.000000 2873.303467 0.000000 0.347393 0.000000 -0.937720 1.127140 1.127140 1.127140
1753.298340 0.000000 2860.589355 0.000000 0.826355 0.000000 -0.563150 0.913260 0.913260 0.913260
1739.525024 0.000000 2817.248779 0.000000 0.401620 0.000000 0.915807 0.390504 0.390504 0.390504
1780.177734 0.000000 2827.413086 0.000000 0.629533 0.000000 0.776974 0.469848 0.469848 0.469848
1762.556519 0.000000 2877.554443 0.000000 0.709588 0.000000 -0.704617 0.970548 0.970548 0.970548
1752.784180 0.000000 2850.178223 0.000000 0.918075 0.000000 -0.396407 0.870243 0.870243 0.870243
1732.762329 0.000000 2858.390381 0.000000 0.977448 0.000000 0.211175 0.614475 0.614475 0.614475
1770.239380 0.000000 2855.478027 0.000000 0.145475 0.000000 -0.989362 1.252772 1.252772 1.252772
1778.586426 0.000000 2831.330322 0.000000 0.943830 0.000000 0.330432 0.564052 0.564052 0.564052
1781.806885 0.000000 2868.842529 0.000000 0.777326 0.000000 -0.629098 0.961589 0.961589 0.961589
1734.121216 0.000000 2856.400391 0.000000 0.727694 0.000000 0.685902 0.435821 0.435821 0.435821
1745.412842 0.000000 2858.147949 0.000000 0.725762 0.000000 -0.687945 0.953230 0.953230 0.953230
1734.256104 0.000000 2834.467773 0.000000 0.038174 0.000000 -0.999271 1.254422 1.254422 1.254422
1765.006592 0.000000 2849.606445 0.000000 0.439267 0.000000 -0.898357 1.181731 1.181731 1.181731
1786.565430 0.000000 2852.915039 0.000000 0.460511 0.000000 0.887654 0.318249 0.318249 0.318249
1766.047119 0.000000 2856.910400 0.000000 0.808778 0.000000 -0.588113 0.968095 0.968095 0.968095
1742.249878 0.000000 2847.813477 0.000000 0.899104 0.000000 0.437735 0.587566 0.587566 0.587566
1755.997192 0.000000 2819.978027 0.000000 0.339637 0.000000 0.940557 0.216471 0.216471 0.216471
1731.355469 0.000000 2836.042236 0.000000 0.791596 0.000000 -0.611045 0.893003 0.893003 0.893003
1760.433228 0.000000 2824.318115 0.000000 0.086855 0.000000 -0.996221 1.236776 1.236776 1.236776
1759.872925 0.000000 2848.190186 0.000000 0.420602 0.000000 -0.907245 1.073454 1.073454 1.073454
1752.601440 0.000000 2859.554199 0.000000 0.328512 0.000000 -0.944500 1.211952 1.211952 1.211952
1751.946533 0.000000 2816.734863 0.000000 0.996476 0.000000 -0.083876 0.718784 0.718784 0.718784
1735.203003 0.000000 2855.812256 0.000000 0.825665 0.000000 -0.564160 0.846654 0.846654 0.846654
1757.052246 0.000000 2822.113770 0.000000 0.474427 0.000000 -0.880295 1.177836 1.177836 1.177836
1735.799805 0.000000 2832.799316 0.000000 0.551057 0.000000 0.834468 0.372220 0.372220 0.372220
1738.000977 0.000000 2816.195068 0.000000 0.905715 0.000000 -0.423888 0.817041 0.817041 0.817041
1784.479370 0.000000 2853.695312 0.000000 0.952895 0.000000 -0.303302 0.788319 0.788319 0.788319
1748.869263 0.000000 2837.850830 0.000000 0.701913 0.000000 0.712263 0.382757 0.382757 0.382757
1734.399414 0.000000 2833.124023 0.000000 0.846001 0.000000 -0.533182 0.886726 0.886726 0.886726
1772.453735 0.000000 2858.486816 0.000000 0.837726 0.000000 -0.546091 0.842348 0.842348 0.842348
1753.849243 0.000000 2834.401855 0.000000 0.819532 0.000000 0.573034 0.476060 0.476060 0.476060
1757.557007 0.000000 2821.070557 0.000000 0.999158 0.000000 0.041023 0.691395 0.691395 0.691395
1742.037354 0.000000 2842.825195 0.000000 0.959293 0.000000 0.282413 0.613940 0.613940 0.613940
1757.482056 0.000000 2878.839844 0.000000 0.998803 0.000000 0.048907 0.687858 0.687858 0.687858
1736.871216 0.000000 2818.150146 0.000000 0.458837 0.000000 0.888520 0.330974 0.330974 0.330974
1771.352295 0.000000 2870.087402 0.000000 0.226030 0.000000 0.974120 0.326883 0.326883 0.326883
1734.336304 0.000000 2862.469971 0.000000 0.044225 0.000000 0.999022 0.259815 0.259815 0.259815
1743.037476 0.000000 2858.392334 0.000000 0.789752 0.000000 0.613427 0.454179 0.454179 0.454179
1739.159668 0.000000 2823.849609 0.000000 0.172856 0.000000 0.984947 0.321568 0.321568 0.321568
1758.034546 0.000000 2847.796631 0.000000 0.506329 0.000000 0.862340 0.247501 0.247501 0.247501
1757.957397 0.000000 2837.929932 0.000000 0.970789 0.000000 0.239933 0.592871 0.592871 0.592871
1753.760254 0.000000 2849.105713 0.000000 0.923589 0.000000 -0.383385 0.873276 0.873276 0.873276
1750.261841 0.000000 2857.322754 0.000000 0.350885 0.000000 -0.936419 1.068630 1.068630 1.068630
1733.566284 0.000000 2859.403076 0.000000 0.882007 0.000000 -0.471236 0.897230 0.897230 0.897230
1734.987793 0.000000 2817.665283 0.000000 0.570157 0.000000 -0.821536 0.976315 0.976315 0.976315
1764.251587 0.000000 2879.213867 0.000000 0.999960 0.000000 -0.008921 0.702245 0.702245 0.702245
1751.971924 0.000000 2856.030518 0.000000 0.527368 0.000000 0.849637 0.391269 0.391269 0.391269
1744.840210 0.000000 2842.668945 0.000000 0.570946 0.000000 -0.820988 1.019801 1.019801 1.019801
1780.903931 0.000000 2874.301758 0.000000 0.269605 0.000000 -0.962971 1.164948 1.164948 1.164948
1771.985718 0.000000 2856.483154 0.000000 0.000220 0.000000 1.000000 0.140078 0.140078 0.140078
1741.275024 0.000000 2863.816162 0.000000 0.926023 0.000000 -0.377466 0.798080 0.798080 0.798080
1759.021973 0.000000 2819.344238 0.000000 0.728176 0.000000 0.685390 0.451902 0.451902 0.451902
1736.401245 0.000000 2833.761719 0.000000 0.563737 0.000000 -0.825954 0.968357 0.968357 0.968357
1731.700073 0.000000 2833.839355 0.000000 0.137102 0.000000 -0.990557 1.203454 1.203454 1.203454
1736.251953 0.000000 2825.704102 0.000000 0.995995 0.000000 -0.089413 0.731606 0.731606 0.731606
1744.026855 0.000000 2853.248291 0.000000 0.019371 0.000000 -0.999812 1.293762 1.293762 1.293762
1771.867676 0.000000 2849.500244 0.000000 0.720863 0.000000 -0.693077 0.999759 0.999759 0.999759
1759.372070 0.000000 2851.981445 0.000000 0.999875 0.000000 0.015829 0.695961 0.695961 0.695961
1785.158936 0.000000 2855.864990 0.000000 0.887622 0.000000 0.460572 0.557801 0.557801 0.557801
1746.906494 0.000000 2839.039307 0.000000 0.637331 0.000000 -0.770590 1.092054 1.092054 1.092054
1764.302124 0.000000 2816.539307 0.000000 0.960565 0.000000 -0.278056 0.821627 0.821627 0.821627
1746.738892 0.000000 2858.840332 0.000000 0.882127 0.000000 0.471012 0.580009 0.580009 0.580009
1782.352661 0.000000 2842.027100 0.000000 0.879051 0.000000 -0.476727 0.861527 0.861527 0.861527
1746.694458 0.000000 2876.170898 0.000000 0.999994 0.000000 -0.003515 0.700921 0.700921 0.700921
1782.939087 0.000000 2843.572998 0.000000 0.945670 0.000000 0.325129 0.592360 0.592360 0.592360
1743.572144 0.000000 2857.310059 0.000000 0.437126 0.000000 -0.899400 0.981447 0.981447 0.981447
1749.307983 0.000000 2877.373535 0.000000 0.049370 0.000000 0.998781 0.146973 0.146973 0.146973
1757.686279 0.000000 2826.086426 0.000000 0.714849 0.000000 -0.699279 0.884050 0.884050 0.884050
1767.057861 0.000000 2818.080078 0.000000 0.976047 0.000000 0.217561 0.630628 0.630628 0.630628
1733.451416 0.000000 2860.510742 0.000000 0.871619 0.000000 0.490185 0.574659 0.574659 0.574659
1768.421875 0.000000 2871.327393 0.000000 0.884278 0.000000 0.466960 0.501319 0.501319 0.501319
1760.924194 0.000000 2876.434814 0.000000 0.683958 0.000000 -0.729521 0.968626 0.968626 0.968626
1747.874268 0.000000 2857.973633 0.000000 0.234452 0.000000 -0.972128 1.187289 1.187289 1.187289
1752.525024 0.000000 2878.169922 0.000000 0.842784 0.000000 -0.538251 0.900638 0.900638 0.900638
1744.015747 0.000000 2844.322998 0.000000 0.586263 0.000000 0.810120 0.341875 0.341875 0.341875
1766.306885 0.000000 2870.304688 0.000000 0.512813 0.000000 -0.858500 1.136591 1.136591 1.136591
1755.384521 0.000000 2818.918945 0.000000 0.488717 0.000000 0.872442 0.281279 0.281279 0.281279
1790.242554 0.000000 2836.677979 0.000000 0.776076 0.000000 -0.630639 0.887224 0.887224 0.887224
1754.395508 0.000000 2860.515869 0.000000 0.907282 0.000000 0.420523 0.586227 0.586227 0.586227
1759.703735 0.000000 2818.011230 0.000000 0.855289 0.000000 -0.518151 0.878955 0.878955 0.878955
1790.279785 0.000000 2873.904785 0.000000 0.952100 0.000000 0.305785 0.608762 0.608762 0.608762
1762.233154 0.000000 2879.070801 0.000000 0.968173 0.000000 -0.250280 0.812732 0.812732 0.812732
1777.518311 0.000000 2842.489258 0.000000 0.912008 0.000000 0.410173 0.564096 0.564096 0.564096
1753.077026 0.000000 2836.568604 0.000000 0.574996 0.000000 -0.818156 1.116958 1.116958 1.116958
1730.606934 0.000000 2857.598633 0.000000 0.516521 0.000000 -0.856274 1.025173 1.025173 1.025173
1751.174194 0.000000 2838.114258 0.000000 0.993784 0.000000 0.111329 0.650285 0.650285 0.650285
1735.011108 0.000000 2859.123047 0.000000 0.658254 0.000000 -0.752796 1.058961 1.058961 1.058961
1758.649902 0.000000 2823.019775 0.000000 0.720674 0.000000 -0.693274 0.959705 0.959705 0.959705
1729.222046 0.000000 2836.468506 0.000000 0.689561 0.000000 0.724228 0.486276 0.486276 0.486276
1753.653076 0.000000 2819.819092 0.000000 0.926196 0.000000 -0.377044 0.872283 0.872283 0.872283
1735.123169 0.000000 2854.660645 0.000000 0.802925 0.000000 0.596080 0.543757 0.543757 0.543757
1742.626831 0.000000 2861.387939 0.000000 0.285786 0.000000 0.958293 0.203030 0.203030 0.203030
1735.803467 0.000000 2834.889893 0.000000 0.980051 0.000000 -0.198744 0.772378 0.772378 0.772378
1765.538696 0.000000 2824.103027 0.000000 0.931997 0.000000 -0.362466 0.797230 0.797230 0.797230
1766.153320 0.000000 2851.531006 0.000000 0.814504 0.000000 0.580158 0.500982 0.500982 0.500982
1764.097046 0.000000 2848.884277 0.000000 0.513739 0.000000 -0.857946 1.145146 1.145146 1.145146
1783.762451 0.000000 2816.791748 0.000000 0.895473 0.000000 -0.445117 0.899930 0.899930 0.899930
1757.642212 0.000000 2876.724854 0.000000 0.974674 0.000000 -0.223630 0.783165 0.783165 0.783165
1749.651611 0.000000 2878.923584 0.000000 0.810823 0.000000 0.585292 0.436669 0.436669 0.436669
1738.958740 0.000000 2821.597900 0.000000 0.904068 0.000000 -0.427389 0.885989 0.885989 0.885989
1756.472534 0.000000 2817.843018 0.000000 0.916933 0.000000 -0.399042 0.882920 0.882920 0.882920
1791.392212 0.000000 2834.728516 0.000000 0.967897 0.000000 -0.251347 0.783030 0.783030 0.783030
1753.275024 0.000000 2825.247559 0.000000 0.681457 0.000000 0.731858 0.448902 0.448902 0.448902
1731.409058 0.000000 2854.525879 0.000000 0.917764 0.000000 0.397126 0.572250 0.572250 0.572250
1733.763672 0.000000 2854.126221 0.000000 0.547153 0.000000 0.837032 0.315203 0.315203 0.315203
1732.338501 0.000000 2815.563721 0.000000 0.146210 0.000000 0.989254 0.065390 0.065390 0.065390
1734.188110 0.000000 2831.241699 0.000000 0.988150 0.000000 0.153492 0.640484 0.640484 0.640484
1773.173340 0.000000 2846.349854 0.000000 0.478277 0.000000 0.878209 0.403972 0.403972 0.403972
1784.503052 0.000000 2850.103271 0.000000 0.701588 0.000000 0.712583 0.500396 0.500396 0.500396
1763.277222 0.000000 2816.990967 0.000000 0.930651 0.000000 -0.365908 0.831587 0.831587 0.831587
1766.930420 0.000000 2826.915527 0.000000 0.956435 0.000000 0.291946 0.616644 0.616644 0.616644
1754.431030 0.000000 2826.210449 0.000000 0.813608 0.000000 -0.581414 0.858310 0.858310 0.858310
1755.958374 0.000000 2848.522217 0.000000 0.995459 0.000000 -0.095190 0.734487 0.734487 0.734487
1767.057251 0.000000 2856.030518 0.000000 0.813470 0.000000 0.581607 0.435326 0.435326 0.435326
1737.626587 0.000000 2829.283447 0.000000 0.879287 0.000000 -0.476292 0.852690 0.852690 0.852690
1734.532959 0.000000 2861.218750 0.000000 0.999985 0.000000 -0.005550 0.701882 0.701882 0.701882
1757.752930 0.000000 2816.075195 0.000000 0.867328 0.000000 0.497737 0.467830 0.467830 0.467830
1745.733154 0.000000 2844.635742 0.000000 0.093766 0.000000 -0.995594 1.260075 1.260075 1.260075
1739.599731 0.000000 2862.121826 0.000000 0.388503 0.000000 0.921448 0.308870 0.308870 0.308870
1733.131592 0.000000 2855.857910 0.000000 0.575763 0.000000 0.817617 0.328618 0.328618 0.328618
1728.927124 0.000000 2833.564941 0.000000 0.312774 0.000000 0.949828 0.299382 0.299382 0.299382
1768.998047 0.000000 2855.343994 0.000000 0.543137 0.000000 0.839644 0.306378 0.306378 0.306378
1729.562378 0.000000 2837.951416 0.000000 0.688301 0.000000 0.725425 0.485817 0.485817 0.485817
1757.726685 0.000000 2836.049805 0.000000 0.164820 0.000000 -0.986324 1.321302 1.321302 1.321302
1747.194946 0.000000 2855.958984 0.000000 0.985600 0.000000 -0.169092 0.765621 0.765621 0.765621
1741.076538 0.000000 2831.911621 0.000000 0.805614 0.000000 0.592441 0.485025 0.485025 0.485025
1774.883789 0.000000 2844.276123 0.000000 0.032925 0.000000 -0.999458 1.283198 1.283198 1.283198
1756.163818 0.000000 2842.666260 0.000000 0.581924 0.000000 -0.813243 1.010361 1.010361 1.010361
1746.943726 0.000000 2851.086426 0.000000 0.936762 0.000000 -0.349968 0.855581 0.855581 0.855581
1759.161011 0.000000 2821.485596 0.000000 0.438639 0.000000 0.898663 0.387752 0.387752 0.387752
1742.991211 0.000000 2844.727783 0.000000 0.976272 0.000000 -0.216546 0.757218 0.757218 0.757218
1754.959473 0.000000 2835.843750 0.000000 0.516464 0.000000 0.856309 0.241853 0.241853 0.241853
1744.683838 0.000000 2859.188232 0.000000 0.794838 0.000000 -0.606822 0.917649 0.917649 0.917649
1739.993530 0.000000 2823.180176 0.000000 0.729752 0.000000 -0.683712 0.903925 0.903925 0.903925
1740.690796 0.000000 2861.973877 0.000000 0.318181 0.000000 -0.948030 1.172889 1.172889 1.172889
1760.538940 0.000000 2846.561768 0.000000 0.009920 0.000000 0.999951 0.165359 0.165359 0.165359
1756.848389 0.000000 2824.381836 0.000000 0.842786 0.000000 0.538249 0.446720 0.446720 0.446720
1776.247314 0.000000 2843.212891 0.000000 0.319758 0.000000 0.947499 0.299560 0.299560 0.299560
1763.226807 0.000000 2871.979492 0.000000 0.531848 0.000000 -0.846840 1.079493 1.079493 1.079493
1745.670898 0.000000 2840.621338 0.000000 0.871818 0.000000 -0.489829 0.905753 0.905753 0.905753
1781.173706 0.000000 2829.423828 0.000000 0.919387 0.000000 0.393355 0.565057 0.565057 0.565057
1785.685059 0.000000 2848.291504 0.000000 0.999794 0.000000 -0.020282 0.707338 0.707338 0.707338
1736.057495 0.000000 2827.808594 0.000000 0.837205 0.000000 0.546890 0.449215 0.449215 0.449215
1737.913086 0.000000 2822.841553 0.000000 0.402352 0.000000 0.915485 0.289645 0.289645 0.289645
1758.870239 0.000000 2845.846924 0.000000 0.858898 0.000000 0.512147 0.520528 0.520528 0.520528
1739.926392 0.000000 2815.330566 0.000000 0.527961 0.000000 -0.849269 0.981922 0.981922 0.981922
1750.715332 0.000000 2854.564941 0.000000 0.801458 0.000000 -0.598051 0.919582 0.919582 0.919582
1748.516357 0.000000 2836.195312 0.000000 0.954734 0.000000 -0.297461 0.820872 0.820872 0.820872
1761.386353 0.000000 2875.452881 0.000000 0.392012 0.000000 0.919960 0.314224 0.314224 0.314224
1780.764893 0.000000 2872.153076 0.000000 0.773281 0.000000 -0.634064 0.941248 0.941248 0.941248
1736.981689 0.000000 2816.512207 0.000000 0.999953 0.000000 0.009742 0.696987 0.696987 0.696987
1760.437744 0.000000 2820.230225 0.000000 0.317494 0.000000 0.948260 0.324958 0.324958 0.324958
1744.640625 0.000000 2861.625977 0.000000 0.360520 0.000000 -0.932752 1.113808 1.113808 1.113808
1782.540283 0.000000 2854.436768 0.000000 0.381359 0.000000 0.924427 0.345452 0.345452 0.345452
1746.015015 0.000000 2854.723145 0.000000 0.134848 0.000000 0.990866 0.145573 0.145573 0.145573
1735.232300 0.000000 2858.041748 0.000000 0.196583 0.000000 -0.980487 1.278232 1.278232 1.278232
1736.117188 0.000000 2821.599854 0.000000 0.368613 0.000000 -0.929583 1.102474 1.102474 1.102474
1765.218018 0.000000 2817.039062 0.000000 0.969075 0.000000 -0.246766 0.807629 0.807629 0.807629
1762.683105 0.000000 2875.633301 0.000000 0.985486 0.000000 -0.169757 0.749784 0.749784 0.749784
1744.724731 0.000000 2841.146973 0.000000 0.564860 0.000000 0.825187 0.309900 0.309900 0.309900
1736.038208 0.000000 2862.774902 0.000000 0.939499 0.000000 -0.342553 0.823424 0.823424 0.823424
1737.098145 0.000000 2821.198975 0.000000 0.105646 0.000000 -0.994404 1.194105 1.194105 1.194105
1731.143311 0.000000 2837.908936 0.000000 0.977109 0.000000 -0.212739 0.762940 0.762940 0.762940
1769.401367 0.000000 2853.326660 0.000000 0.128062 0.000000 0.991766 0.140408 0.140408 0.140408
1774.489258 0.000000 2859.287598 0.000000 0.910903 0.000000 -0.412620 0.817441 0.817441 0.817441
1781.558228 0.000000 2871.000000 0.000000 0.639673 0.000000 -0.768648 1.043201 1.043201 1.043201
1756.863281 0.000000 2838.039062 0.000000 0.739238 0.000000 0.673444 0.378487 0.378487 0.378487
1748.313354 0.000000 2877.133789 0.000000 1.000000 0.000000 -0.000135 0.700049 0.700049 0.700049
1735.960571 0.000000 2815.573730 0.000000 0.887043 0.000000 -0.461688 0.913858 0.913858 0.913858
1785.560425 0.000000 2849.949219 0.000000 0.389434 0.000000 0.921054 0.276471 0.276471 0.276471
1730.373291 0.000000 2854.246826 0.000000 0.692260 0.000000 0.721648 0.447813 0.447813 0.447813
1752.077637 0.000000 2843.508545 0.000000 0.799528 0.000000 -0.600629 0.957842 0.957842 0.957842
1738.048218 0.000000 2863.155518 0.000000 0.962444 0.000000 0.271481 0.608231 0.608231 0.608231
1790.665283 0.000000 2838.616455 0.000000 0.103743 0.000000 -0.994604 1.212694 1.212694 1.212694
1778.019653 0.000000 2870.315674 0.000000 0.673859 0.000000 -0.738860 0.964428 0.964428 0.964428
1746.125610 0.000000 2852.568604 0.000000 0.402091 0.000000 0.915600 0.297632 0.297632 0.297632
1743.086304 0.000000 2842.388428 0.000000 0.740105 0.000000 -0.672491 0.921702 0.921702 0.921702
1762.891479 0.000000 2873.952393 0.000000 0.336262 0.000000 0.941768 0.292303 0.292303 0.292303
1750.283936 0.000000 2837.491211 0.000000 0.636251 0.000000 0.771482 0.307322 0.307322 0.307322
1737.947632 0.000000 2828.304199 0.000000 0.715264 0.000000 -0.698855 0.938000 0.938000 0.938000
1745.125366 0.000000 2860.234863 0.000000 0.939455 0.000000 -0.342671 0.820413 0.820413 0.820413
1763.737671 0.000000 2825.492432 0.000000 0.992943 0.000000 0.118590 0.654714 0.654714 0.654714
1758.610229 0.000000 2849.967529 0.000000 0.175376 0.000000 -0.984501 1.158160 1.158160 1.158160
1787.747559 0.000000 2853.013428 0.000000 0.556971 0.000000 -0.830532 1.042548 1.042548 1.042548
1752.582275 0.000000 2839.669678 0.000000 0.949914 0.000000 0.312510 0.558362 0.558362 0.558362
1741.932983 0.000000 2819.541992 0.000000 0.642243 0.000000 -0.766501 1.034259 1.034259 1.034259
1768.456787 0.000000 2854.175781 0.000000 0.812979 0.000000 -0.582293 0.945482 0.945482 0.945482
1784.162598 0.000000 2855.859863 0.000000 0.081976 0.000000 0.996634 0.257715 0.257715 0.257715
1730.583374 0.000000 2839.597412 0.000000 0.483242 0.000000 0.875487 0.289987 0.289987 0.289987
1762.411743 0.000000 2815.368408 0.000000 0.954332 0.000000 0.298749 0.608278 0.608278 0.608278
1727.982056 0.000000 2842.311523 0.000000 0.868265 0.000000 0.496101 0.479557 0.479557 0.479557
1761.481079 0.000000 2821.027588 0.000000 0.885988 0.000000 0.463708 0.555066 0.555066 0.555066
1759.397827 0.000000 2839.504639 0.000000 0.992965 0.000000 0.118412 0.654782 0.654782 0.654782
1750.781006 0.000000 2839.274414 0.000000 0.984031 0.000000 -0.177997 0.779747 0.779747 0.779747
1757.784668 0.000000 2843.970947 0.000000 0.917630 0.000000 -0.397436 0.833569 0.833569 0.833569
1766.196533 0.000000 2815.587891 0.000000 0.224331 0.000000 0.974513 0.180717 0.180717 0.180717
1783.547852 0.000000 2854.547852 0.000000 0.433998 0.000000 0.900914 0.362783 0.362783 0.362783
1740.014282 0.000000 2819.378906 0.000000 0.400988 0.000000 -0.916083 1.143268 1.143268 1.143268
1756.959717 0.000000 2877.561279 0.000000 0.995713 0.000000 -0.092492 0.734154 0.734154 0.734154
1773.819458 0.000000 2857.432861 0.000000 0.778602 0.000000 0.627518 0.424966 0.424966 0.424966
1764.694214 0.000000 2870.922607 0.000000 0.985433 0.000000 -0.170064 0.763314 0.763314 0.763314
1789.517822 0.000000 2852.396973 0.000000 0.098787 0.000000 0.995109 0.195853 0.195853 0.195853
1752.908813 0.000000 2857.577148 0.000000 0.876503 0.000000 -0.481397 0.888710 0.888710 0.888710
1761.346558 0.000000 2839.439453 0.000000 0.387756 0.000000 0.921762 0.310649 0.310649 0.310649
1756.995117 0.000000 2845.492676 0.000000 0.441300 0.000000 -0.897359 1.104845 1.104845 1.104845
1738.906372 0.000000 2861.270264 0.000000 0.711656 0.000000 -0.702528 1.029427 1.029427 1.029427
1760.419556 0.000000 2878.158203 0.000000 0.896609 0.000000 0.442822 0.541265 0.541265 0.541265
1763.478271 0.000000 2824.153076 0.000000 0.250978 0.000000 0.967993 0.198218 0.198218 0.198218
1727.809937 0.000000 2836.699219 0.000000 0.219768 0.000000 0.975552 0.157689 0.157689 0.157689
1780.973755 0.000000 2843.081055 0.000000 0.568172 0.000000 -0.822910 1.098619 1.098619 1.098619
1779.670898 0.000000 2830.750244 0.000000 0.758336 0.000000 -0.651863 0.986637 0.986637 0.986637
1762.386963 0.000000 2816.382080 0.000000 0.005331 0.000000 -0.999986 1.249892 1.249892 1.249892
1737.692749 0.000000 2861.694824 0.000000 0.796241 0.000000 0.604980 0.432028 0.432028 0.432028
1750.487671 0.000000 2818.919922 0.000000 0.456598 0.000000 0.889673 0.211305 0.211305 0.211305
1785.997559 0.000000 2846.351318 0.000000 0.984408 0.000000 0.175899 0.624603 0.624603 0.624603
1734.328613 0.000000 2857.375977 0.000000 0.720214 0.000000 -0.693752 0.967969 0.967969 0.967969
1752.659180 0.000000 2851.243164 0.000000 0.214850 0.000000 0.976647 0.134363 0.134363 0.134363
1747.707397 0.000000 2850.327881 0.000000 0.146881 0.000000 -0.989154 1.319382 1.319382 1.319382
1737.197510 0.000000 2820.231689 0.000000 0.963171 0.000000 0.268889 0.608178 0.608178 0.608178
1788.360718 0.000000 2852.116211 0.000000 0.182552 0.000000 -0.983196 1.175158 1.175158 1.175158
1781.037964 0.000000 2868.011475 0.000000 0.945514 0.000000 -0.325581 0.827500 0.827500 0.827500
1736.994751 0.000000 2823.199219 0.000000 0.985028 0.000000 0.172395 0.638534 0.638534 0.638534
1781.451294 0.000000 2875.138184 0.000000 0.267617 0.000000 0.963525 0.234313 0.234313 0.234313
1784.238770 0.000000 2848.313232 0.000000 0.401863 0.000000 0.915700 0.281366 0.281366 0.281366
1755.621582 0.000000 2839.186279 0.000000 0.842400 0.000000 0.538852 0.509055 0.509055 0.509055
1760.953491 0.000000 2878.971924 0.000000 0.301634 0.000000 0.953424 0.262494 0.262494 0.262494
1761.276245 0.000000 2837.175049 0.000000 0.298933 0.000000 -0.954274 1.211567 1.211567 1.211567
1753.580811 0.000000 2853.853760 0.000000 0.735209 0.000000 -0.677840 1.022806 1.022806 1.022806
1768.136108 0.000000 2852.148193 0.000000 0.017180 0.000000 -0.999852 1.302746 1.302746 1.302746
1753.557129 0.000000 2855.717773 0.000000 0.970013 0.000000 0.243052 0.596170 0.596170 0.596170
1737.969727 0.000000 2821.816406 0.000000 0.089953 0.000000 -0.995946 1.199423 1.199423 1.199423
1729.640137 0.000000 2839.350830 0.000000 0.381768 0.000000 0.924258 0.289949 0.289949 0.289949
1761.294189 0.000000 2816.871826 0.000000 0.677781 0.000000 0.735264 0.331882 0.331882 0.331882
1742.561523 0.000000 2859.305908 0.000000 0.380947 0.000000 0.924597 0.260771 0.260771 0.260771
1753.002808 0.000000 2843.213867 0.000000 0.769952 0.000000 0.638101 0.423052 0.423052 0.423052
1773.446777 0.000000 2868.836426 0.000000 0.932258 0.000000 0.361793 0.576435 0.576435 0.576435
1753.647461 0.000000 2844.904053 0.000000 0.177430 0.000000 -0.984133 1.162341 1.162341 1.162341
1745.099976 0.000000 2855.734863 0.000000 0.328119 0.000000 0.944637 0.239736 0.239736 0.239736
1740.615479 0.000000 2830.328857 0.000000 0.599046 0.000000 -0.800714 1.014786 1.014786 1.014786
1745.938965 0.000000 2846.344971 0.000000 0.907243 0.000000 0.420608 0.531579 0.531579 0.531579
1773.025635 0.000000 2869.869141 0.000000 0.708076 0.000000 0.706137 0.438301 0.438301 0.438301
1763.707397 0.000000 2872.789795 0.000000 0.999852 0.000000 -0.017175 0.705703 0.705703 0.705703
1758.145020 0.000000 2817.426270 0.000000 0.794901 0.000000 -0.606739 0.990532 0.990532 0.990532
1747.710938 0.000000 2839.563965 0.000000 0.883364 0.000000 -0.468687 0.917382 0.917382 0.917382
1750.547363 0.000000 2836.349854 0.000000 0.327868 0.000000 -0.944724 1.251138 1.251138 1.251138
1749.233521 0.000000 2840.597656 0.000000 0.223957 0.000000 -0.974599 1.299343 1.299343 1.299343
1753.592163 0.000000 2842.283447 0.000000 0.508267 0.000000 0.861200 0.284746 0.284746 0.284746
1746.612427 0.000000 2841.944824 0.000000 0.287964 0.000000 -0.957641 1.269830 1.269830 1.269830
1783.290039 0.000000 2844.445068 0.000000 0.904446 0.000000 -0.426589 0.862510 0.862510 0.862510
1769.407471 0.000000 2850.692383 0.000000 0.996422 0.000000 0.084516 0.664954 0.664954 0.664954
1756.803833 0.000000 2849.372070 0.000000 0.308428 0.000000 -0.951248 1.135038 1.135038 1.135038
1761.429199 0.000000 2877.263672 0.000000 0.038176 0.000000 -0.999271 1.203533 1.203533 1.203533
1749.006104 0.000000 2838.781006 0.000000 0.840125 0.000000 0.542392 0.444526 0.444526 0.444526
1736.520264 0.000000 2819.072021 0.000000 0.265082 0.000000 0.964226 0.260686 0.260686 0.260686
1728.493530 0.000000 2834.597656 0.000000 0.691579 0.000000 -0.722301 1.038524 1.038524 1.038524
1753.028320 0.000000 2858.723145 0.000000 0.885280 0.000000 0.465058 0.499662 0.499662 0.499662
1788.302368 0.000000 2836.459473 0.000000 0.721460 0.000000 0.692456 0.365824 0.365824 0.365824
1735.161377 0.000000 2831.152344 0.000000 0.796063 0.000000 -0.605214 0.951054 0.951054 0.951054
1752.544800 0.000000 2838.535156 0.000000 0.191258 0.000000 0.981540 0.085759 0.085759 0.085759
1769.165161 0.000000 2852.430908 0.000000 0.627052 0.000000 0.778978 0.353535 0.353535 0.353535
1745.351440 0.000000 2850.508057 0.000000 0.015298 0.000000 -0.999883 1.298040 1.298040 1.298040
1756.298706 0.000000 2837.301270 0.000000 0.588945 0.000000 0.808173 0.283928 0.283928 0.283928
1757.681519 0.000000 2822.789062 0.000000 0.822083 0.000000 0.569368 0.431122 0.431122 0.431122
1744.015137 0.000000 2854.383301 0.000000 0.051180 0.000000 0.998689 0.134354 0.134354 0.134354
1779.217773 0.000000 2843.505371 0.000000 0.049529 0.000000 -0.998773 1.234360 1.234360 1.234360
1745.043701 0.000000 2851.748291 0.000000 0.332859 0.000000 -0.942977 1.173458 1.173458 1.173458
1738.165894 0.000000 2819.903564 0.000000 0.938356 0.000000 -0.345671 0.837550 0.837550 0.837550
1752.142334 0.000000 2836.896484 0.000000 0.337160 0.000000 0.941447 0.166117 0.166117 0.166117
1753.481689 0.000000 2852.931641 0.000000 0.818102 0.000000 0.575073 0.434458 0.434458 0.434458
1752.752319 0.000000 2861.331543 0.000000 0.999458 0.000000 0.032909 0.688266 0.688266 0.688266
1739.005615 0.000000 2820.509521 0.000000 0.767358 0.000000 -0.641219 0.993169 0.993169 0.993169
1757.055176 0.000000 2844.528809 0.000000 0.876399 0.000000 0.481586 0.517356 0.517356 0.517356
1750.769287 0.000000 2819.803955 0.000000 0.366847 0.000000 0.930281 0.167388 0.167388 0.167388
1746.739136 0.000000 2856.765869 0.000000 0.996282 0.000000 0.086150 0.668495 0.668495 0.668495
1758.982300 0.000000 2847.952393 0.000000 0.931921 0.000000 0.362662 0.538507 0.538507 0.538507
1758.424438 0.000000 2824.249268 0.000000 0.955179 0.000000 0.296030 0.573950 0.573950 0.573950
1743.342041 0.000000 2860.827637 0.000000 0.258968 0.000000 -0.965886 1.207783 1.207783 1.207783
1745.011108 0.000000 2846.515137 0.000000 0.988307 0.000000 -0.152475 0.759386 0.759386 0.759386
1729.249390 0.000000 2835.492676 0.000000 0.992312 0.000000 -0.123760 0.752041 0.752041 0.752041
1767.809326 0.000000 2816.095215 0.000000 0.898185 0.000000 -0.439618 0.862273 0.862273 0.862273
1759.934082 0.000000 2838.412354 0.000000 0.986208 0.000000 -0.165510 0.763346 0.763346 0.763346
1786.841919 0.000000 2851.338623 0.000000 0.465937 0.000000 -0.884818 1.102388 1.102388 1.102388
1753.651123 0.000000 2837.315430 0.000000 0.575950 0.000000 0.817485 0.283550 0.283550 0.283550
1754.247925 0.000000 2817.483887 0.000000 0.992767 0.000000 0.120059 0.646368 0.646368 0.646368
1754.391235 0.000000 2835.132568 0.000000 0.882611 0.000000 0.470104 0.481903 0.481903 0.481903
1763.190918 0.000000 2835.176025 0.000000 0.677842 0.000000 -0.735208 1.042099 1.042099 1.042099
1753.076294 0.000000 2846.659912 0.000000 0.553961 0.000000 0.832542 0.332120 0.332120 0.332120
1788.627563 0.000000 2834.815674 0.000000 0.993785 0.000000 -0.111319 0.744837 0.744837 0.744837
1752.169434 0.000000 2848.205566 0.000000 0.995309 0.000000 0.096745 0.657327 0.657327 0.657327
1753.190796 0.000000 2818.020752 0.000000 0.013731 0.000000 0.999906 0.006119 0.006119 0.006119
1740.818848 0.000000 2818.854980 0.000000 0.954326 0.000000 0.298766 0.583883 0.583883 0.583883
1754.498657 0.000000 2876.846191 0.000000 0.168339 0.000000 0.985729 0.151311 0.151311 0.151311
1761.637085 0.000000 2834.231934 0.000000 0.235317 0.000000 0.971919 0.136147 0.136147 0.136147
1744.622803 0.000000 2845.031738 0.000000 0.996437 0.000000 -0.084344 0.732024 0.732024 0.732024
1758.985107 0.000000 2825.775635 0.000000 0.880554 0.000000 0.473946 0.492904 0.492904 0.492904
1737.101440 0.000000 2827.538330 0.000000 0.299612 0.000000 -0.954061 1.248906 1.248906 1.248906
1756.141968 0.000000 2834.949219 0.000000 0.817146 0.000000 -0.576430 0.956598 0.956598 0.956598
1760.646973 0.000000 2817.965820 0.000000 0.094662 0.000000 -0.995509 1.357752 1.357752 1.357752
1762.333618 0.000000 2835.756104 0.000000 0.598334 0.000000 -0.801247 1.084927 1.084927 1.084927
1752.656128 0.000000 2855.397705 0.000000 0.937408 0.000000 -0.348233 0.850425 0.850425 0.850425
1789.945312 0.000000 2835.599121 0.000000 0.994572 0.000000 0.104047 0.658103 0.658103 0.658103
1747.457886 0.000000 2840.450439 0.000000 0.448502 0.000000 0.893782 0.207259 0.207259 0.207259
1759.115601 0.000000 2824.855469 0.000000 0.879223 0.000000 0.476411 0.491729 0.491729 0.491729
1756.462769 0.000000 2838.924805 0.000000 0.029624 0.000000 -0.999561 1.370637 1.370637 1.370637
1746.442505 0.000000 2841.084961 0.000000 0.860984 0.000000 0.508632 0.462212 0.462212 0.462212
1755.200684 0.000000 2837.546387 0.000000 0.995508 0.000000 -0.094682 0.736954 0.736954 0.736954
1763.095093 0.000000 2847.548340 0.000000 0.924986 0.000000 0.380001 0.546048 0.546048 0.546048
1771.313965 0.000000 2848.630615 0.000000 0.047868 0.000000 0.998854 0.103844 0.103844 0.103844
1772.830688 0.000000 2856.193115 0.000000 0.034728 0.000000 0.999397 0.077220 0.077220 0.077220
1754.092773 0.000000 2824.099609 0.000000 0.721455 0.000000 0.692461 0.359137 0.359137 0.359137
1760.624756 0.000000 2816.271729 0.000000 0.496101 0.000000 -0.868265 1.168671 1.168671 1.168671
1753.038940 0.000000 2848.181152 0.000000 0.195726 0.000000 -0.980659 1.305009 1.305009 1.305009
1747.599121 0.000000 2848.627441 0.000000 0.637269 0.000000 0.770641 0.317136 0.317136 0.317136
1748.511353 0.000000 2841.241699 0.000000 0.718370 0.000000 -0.695661 1.042844 1.042844 1.042844
1752.541992 0.000000 2852.613525 0.000000 0.971555 0.000000 -0.236814 0.803620 0.803620 0.803620
1751.960449 0.000000 2837.787109 0.000000 0.690519 0.000000 -0.723314 1.060335 1.060335 1.060335
1785.323120 0.000000 2846.892578 0.000000 0.771309 0.000000 0.636460 0.405819 0.405819 0.405819
1746.455811 0.000000 2849.387695 0.000000 0.640317 0.000000 0.768111 0.318860 0.318860 0.318860
1759.664917 0.000000 2816.520020 0.000000 0.464246 0.000000 0.885706 0.215145 0.215145 0.215145
1767.389282 0.000000 2870.289551 0.000000 0.747668 0.000000 -0.664073 1.007143 1.007143 1.007143
1753.559326 0.000000 2838.170898 0.000000 0.891280 0.000000 0.453454 0.490268 0.490268 0.490268
1757.501343 0.000000 2824.929443 0.000000 0.993002 0.000000 0.118102 0.647247 0.647247 0.647247
1756.023193 0.000000 2815.386963 0.000000 0.918179 0.000000 0.396166 0.524883 0.524883 0.524883
1756.886719 0.000000 2823.403564 0.000000 0.551286 0.000000 -0.834317 1.138068 1.138068 1.138068
1756.782227 0.000000 2816.327637 0.000000 0.359175 0.000000 0.933270 0.163719 0.163719 0.163719
1748.627686 0.000000 2839.535156 0.000000 0.999326 0.000000 0.036713 0.683636 0.683636 0.683636
1789.521118 0.000000 2837.062012 0.000000 0.528910 0.000000 -0.848678 1.142786 1.142786 1.142786
1759.006470 0.000000 2817.588623 0.000000 0.495261 0.000000 0.868744 0.230899 0.230899 0.230899
1665.299072 0.000000 2895.153320 0.000000 0.723755 0.000000 0.690057 0.604175 0.604175 0.604175
1686.770386 0.000000 2910.728760 0.000000 0.315646 0.000000 -0.948877 1.162983 1.162983 1.162983
1692.163940 0.000000 2886.961670 0.000000 0.552838 0.000000 0.833289 0.684507 0.684507 0.684507
1715.493774 0.000000 2916.131348 0.000000 0.473321 0.000000 0.880890 0.666098 0.666098 0.666098
1680.863403 0.000000 2896.714355 0.000000 0.733650 0.000000 0.679527 0.568129 0.568129 0.568129
1671.963867 0.000000 2908.621338 0.000000 0.433560 0.000000 0.901125 0.425402 0.425402 0.425402
1701.144897 0.000000 2912.427246 0.000000 0.951936 0.000000 -0.306296 0.751682 0.751682 0.751682
1723.066406 0.000000 2905.889893 0.000000 0.985357 0.000000 -0.170507 0.730842 0.730842 0.730842
1709.440308 0.000000 2931.752197 0.000000 0.837302 0.000000 0.546741 0.671694 0.671694 0.671694
1724.254517 0.000000 2923.106445 0.000000 0.978589 0.000000 0.205824 0.615226 0.615226 0.615226
1664.027466 0.000000 2904.175537 0.000000 0.153900 0.000000 0.988086 0.130734 0.130734 0.130734
1664.510864 0.000000 2913.462646 0.000000 0.030343 0.000000 0.999540 0.185816 0.185816 0.185816
1688.812256 0.000000 2901.629150 0.000000 0.252749 0.000000 -0.967532 0.727583 0.727583 0.727583
1709.686157 0.000000 2922.597412 0.000000 0.972899 0.000000 0.231231 0.688582 0.688582 0.688582
1683.435791 0.000000 2888.320557 0.000000 0.205682 0.000000 -0.978619 0.842984 0.842984 0.842984
1705.338501 0.000000 2895.708984 0.000000 0.099088 0.000000 -0.995079 0.931448 0.931448 0.931448
1709.934692 0.000000 2909.583252 0.000000 0.961919 0.000000 0.273334 0.657423 0.657423 0.657423
1680.002808 0.000000 2905.884521 0.000000 0.795172 0.000000 -0.606385 0.769452 0.769452 0.769452
1672.598389 0.000000 2899.625000 0.000000 0.991418 0.000000 -0.130726 0.723827 0.723827 0.723827
1699.319580 0.000000 2890.441650 0.000000 0.410645 0.000000 -0.911795 1.046967 1.046967 1.046967
1703.724731 0.000000 2904.880615 0.000000 0.709184 0.000000 0.705023 0.427886 0.427886 0.427886
1692.569458 0.000000 2894.607666 0.000000 0.179245 0.000000 -0.983804 0.782625 0.782625 0.782625
1683.422241 0.000000 2917.516113 0.000000 0.316742 0.000000 -0.948512 0.752365 0.752365 0.752365
1716.470459 0.000000 2925.616211 0.000000 0.945539 0.000000 -0.325509 0.704056 0.704056 0.704056
1703.644165 0.000000 2918.736084 0.000000 0.677010 0.000000 -0.735974 0.941388 0.941388 0.941388
1666.114502 0.000000 2888.758789 0.000000 0.365881 0.000000 -0.930662 0.969673 0.969673 0.969673
1709.012695 0.000000 2915.686523 0.000000 0.999258 0.000000 0.038525 0.690303 0.690303 0.690303
1669.049683 0.000000 2917.329102 0.000000 0.821504 0.000000 -0.570203 0.880260 0.880260 0.880260
1725.964111 0.000000 2930.383057 0.000000 0.845410 0.000000 0.534118 0.609407 0.609407 0.609407
1675.654785 0.000000 2894.725586 0.000000 0.690676 0.000000 -0.723164 0.820079 0.820079 0.820079
1706.405640 0.000000 2927.131592 0.000000 0.758312 0.000000 -0.651892 0.727300 0.727300 0.727300
1701.223999 0.000000 2885.041016 0.000000 0.185275 0.000000 0.982687 0.583867 0.583867 0.583867
1685.299438 0.000000 2905.561035 0.000000 0.292956 0.000000 -0.956126 0.967061 0.967061 0.967061
1689.204102 0.000000 2916.027588 0.000000 0.862390 0.000000 -0.506245 0.708349 0.708349 0.708349
1678.536377 0.000000 2890.461914 0.000000 0.605041 0.000000 -0.796194 0.788522 0.788522 0.788522
1674.968628 0.000000 2904.367920 0.000000 0.894656 0.000000 0.446755 0.658722 0.658722 0.658722
1707.004272 0.000000 2901.076660 0.000000 0.938545 0.000000 0.345156 0.555273 0.555273 0.555273
1670.621460 0.000000 2894.200439 0.000000 0.060725 0.000000 -0.998155 1.077364 1.077364 1.077364
1722.100464 0.000000 2911.285889 0.000000 0.956994 0.000000 -0.290108 0.711316 0.711316 0.711316
1666.559448 0.000000 2908.839111 0.000000 0.932686 0.000000 -0.360690 0.856704 0.856704 0.856704
1683.672729 0.000000 2900.775635 0.000000 0.298487 0.000000 0.954414 0.657907 0.657907 0.657907
1700.085938 0.000000 2895.846924 0.000000 0.359975 0.000000 0.932962 0.569703 0.569703 0.569703
1710.369873 0.000000 2896.627686 0.000000 0.631521 0.000000 0.775359 0.606964 0.606964 0.606964
1671.963501 0.000000 2913.480225 0.000000 0.983100 0.000000 -0.183067 0.754696 0.754696 0.754696
1677.395020 0.000000 2900.080322 0.000000 0.589357 0.000000 -0.807872 1.053387 1.053387 1.053387
1698.891846 0.000000 2904.906006 0.000000 0.998717 0.000000 0.050642 0.697609 0.697609 0.697609
1666.141846 0.000000 2899.875244 0.000000 0.207224 0.000000 0.978293 0.521476 0.521476 0.521476
1721.466431 0.000000 2926.991699 0.000000 0.659497 0.000000 -0.751707 1.030020 1.030020 1.030020
1717.909546 0.000000 2895.077881 0.000000 0.450256 0.000000 0.892900 0.582338 0.582338 0.582338
1689.986328 0.000000 2907.136230 0.000000 0.100033 0.000000 0.994984 0.152592 0.152592 0.152592
1704.955688 0.000000 2909.451660 0.000000 0.228219 0.000000 -0.973610 0.899131 0.899131 0.899131
1715.667603 0.000000 2921.003418 0.000000 0.578177 0.000000 -0.815911 1.086912 1.086912 1.086912
1702.283447 0.000000 2899.970459 0.000000 0.245797 0.000000 -0.969321 0.868710 0.868710 0.868710
1704.031738 0.000000 2891.331787 0.000000 0.407816 0.000000 -0.913064 0.987574 0.987574 0.987574
1709.217773 0.000000 2905.166992 0.000000 0.036924 0.000000 -0.999318 0.831347 0.831347 0.831347
1713.698242 0.000000 2911.982910 0.000000 0.557642 0.000000 -0.830082 0.780432 0.780432 0.780432
1694.874146 0.000000 2890.709229 0.000000 0.106438 0.000000 0.994319 0.213840 0.213840 0.213840
1727.385986 0.000000 2926.147217 0.000000 0.906991 0.000000 -0.421150 0.842823 0.842823 0.842823
1725.812622 0.000000 2909.198242 0.000000 0.347596 0.000000 -0.937644 1.025078 1.025078 1.025078
1682.171631 0.000000 2892.604980 0.000000 0.140164 0.000000 0.990128 0.062668 0.062668 0.062668
1699.810669 0.000000 2916.437500 0.000000 0.907801 0.000000 0.419401 0.687142 0.687142 0.687142
1705.210815 0.000000 2913.729980 0.000000 0.842835 0.000000 0.538172 0.648359 0.648359 0.648359
1683.345337 0.000000 2913.424072 0.000000 0.921665 0.000000 -0.387986 0.736208 0.736208 0.736208
1711.970947 0.000000 2918.745605 0.000000 0.092545 0.000000 0.995709 0.439103 0.439103 0.439103
1682.746094 0.000000 2909.139648 0.000000 0.747985 0.000000 -0.663715 0.738051 0.738051 0.738051
1726.107178 0.000000 2919.442139 0.000000 0.539546 0.000000 -0.841956 0.971119 0.971119 0.971119
1701.083740 0.000000 2908.336670 0.000000 0.222195 0.000000 0.975002 0.450526 0.450526 0.450526
1720.085083 0.000000 2923.054932 0.000000 0.977544 0.000000 -0.210733 0.743042 0.743042 0.743042
1707.598755 0.000000 2919.375488 0.000000 0.946878 0.000000 0.321593 0.582703 0.582703 0.582703
1669.784912 0.000000 2890.468994 0.000000 0.469524 0.000000 -0.882920 0.856950 0.856950 0.856950
1668.213623 0.000000 2912.313965 0.000000 0.743811 0.000000 0.668390 0.459491 0.459491 0.459491
1722.154541 0.000000 2902.237549 0.000000 0.879779 0.000000 0.475383 0.684416 0.684416 0.684416
1684.577148 0.000000 2897.140381 0.000000 0.999821 0.000000 -0.018917 0.700893 0.700893 0.700893
1719.414795 0.000000 2906.455566 0.000000 0.139874 0.000000 -0.990169 0.754997 0.754997 0.754997
1669.285400 0.000000 2897.619141 0.000000 0.887800 0.000000 0.460230 0.595526 0.595526 0.595526
1726.456055 0.000000 2903.612549 0.000000 0.985847 0.000000 0.167647 0.672624 0.672624 0.672624
1701.079102 0.000000 2921.576172 0.000000 0.673224 0.000000 0.739438 0.665094 0.665094 0.665094
1663.917725 0.000000 2891.784424 0.000000 0.919015 0.000000 -0.394223 0.716288 0.716288 0.716288
1691.125610 0.000000 2891.189453 0.000000 0.223363 0.000000 -0.974735 0.928089 0.928089 0.928089
1680.405518 0.000000 2902.317139 0.000000 0.999555 0.000000 0.029832 0.689572 0.689572 0.689572
1702.671021 0.000000 2888.157227 0.000000 0.466650 0.000000 0.884442 0.303601 0.303601 0.303601
1669.684692 0.000000 2887.192139 0.000000 0.260062 0.000000 0.965592 0.377768 0.377768 0.377768
1712.318359 0.000000 2915.137207 0.000000 0.986688 0.000000 0.162623 0.650329 0.650329 0.650329
1678.952759 0.000000 2893.926270 0.000000 0.442889 0.000000 -0.896577 1.018697 1.018697 1.018697
1667.142334 0.000000 2892.359619 0.000000 0.651606 0.000000 0.758558 0.367431 0.367431 0.367431
1686.015381 0.000000 2915.564941 0.000000 0.926824 0.000000 -0.375495 0.779378 0.779378 0.779378
1716.713257 0.000000 2913.109863 0.000000 0.660532 0.000000 -0.750798 0.744525 0.744525 0.744525
1708.161621 0.000000 2912.369141 0.000000 0.173660 0.000000 0.984806 0.251028 0.251028 0.251028
1672.944214 0.000000 2896.494873 0.000000 0.515579 0.000000 0.856842 0.592092 0.592092 0.592092
1666.761475 0.000000 2905.714844 0.000000 0.007772 0.000000 0.999970 0.497868 0.497868 0.497868
1707.506226 0.000000 2897.973877 0.000000 0.999073 0.000000 0.043039 0.689091 0.689091 0.689091
1663.871704 0.000000 2910.372314 0.000000 0.983020 0.000000 -0.183501 0.711288 0.711288 0.711288
1701.386353 0.000000 2893.029297 0.000000 0.092907 0.000000 0.995675 0.279052 0.279052 0.279052
1671.799194 0.000000 2905.418701 0.000000 0.993212 0.000000 -0.116319 0.713039 0.713039 0.713039
1698.995117 0.000000 2887.183105 0.000000 0.223401 0.000000 -0.974727 1.071515 1.071515 1.071515
1709.183960 0.000000 2925.690918 0.000000 0.990847 0.000000 -0.134991 0.720350 0.720350 0.720350
1666.259277 0.000000 2915.993896 0.000000 0.000537 0.000000 1.000000 0.271911 0.271911 0.271911
1724.688477 0.000000 2927.620605 0.000000 0.878661 0.000000 -0.477446 0.746102 0.746102 0.746102
1706.374268 0.000000 2906.733154 0.000000 0.234692 0.000000 0.972070 0.250099 0.250099 0.250099
1686.784790 0.000000 2899.334473 0.000000 0.334913 0.000000 0.942249 0.272493 0.272493 0.272493
1688.316284 0.000000 2904.610840 0.000000 0.805658 0.000000 0.592381 0.499454 0.499454 0.499454
1663.868408 0.000000 2897.874268 0.000000 0.843885 0.000000 0.536524 0.666351 0.666351 0.666351
1669.243164 0.000000 2907.401855 0.000000 0.009577 0.000000 -0.999954 0.803678 0.803678 0.803678
1669.852417 0.000000 2900.737305 0.000000 0.380244 0.000000 0.924886 0.638097 0.638097 0.638097
1675.676025 0.000000 2891.581299 0.000000 0.791080 0.000000 -0.611712 0.788573 0.788573 0.788573
1677.715088 0.000000 2896.881592 0.000000 0.897734 0.000000 -0.440537 0.778130 0.778130 0.778130
1701.417236 0.000000 2902.895264 0.000000 0.028055 0.000000 0.999606 0.492403 0.492403 0.492403
1722.944214 0.000000 2930.023193 0.000000 0.029951 0.000000 0.999551 0.613832 0.613832 0.613832
1663.846802 0.000000 2907.280518 0.000000 0.999909 0.000000 0.013477 0.698328 0.698328 0.698328
1685.174438 0.000000 2890.922607 0.000000 0.167253 0.000000 -0.985914 0.844634 0.844634 0.844634
1718.555786 0.000000 2927.821777 0.000000 0.259236 0.000000 0.965814 0.340968 0.340968 0.340968
1706.214355 0.000000 2916.630859 0.000000 0.495766 0.000000 -0.868456 0.863635 0.863635 0.863635
1687.111450 0.000000 2907.831787 0.000000 0.040726 0.000000 -0.999170 1.248151 1.248151 1.248151
1677.839722 0.000000 2903.859863 0.000000 0.249879 0.000000 -0.968277 1.050168 1.050168 1.050168
1682.634155 0.000000 2904.187744 0.000000 0.274136 0.000000 -0.961691 0.767794 0.767794 0.767794
1703.227417 0.000000 2915.853760 0.000000 0.701073 0.000000 0.713089 0.405872 0.405872 0.405872
1686.042236 0.000000 2902.498535 0.000000 0.430323 0.000000 0.902675 0.444201 0.444201 0.444201
1689.600830 0.000000 2893.830566 0.000000 0.532563 0.000000 -0.846390 0.756436 0.756436 0.756436
1672.404541 0.000000 2902.605225 0.000000 0.133072 0.000000 0.991106 0.245355 0.245355 0.245355
1672.937988 0.000000 2892.388916 0.000000 0.194240 0.000000 -0.980954 0.988417 0.988417 0.988417
1721.520020 0.000000 2908.470215 0.000000 0.203200 0.000000 -0.979137 0.845637 0.845637 0.845637
1671.811157 0.000000 2916.390137 0.000000 0.884600 0.000000 0.466350 0.632171 0.632171 0.632171
1716.401733 0.000000 2892.576416 0.000000 0.855835 0.000000 0.517249 0.465339 0.465339 0.465339
1695.298340 0.000000 2887.888916 0.000000 0.981202 0.000000 -0.192983 0.710181 0.710181 0.710181
1713.403198 0.000000 2895.594482 0.000000 0.868085 0.000000 -0.496415 0.801674 0.801674 0.801674
1704.272827 0.000000 2901.978271 0.000000 0.541646 0.000000 -0.840607 1.106537 1.106537 1.106537
1709.643066 0.000000 2899.855469 0.000000 0.976867 0.000000 -0.213848 0.761390 0.761390 0.761390
1675.014160 0.000000 2901.554199 0.000000 0.778131 0.000000 -0.628102 0.906504 0.906504 0.906504
1680.838501 0.000000 2899.534180 0.000000 0.349344 0.000000 0.936995 0.606657 0.606657 0.606657
1727.416504 0.000000 2923.006592 0.000000 0.718371 0.000000 0.695660 0.380013 0.380013 0.380013
1702.768921 0.000000 2897.145752 0.000000 0.914025 0.000000 -0.405658 0.733578 0.733578 0.733578
1706.703857 0.000000 2903.913818 0.000000 0.825144 0.000000 -0.564922 0.946548 0.946548 0.946548
1675.193481 0.000000 2898.092285 0.000000 0.501778 0.000000 0.864996 0.605023 0.605023 0.605023
1704.974365 0.000000 2899.239014 0.000000 0.857873 0.000000 0.513862 0.611345 0.611345 0.611345
1668.030273 0.000000 2895.190918 0.000000 0.990013 0.000000 -0.140978 0.744248 0.744248 0.744248
1710.990112 0.000000 2912.414062 0.000000 0.599490 0.000000 0.800383 0.468105 0.468105 0.468105
1708.036255 0.000000 2894.832031 0.000000 0.872425 0.000000 0.488747 0.633962 0.633962 0.633962
1666.406006 0.000000 2902.597656 0.000000 0.674002 0.000000 0.738730 0.643350 0.643350 0.643350
1689.307617 0.000000 2909.765869 0.000000 0.865979 0.000000 -0.500080 0.767724 0.767724 0.767724
1722.212891 0.000000 2921.182861 0.000000 0.999910 0.000000 -0.013381 0.700865 0.700865 0.700865
1669.542114 0.000000 2914.677490 0.000000 0.795820 0.000000 -0.605534 0.911425 0.911425 0.911425
1700.258667 0.000000 2919.043213 0.000000 0.383610 0.000000 -0.923495 0.909821 0.909821 0.909821
1669.726318 0.000000 2910.033936 0.000000 0.996036 0.000000 -0.088953 0.735023 0.735023 0.735023
1673.596436 0.000000 2910.710938 0.000000 0.608416 0.000000 -0.793618 0.781705 0.781705 0.781705
1681.128662 0.000000 2889.586426 0.000000 0.334037 0.000000 -0.942560 0.773097 0.773097 0.773097
1718.387573 0.000000 2921.056885 0.000000 0.672242 0.000000 -0.740332 0.838389 0.838389 0.838389
1698.614624 0.000000 2893.294189 0.000000 0.934979 0.000000 0.354703 0.670851 0.670851 0.670851
1682.995117 0.000000 2895.050049 0.000000 0.482208 0.000000 0.876057 0.457451 0.457451 0.457451
1709.155029 0.000000 2902.566895 0.000000 0.183209 0.000000 -0.983074 0.891425 0.891425 0.891425
1712.416504 0.000000 2921.313477 0.000000 0.119603 0.000000 -0.992822 1.240079 1.240079 1.240079
1726.288452 0.000000 2906.353271 0.000000 0.824530 0.000000 -0.565818 0.889187 0.889187 0.889187
1706.059692 0.000000 2893.016602 0.000000 0.058225 0.000000 -0.998303 0.829521 0.829521 0.829521
1666.569580 0.000000 2897.434570 0.000000 0.721086 0.000000 -0.692846 0.958166 0.958166 0.958166
1702.593872 0.000000 2910.371826 0.000000 0.883214 0.000000 -0.468970 0.874873 0.874873 0.874873
1703.365234 0.000000 2907.357666 0.000000 0.197679 0.000000 -0.980267 1.174675 1.174675 1.174675
1717.040527 0.000000 2923.150146 0.000000 0.802723 0.000000 0.596352 0.541441 0.541441 0.541441
1685.841553 0.000000 2913.029785 0.000000 0.242916 0.000000 -0.970047 1.116932 1.116932 1.116932
1701.188110 0.000000 2905.835693 0.000000 0.237631 0.000000 0.971356 0.376713 0.376713 0.376713
1707.393799 0.000000 2909.944824 0.000000 0.229651 0.000000 0.973273 0.112623 0.112623 0.112623
1718.941284 0.000000 2925.324707 0.000000 0.491356 0.000000 0.870959 0.616864 0.616864 0.616864
1692.764893 0.000000 2889.400391 0.000000 0.162186 0.000000 0.986760 0.535153 0.535153 0.535153
1723.523315 0.000000 2925.486816 0.000000 0.978265 0.000000 -0.207360 0.789432 0.789432 0.789432
1694.508545 0.000000 2893.118164 0.000000 0.988391 0.000000 0.151935 0.685606 0.685606 0.685606
1721.009399 0.000000 2904.561768 0.000000 0.868780 0.000000 -0.495198 0.727161 0.727161 0.727161
1684.295166 0.000000 2911.006836 0.000000 0.120469 0.000000 0.992717 0.053816 0.053816 0.053816
1697.354980 0.000000 2889.107178 0.000000 0.990017 0.000000 0.140949 0.652549 0.652549 0.652549
1709.867432 0.000000 2920.183838 0.000000 0.161414 0.000000 0.986887 0.397202 0.397202 0.397202
1703.770386 0.000000 2893.782959 0.000000 0.986764 0.000000 0.162162 0.645917 0.645917 0.645917
1705.441895 0.000000 2920.361084 0.000000 0.535091 0.000000 0.844795 0.610322 0.610322 0.610322
1707.443481 0.000000 2921.895020 0.000000 0.963178 0.000000 -0.268864 0.781823 0.781823 0.781823
1666.086792 0.000000 2911.223877 0.000000 0.263971 0.000000 -0.964531 1.280955 1.280955 1.280955
1701.790771 0.000000 2890.433838 0.000000 0.768061 0.000000 -0.640377 0.976918 0.976918 0.976918
1724.451050 0.000000 2902.515869 0.000000 0.833205 0.000000 -0.552965 0.748125 0.748125 0.748125
1720.500122 0.000000 2929.145020 0.000000 0.603720 0.000000 0.797196 0.587133 0.587133 0.587133
1708.437988 0.000000 2907.705322 0.000000 0.635238 0.000000 -0.772317 0.789448 0.789448 0.789448
1687.185181 0.000000 2917.591309 0.000000 0.449459 0.000000 -0.893301 0.819688 0.819688 0.819688
1684.986450 0.000000 2908.697998 0.000000 0.120615 0.000000 -0.992699 1.133280 1.133280 1.133280
1715.699585 0.000000 2895.825684 0.000000 0.685210 0.000000 0.728346 0.360645 0.360645 0.360645
1697.101562 0.000000 2891.375977 0.000000 0.907494 0.000000 -0.420066 0.806823 0.806823 0.806823
1663.868774 0.000000 2888.545898 0.000000 0.137395 0.000000 -0.990516 0.797665 0.797665 0.797665
1714.455933 0.000000 2914.119629 0.000000 0.011675 0.000000 -0.999932 0.945222 0.945222 0.945222
1709.385376 0.000000 2917.986572 0.000000 0.109024 0.000000 0.994039 0.115091 0.115091 0.115091
1703.286133 0.000000 2921.081787 0.000000 0.628196 0.000000 -0.778056 0.771672 0.771672 0.771672
1723.882812 0.000000 2908.006592 0.000000 0.224244 0.000000 0.974533 0.396869 0.396869 0.396869
1726.883423 0.000000 2928.303223 0.000000 0.050852 0.000000 0.998706 0.407819 0.407819 0.407819
1711.490845 0.000000 2932.528076 0.000000 0.613601 0.000000 -0.789616 0.854290 0.854290 0.854290
1684.347412 0.000000 2892.963867 0.000000 0.252149 0.000000 -0.967688 0.808083 0.808083 0.808083
1705.996948 0.000000 2911.684326 0.000000 0.837620 0.000000 -0.546254 0.762614 0.762614 0.762614
1703.329590 0.000000 2912.598389 0.000000 0.438521 0.000000 -0.898721 1.047416 1.047416 1.047416
1725.674072 0.000000 2924.769531 0.000000 0.529663 0.000000 -0.848208 0.875190 0.875190 0.875190
1701.303955 0.000000 2914.792480 0.000000 0.679801 0.000000 -0.733397 0.872655 0.872655 0.872655
1724.595459 0.000000 2920.973389 0.000000 0.660066 0.000000 0.751207 0.493550 0.493550 0.493550
1701.869019 0.000000 2917.459717 0.000000 0.242687 0.000000 0.970105 0.426629 0.426629 0.426629
1669.271118 0.000000 2892.583008 0.000000 0.343804 0.000000 0.939041 0.260858 0.260858 0.260858
1721.476074 0.000000 2924.826416 0.000000 0.329205 0.000000 0.944258 0.412873 0.412873 0.412873
1726.282593 0.000000 2917.318115 0.000000 0.999982 0.000000 0.005998 0.699518 0.699518 0.699518
1666.826294 0.000000 2913.970947 0.000000 0.805510 0.000000 0.592582 0.459472 0.459472 0.459472
1671.577881 0.000000 2911.415527 0.000000 0.287488 0.000000 -0.957784 1.111331 1.111331 1.111331
1680.185425 0.000000 2891.824951 0.000000 0.696909 0.000000 -0.717160 0.985105 0.985105 0.985105
1700.535278 0.000000 2888.647461 0.000000 0.513777 0.000000 0.857924 0.400846 0.400846 0.400846
1664.582642 0.000000 2901.315674 0.000000 0.889307 0.000000 -0.457311 0.745653 0.745653 0.745653
1683.010864 0.000000 2890.580322 0.000000 0.206817 0.000000 -0.978380 1.214305 1.214305 1.214305
1678.917480 0.000000 2898.645508 0.000000 0.971078 0.000000 -0.238762 0.761514 0.761514 0.761514
1663.833374 0.000000 2915.943604 0.000000 0.945646 0.000000 0.325197 0.588285 0.588285 0.588285
1673.545410 0.000000 2894.385986 0.000000 0.309723 0.000000 0.950827 0.572703 0.572703 0.572703
1677.655884 0.000000 2892.328613 0.000000 0.778172 0.000000 -0.628052 0.845963 0.845963 0.845963
1681.031738 0.000000 2894.343262 0.000000 0.965380 0.000000 -0.260848 0.808840 0.808840 0.808840
1704.370972 0.000000 2889.268799 0.000000 0.741818 0.000000 0.670601 0.619076 0.619076 0.619076
1665.723022 0.000000 2886.667480 0.000000 0.997555 0.000000 0.069888 0.695111 0.695111 0.695111
1711.105103 0.000000 2916.908936 0.000000 0.040744 0.000000 -0.999170 1.237449 1.237449 1.237449
1699.202881 0.000000 2884.996094 0.000000 0.758295 0.000000 0.651911 0.645398 0.645398 0.645398
1713.421143 0.000000 2916.835449 0.000000 0.831575 0.000000 -0.555413 0.761745 0.761745 0.761745
1665.813110 0.000000 2890.870850 0.000000 0.415458 0.000000 0.909612 0.466427 0.466427 0.466427
1700.545776 0.000000 2900.945312 0.000000 0.992190 0.000000 -0.124738 0.715299 0.715299 0.715299
1710.505127 0.000000 2914.347168 0.000000 0.234610 0.000000 0.972090 0.156821 0.156821 0.156821
1692.578003 0.000000 2892.551025 0.000000 0.056417 0.000000 -0.998407 1.054625 1.054625 1.054625
1724.696411 0.000000 2904.713135 0.000000 0.944587 0.000000 0.328260 0.601220 0.601220 0.601220
1702.165527 0.000000 2894.989258 0.000000 0.998564 0.000000 -0.053570 0.716204 0.716204 0.716204
1671.290283 0.000000 2897.892090 0.000000 0.971841 0.000000 0.235637 0.615612 0.615612 0.615612
1678.490479 0.000000 2901.889893 0.000000 0.306067 0.000000 0.952010 0.433619 0.433619 0.433619
1667.870850 0.000000 2898.940918 0.000000 0.511841 0.000000 -0.859080 0.835456 0.835456 0.835456
1684.799438 0.000000 2899.159180 0.000000 0.231157 0.000000 -0.972916 0.943094 0.943094 0.943094
1667.867676 0.000000 2910.430176 0.000000 0.873315 0.000000 -0.487155 0.926751 0.926751 0.926751
1669.161255 0.000000 2885.325684 0.000000 0.717144 0.000000 0.696925 0.546378 0.546378 0.546378
1683.978149 0.000000 2915.259277 0.000000 0.258166 0.000000 0.966101 0.551230 0.551230 0.551230
1670.092163 0.000000 2912.861816 0.000000 0.997696 0.000000 0.067839 0.679830 0.679830 0.679830
1665.242554 0.000000 2893.190186 0.000000 0.537880 0.000000 0.843021 0.559791 0.559791 0.559791
1670.893066 0.000000 2896.044434 0.000000 0.010681 0.000000 0.999943 0.146534 0.146534 0.146534
1705.495972 0.000000 2918.358154 0.000000 0.977092 0.000000 0.212818 0.677513 0.677513 0.677513
1718.745117 0.000000 2929.938232 0.000000 0.450139 0.000000 -0.892959 0.806101 0.806101 0.806101
1714.906616 0.000000 2894.087158 0.000000 0.720999 0.000000 -0.692936 1.018413 1.018413 1.018413
1702.014893 0.000000 2919.618652 0.000000 0.574327 0.000000 -0.818626 0.979885 0.979885 0.979885
1722.281738 0.000000 2923.031982 0.000000 0.205768 0.000000 0.978601 0.411667 0.411667 0.411667
1696.963745 0.000000 2887.112305 0.000000 0.803372 0.000000 -0.595478 0.761309 0.761309 0.761309
1713.977173 0.000000 2920.281494 0.000000 0.241246 0.000000 0.970464 0.205989 0.205989 0.205989
1710.000000 0.000000 2933.625488 0.000000 0.742175 0.000000 -0.670206 0.824507 0.824507 0.824507
1687.760132 0.000000 2914.830322 0.000000 0.481635 0.000000 0.876372 0.479705 0.479705 0.479705
1685.206177 0.000000 2917.908447 0.000000 0.911891 0.000000 -0.410433 0.773171 0.773171 0.773171
1674.417358 0.000000 2899.773926 0.000000 0.205079 0.000000 0.978745 0.576025 0.576025 0.576025
1689.960815 0.000000 2905.341797 0.000000 0.875970 0.000000 -0.482365 0.859217 0.859217 0.859217
1676.721802 0.000000 2902.378174 0.000000 0.777834 0.000000 0.628470 0.519480 0.519480 0.519480
1679.290894 0.000000 2895.866699 0.000000 0.996100 0.000000 0.088230 0.662329 0.662329 0.662329
1726.405029 0.000000 2921.498291 0.000000 0.460489 0.000000 -0.887666 1.114209 1.114209 1.114209
1680.724976 0.000000 2904.092285 0.000000 0.266009 0.000000 -0.963971 0.838748 0.838748 0.838748
1721.342041 0.000000 2906.582031 0.000000 0.999504 0.000000 0.031481 0.693452 0.693452 0.693452
1701.361328 0.000000 2886.942871 0.000000 0.046580 0.000000 -0.998915 1.174133 1.174133 1.174133
1677.453125 0.000000 2894.902100 0.000000 0.941810 0.000000 0.336146 0.637093 0.637093 0.637093
1665.619141 0.000000 2907.177734 0.000000 0.801053 0.000000 0.598593 0.445419 0.445419 0.445419
1664.806030 0.000000 2908.787354 0.000000 0.953280 0.000000 -0.302087 0.792780 0.792780 0.792780
1708.154663 0.000000 2927.254883 0.000000 0.963817 0.000000 0.266566 0.637756 0.637756 0.637756
1704.318237 0.000000 2911.099854 0.000000 0.430298 0.000000 0.902687 0.578001 0.578001 0.578001
1667.569458 0.000000 2890.606689 0.000000 0.870490 0.000000 0.492186 0.554312 0.554312 0.554312
1704.985352 0.000000 2903.582031 0.000000 0.064914 0.000000 0.997891 0.402632 0.402632 0.402632
1670.452759 0.000000 2902.425781 0.000000 0.670744 0.000000 0.741689 0.407949 0.407949 0.407949
1668.088257 0.000000 2915.784668 0.000000 0.896002 0.000000 -0.444050 0.849560 0.849560 0.849560
1688.350464 0.000000 2906.425781 0.000000 0.954427 0.000000 0.298445 0.587189 0.587189 0.587189
1671.097656 0.000000 2892.384277 0.000000 0.524287 0.000000 -0.851541 0.840671 0.840671 0.840671
1686.569336 0.000000 2904.254639 0.000000 0.626195 0.000000 -0.779667 1.039078 1.039078 1.039078
1709.259521 0.000000 2898.104980 0.000000 0.665741 0.000000 -0.746183 0.939937 0.939937 0.939937
1667.500488 0.000000 2904.072510 0.000000 0.999975 0.000000 0.007121 0.699079 0.699079 0.699079
1681.703491 0.000000 2905.660889 0.000000 0.676946 0.000000 -0.736033 0.788181 0.788181 0.788181
1703.103638 0.000000 2903.281250 0.000000 0.278514 0.000000 -0.960432 1.235940 1.235940 1.235940
1707.722046 0.000000 2917.547363 0.000000 0.853283 0.000000 0.521448 0.614682 0.614682 0.614682
1676.067261 0.000000 2896.397705 0.000000 0.312333 0.000000 -0.949973 0.914618 0.914618 0.914618
1712.684937 0.000000 2913.367676 0.000000 0.883359 0.000000 -0.468697 0.848335 0.848335 0.848335
1705.499878 0.000000 2905.223389 0.000000 0.350482 0.000000 0.936569 0.441444 0.441444 0.441444
1671.704712 0.000000 2901.067627 0.000000 0.363458 0.000000 0.931610 0.412980 0.412980 0.412980
1712.370483 0.000000 2896.939209 0.000000 0.224899 0.000000 0.974382 0.544987 0.544987 0.544987
1709.525635 0.000000 2911.379395 0.000000 0.819264 0.000000 0.573417 0.499367 0.499367 0.499367
1674.689453 0.000000 2893.065674 0.000000 0.456935 0.000000 -0.889500 1.142547 1.142547 1.142547
1708.493896 0.000000 2896.483154 0.000000 0.568418 0.000000 0.822740 0.358915 0.358915 0.358915
1665.825928 0.000000 2904.294922 0.000000 0.760591 0.000000 -0.649232 0.984003 0.984003 0.984003
1706.690918 0.000000 2908.385742 0.000000 0.452724 0.000000 -0.891651 1.182937 1.182937 1.182937
1707.483887 0.000000 2905.443359 0.000000 0.207494 0.000000 -0.978236 1.111711 1.111711 1.111711
1724.358643 0.000000 2931.075928 0.000000 0.416549 0.000000 -0.909113 0.883471 0.883471 0.883471
1666.675659 0.000000 2894.096191 0.000000 0.555809 0.000000 0.831310 0.315799 0.315799 0.315799
1664.342896 0.000000 2899.539551 0.000000 0.454589 0.000000 0.890701 0.559811 0.559811 0.559811
1676.965088 0.000000 2898.419678 0.000000 0.996276 0.000000 -0.086225 0.728364 0.728364 0.728364
1679.288696 0.000000 2900.416748 0.000000 0.529580 0.000000 0.848260 0.485859 0.485859 0.485859
1673.480347 0.000000 2898.136719 0.000000 0.222868 0.000000 0.974849 0.455359 0.455359 0.455359
1707.895142 0.000000 2899.638428 0.000000 0.850104 0.000000 0.526615 0.468353 0.468353 0.468353
1670.765015 0.000000 2904.106445 0.000000 0.922678 0.000000 0.385572 0.655728 0.655728 0.655728
1727.168945 0.000000 2908.137451 0.000000 0.524412 0.000000 0.851465 0.432942 0.432942 0.432942
1704.283325 0.000000 2917.127197 0.000000 0.920519 0.000000 0.390698 0.652301 0.652301 0.652301
1667.558472 0.000000 2907.242676 0.000000 0.119832 0.000000 0.992794 0.390708 0.390708 0.390708
1722.689575 0.000000 2909.656006 0.000000 0.148155 0.000000 0.988964 0.379406 0.379406 0.379406
1704.956787 0.000000 2915.505127 0.000000 0.261176 0.000000 -0.965291 0.846132 0.846132 0.846132
1664.042847 0.000000 2896.220703 0.000000 0.988906 0.000000 -0.148542 0.739604 0.739604 0.739604
1668.517944 0.000000 2908.905762 0.000000 0.913670 0.000000 0.406458 0.581498 0.581498 0.581498
1664.802734 0.000000 2905.722656 0.000000 0.371334 0.000000 -0.928499 1.178455 1.178455 1.178455
1687.754395 0.000000 2903.018066 0.000000 0.961931 0.000000 0.273293 0.637112 0.637112 0.637112
1703.688477 0.000000 2895.624512 0.000000 0.775769 0.000000 -0.631017 0.906451 0.906451 0.906451
1673.381592 0.000000 2901.205566 0.000000 0.132272 0.000000 0.991214 0.182268 0.182268 0.182268
1687.727661 0.000000 2909.324219 0.000000 0.805318 0.000000 -0.592843 0.895182 0.895182 0.895182
1670.958862 0.000000 2899.550293 0.000000 0.914185 0.000000 0.405298 0.535913 0.535913 0.535913
1702.856445 0.000000 2914.280518 0.000000 0.761569 0.000000 0.648083 0.438782 0.438782 0.438782
1691.230591 0.000000 2893.635742 0.000000 0.257784 0.000000 -0.966202 0.997629 0.997629 0.997629
1674.091553 0.000000 2891.237305 0.000000 0.258675 0.000000 0.965964 0.523836 0.523836 0.523836
1703.386230 0.000000 2898.647217 0.000000 0.445057 0.000000 -0.895502 0.841550 0.841550 0.841550
1670.748413 0.000000 2917.613770 0.000000 0.211384 0.000000 -0.977403 0.889830 0.889830 0.889830
1724.678223 0.000000 2906.532715 0.000000 0.010841 0.000000 0.999941 0.231102 0.231102 0.231102
1700.992432 0.000000 2910.781250 0.000000 0.924931 0.000000 -0.380136 0.777005 0.777005 0.777005
1709.672241 0.000000 2895.087646 0.000000 0.866421 0.000000 0.499314 0.632390 0.632390 0.632390
1708.913330 0.000000 2914.024902 0.000000 0.956465 0.000000 0.291846 0.625472 0.625472 0.625472
1702.662476 0.000000 2901.685791 0.000000 0.743703 0.000000 -0.668510 0.985348 0.985348 0.985348
1674.140137 0.000000 2902.923828 0.000000 0.943116 0.000000 0.332465 0.596350 0.596350 0.596350
1719.768921 0.000000 2926.718018 0.000000 0.819665 0.000000 0.572844 0.532642 0.532642 0.532642
1715.187256 0.000000 2912.562012 0.000000 0.689628 0.000000 -0.724164 0.886810 0.886810 0.886810
1693.202271 0.000000 2891.088623 0.000000 0.992886 0.000000 0.119069 0.654947 0.654947 0.654947
1702.161743 0.000000 2904.580811 0.000000 0.887969 0.000000 -0.459904 0.866194 0.866194 0.866194
1684.686279 0.000000 2907.078613 0.000000 0.771743 0.000000 0.635935 0.555464 0.555464 0.555464
1706.959961 0.000000 2896.025391 0.000000 0.966356 0.000000 -0.257207 0.765917 0.765917 0.765917
1664.251343 0.000000 2890.121094 0.000000 0.467051 0.000000 -0.884230 0.921815 0.921815 0.921815
1686.877075 0.000000 2905.815674 0.000000 0.829010 0.000000 0.559234 0.474944 0.474944 0.474944
1706.078735 0.000000 2902.375977 0.000000 0.982946 0.000000 0.183895 0.624045 0.624045 0.624045
1700.312744 0.000000 2904.050049 0.000000 0.730499 0.000000 -0.682914 0.882609 0.882609 0.882609
1684.327026 0.000000 2904.291016 0.000000 0.163070 0.000000 -0.986615 0.995061 0.995061 0.995061
1678.376587 0.000000 2905.593750 0.000000 0.955422 0.000000 -0.295245 0.776994 0.776994 0.776994
1718.605347 0.000000 2923.677734 0.000000 0.645804 0.000000 0.763503 0.391813 0.391813 0.391813
1664.520752 0.000000 2911.851318 0.000000 0.057957 0.000000 0.998319 0.295505 0.295505 0.295505
1702.510864 0.000000 2891.884521 0.000000 0.509259 0.000000 0.860613 0.377584 0.377584 0.377584
1674.454834 0.000000 2895.941162 0.000000 0.827421 0.000000 0.561583 0.611423 0.611423 0.611423
1705.373901 0.000000 2900.805664 0.000000 0.262164 0.000000 0.965023 0.168404 0.168404 0.168404
1676.476318 0.000000 2893.388916 0.000000 0.958022 0.000000 -0.286694 0.762503 0.762503 0.762503
1694.312622 0.000000 2889.153809 0.000000 0.320492 0.000000 0.947251 0.393332 0.393332 0.393332
1705.040649 0.000000 2907.795166 0.000000 0.938965 0.000000 0.344011 0.634945 0.634945 0.634945
1670.079834 0.000000 2916.159424 0.000000 0.155539 0.000000 0.987830 0.502226 0.502226 0.502226
1711.065063 0.000000 2910.851318 0.000000 0.997379 0.000000 0.072350 0.690382 0.690382 0.690382
1702.692261 0.000000 2908.781006 0.000000 0.974748 0.000000 -0.223310 0.771236 0.771236 0.771236
1665.047363 0.000000 2914.908203 0.000000 0.249921 0.000000 0.968266 0.239268 0.239268 0.239268
1670.385498 0.000000 2908.598633 0.000000 0.867403 0.000000 -0.497606 0.827429 0.827429 0.827429
1708.283569 0.000000 2903.918945 0.000000 0.999905 0.000000 0.013748 0.698102 0.698102 0.698102
1703.831055 0.000000 2900.353027 0.000000 0.218090 0.000000 0.975929 0.173524 0.173524 0.173524
1698.866333 0.000000 2888.942139 0.000000 0.921292 0.000000 0.388872 0.586924 0.586924 0.586924
1676.660156 0.000000 2904.841309 0.000000 0.636413 0.000000 0.771348 0.587613 0.587613 0.587613
1708.488647 0.000000 2933.017578 0.000000 0.988373 0.000000 -0.152052 0.727476 0.727476 0.727476
1688.810669 0.000000 2908.211914 0.000000 0.996054 0.000000 -0.088747 0.711492 0.711492 0.711492
1720.042358 0.000000 2907.842773 0.000000 0.777597 0.000000 -0.628763 0.841406 0.841406 0.841406
1687.234253 0.000000 2912.350098 0.000000 0.280962 0.000000 -0.959719 0.931481 0.931481 0.931481
1679.346802 0.000000 2903.429688 0.000000 0.406908 0.000000 0.913469 0.285375 0.285375 0.285375
1708.556763 0.000000 2901.078369 0.000000 0.305527 0.000000 0.952183 0.398259 0.398259 0.398259
1667.920044 0.000000 2896.707031 0.000000 0.432579 0.000000 0.901596 0.321080 0.321080 0.321080
1725.824951 0.000000 2922.908936 0.000000 0.988288 0.000000 -0.152604 0.762650 0.762650 0.762650
1669.360840 0.000000 2896.093018 0.000000 0.979574 0.000000 -0.201085 0.744228 0.744228 0.744228
1671.089355 0.000000 2914.692871 0.000000 0.070735 0.000000 -0.997495 1.140392 1.140392 1.140392
1704.446167 0.000000 2906.295410 0.000000 0.905755 0.000000 -0.423802 0.781070 0.781070 0.781070
1702.668091 0.000000 2906.036377 0.000000 0.900368 0.000000 0.435129 0.544227 0.544227 0.544227
1691.461792 0.000000 2907.418945 0.000000 0.472999 0.000000 -0.881063 0.926089 0.926089 0.926089
1708.860107 0.000000 2921.280029 0.000000 0.646220 0.000000 0.763152 0.513383 0.513383 0.513383
1668.150879 0.000000 2893.588623 0.000000 0.435671 0.000000 -0.900106 1.103207 1.103207 1.103207
1681.558838 0.000000 2891.169189 0.000000 0.097504 0.000000 0.995235 0.174816 0.174816 0.174816
1664.862549 0.000000 2902.790039 0.000000 0.575478 0.000000 -0.817817 0.962739 0.962739 0.962739
1671.216553 0.000000 2909.964111 0.000000 0.988132 0.000000 0.153605 0.662269 0.662269 0.662269
1695.853760 0.000000 2889.395508 0.000000 0.259587 0.000000 -0.965720 1.022353 1.022353 1.022353
1675.925293 0.000000 2900.327393 0.000000 0.988981 0.000000 0.148042 0.654817 0.654817 0.654817
1706.089111 0.000000 2897.321533 0.000000 0.879518 0.000000 0.475865 0.574327 0.574327 0.574327
1665.838135 0.000000 2912.663330 0.000000 0.781026 0.000000 0.624499 0.474863 0.474863 0.474863
1706.427368 0.000000 2899.731934 0.000000 0.995979 0.000000 0.089591 0.662530 0.662530 0.662530
1707.588745 0.000000 2902.453369 0.000000 0.721830 0.000000 0.692070 0.386094 0.386094 0.386094
1727.261963 0.000000 2905.140381 0.000000 0.409196 0.000000 0.912447 0.230043 0.230043 0.230043
1668.294678 0.000000 2913.899902 0.000000 0.319442 0.000000 -0.947606 1.109255 1.109255 1.109255
1712.867065 0.000000 2894.095947 0.000000 0.819381 0.000000 0.573249 0.580514 0.580514 0.580514
1717.035889 0.000000 2920.459961 0.000000 0.843770 0.000000 0.536705 0.530701 0.530701 0.530701
1727.222778 0.000000 2924.632324 0.000000 0.113390 0.000000 0.993551 0.152500 0.152500 0.152500
1727.740601 0.000000 2902.680420 0.000000 0.248072 0.000000 -0.968742 0.914551 0.914551 0.914551
1727.168213 0.000000 2931.502930 0.000000 0.071464 0.000000 0.997443 0.419649 0.419649 0.419649
1685.447266 0.000000 2910.102539 0.000000 0.914084 0.000000 -0.405525 0.886076 0.886076 0.886076
1685.063232 0.000000 2914.275879 0.000000 0.417171 0.000000 -0.908828 1.128508 1.128508 1.128508
1684.669434 0.000000 2916.545410 0.000000 0.285059 0.000000 -0.958510 0.921753 0.921753 0.921753
1666.620972 0.000000 2895.828857 0.000000 0.998706 0.000000 -0.050859 0.719918 0.719918 0.719918
1700.123413 0.000000 2886.184326 0.000000 0.422804 0.000000 0.906221 0.347166 0.347166 0.347166
1669.402588 0.000000 2911.436523 0.000000 0.823509 0.000000 0.567304 0.462807 0.462807 0.462807
1684.497437 0.000000 2912.438477 0.000000 0.048741 0.000000 -0.998811 1.178779 1.178779 1.178779
1714.088501 0.000000 2915.536621 0.000000 0.780126 0.000000 0.625622 0.593688 0.593688 0.593688
1722.646973 0.000000 2907.273926 0.000000 0.991238 0.000000 0.132085 0.643281 0.643281 0.643281
1665.407837 0.000000 2896.553467 0.000000 0.971399 0.000000 -0.237453 0.763684 0.763684 0.763684
1698.480225 0.000000 2891.648193 0.000000 0.356307 0.000000 0.934369 0.335241 0.335241 0.335241
1709.762939 0.000000 2908.166992 0.000000 0.122586 0.000000 -0.992458 0.922669 0.922669 0.922669
1703.068848 0.000000 2889.799316 0.000000 0.243050 0.000000 0.970014 0.215945 0.215945 0.215945
1725.804199 0.000000 2931.858643 0.000000 0.999975 0.000000 0.007105 0.698858 0.698858 0.698858
1725.467163 0.000000 2907.835449 0.000000 0.919964 0.000000 0.392003 0.578922 0.578922 0.578922
1679.497437 0.000000 2897.300781 0.000000 0.163991 0.000000 0.986462 0.093069 0.093069 0.093069
1720.100464 0.000000 2924.461914 0.000000 0.103065 0.000000 0.994675 0.358900 0.358900 0.358900
1680.785400 0.000000 2900.944824 0.000000 0.561576 0.000000 -0.827425 0.865194 0.865194 0.865194
1708.581543 0.000000 2909.168457 0.000000 0.676982 0.000000 -0.736000 0.827204 0.827204 0.827204
1680.178345 0.000000 2893.217041 0.000000 0.997497 0.000000 -0.070709 0.731537 0.731537 0.731537
1704.598267 0.000000 2892.650391 0.000000 0.114759 0.000000 0.993393 0.262414 0.262414 0.262414
1721.150757 0.000000 2922.119141 0.000000 0.958029 0.000000 0.286671 0.641059 0.641059 0.641059
1710.484375 0.000000 2918.887451 0.000000 0.249102 0.000000 0.968477 0.467181 0.467181 0.467181
1706.046387 0.000000 2921.732422 0.000000 0.918358 0.000000 -0.395751 0.822303 0.822303 0.822303
1681.740845 0.000000 2895.617676 0.000000 0.999021 0.000000 -0.044236 0.718250 0.718250 0.718250
1705.412598 0.000000 2891.499268 0.000000 0.292561 0.000000 -0.956247 1.018351 1.018351 1.018351
1723.051880 0.000000 2926.790283 0.000000 0.937280 0.000000 -0.348578 0.759734 0.759734 0.759734
1723.273560 0.000000 2924.133789 0.000000 0.951315 0.000000 -0.308221 0.834152 0.834152 0.834152
1709.700806 0.000000 2912.892334 0.000000 0.965142 0.000000 -0.261728 0.785152 0.785152 0.785152
1665.237183 0.000000 2910.124023 0.000000 0.750844 0.000000 0.660480 0.507096 0.507096 0.507096
1683.439941 0.000000 2891.929688 0.000000 0.452454 0.000000 -0.891788 1.115709 1.115709 1.115709
1685.682373 0.000000 2911.603027 0.000000 0.995296 0.000000 -0.096886 0.743243 0.743243 0.743243
1701.172729 0.000000 2916.175537 0.000000 0.275147 0.000000 0.961402 0.433559 0.433559 0.433559
1706.858887 0.000000 2920.556396 0.000000 0.246117 0.000000 -0.969240 1.097410 1.097410 1.097410
1719.561157 0.000000 2921.795898 0.000000 0.131570 0.000000 -0.991307 0.938878 0.938878 0.938878
1683.188232 0.000000 2893.697021 0.000000 0.279396 0.000000 -0.960176 1.273812 1.273812 1.273812
1679.007935 0.000000 2892.531494 0.000000 0.577124 0.000000 0.816656 0.426123 0.426123 0.426123
1675.483154 0.000000 2903.048828 0.000000 0.856411 0.000000 -0.516295 0.865917 0.865917 0.865917
1700.353760 0.000000 2917.697754 0.000000 0.831868 0.000000 0.554974 0.578677 0.578677 0.578677
1669.286987 0.000000 2894.650146 0.000000 0.908448 0.000000 0.417997 0.565101 0.565101 0.565101
1701.768799 0.000000 2907.067139 0.000000 0.488730 0.000000 0.872435 0.453588 0.453588 0.453588
1706.087402 0.000000 2910.276123 0.000000 0.915074 0.000000 -0.403285 0.818245 0.818245 0.818245
1724.374634 0.000000 2909.267822 0.000000 0.188185 0.000000 0.982134 0.330619 0.330619 0.330619
1695.281738 0.000000 2891.993164 0.000000 0.003521 0.000000 -0.999994 1.220400 1.220400 1.220400
1710.506104 0.000000 2915.722412 0.000000 0.013272 0.000000 0.999912 0.065796 0.065796 0.065796
1701.107056 0.000000 2891.608643 0.000000 0.985368 0.000000 0.170439 0.631755 0.631755 0.631755
1686.488159 0.000000 2914.216309 0.000000 0.029223 0.000000 -0.999573 1.017894 1.017894 1.017894
1686.371948 0.000000 2909.087158 0.000000 0.903062 0.000000 -0.429510 0.836548 0.836548 0.836548
1717.129028 0.000000 2921.793457 0.000000 0.040822 0.000000 0.999166 0.242791 0.242791 0.242791
1697.989014 0.000000 2890.270996 0.000000 0.312191 0.000000 0.950019 0.391176 0.391176 0.391176
1668.212280 0.000000 2884.397949 0.000000 0.237694 0.000000 0.971340 0.434871 0.434871 0.434871
1702.210815 0.000000 2911.643311 0.000000 0.952328 0.000000 -0.305076 0.811066 0.811066 0.811066
1727.135620 0.000000 2929.609863 0.000000 0.030066 0.000000 0.999548 0.403820 0.403820 0.403820
1681.745972 0.000000 2903.238525 0.000000 0.986981 0.000000 -0.160836 0.756460 0.756460 0.756460
1727.272949 0.000000 2920.149170 0.000000 0.544880 0.000000 -0.838514 1.077159 1.077159 1.077159
1708.304565 0.000000 2910.941162 0.000000 0.774239 0.000000 -0.632894 0.925147 0.925147 0.925147
1727.274048 0.000000 2918.851318 0.000000 0.980713 0.000000 -0.195455 0.753287 0.753287 0.753287
1685.973999 0.000000 2906.863525 0.000000 0.882298 0.000000 -0.470690 0.802773 0.802773 0.802773
1725.968872 0.000000 2904.948242 0.000000 0.985339 0.000000 -0.170607 0.750635 0.750635 0.750635
1684.007202 0.000000 2909.572021 0.000000 0.971410 0.000000 -0.237409 0.771631 0.771631 0.771631
1703.992065 0.000000 2908.557861 0.000000 0.932214 0.000000 -0.361906 0.817134 0.817134 0.817134
1702.153809 0.000000 2913.219238 0.000000 0.996436 0.000000 0.084354 0.673729 0.673729 0.673729
1691.189941 0.000000 2906.107422 0.000000 0.853800 0.000000 -0.520602 0.814828 0.814828 0.814828
1701.798096 0.000000 2889.163086 0.000000 0.541961 0.000000 -0.840403 0.989526 0.989526 0.989526
1719.849121 0.000000 2927.991943 0.000000 0.335868 0.000000 0.941909 0.362999 0.362999 0.362999
1700.564575 0.000000 2890.068604 0.000000 0.246618 0.000000 -0.969113 1.226593 1.226593 1.226593
1720.686401 0.000000 2925.818604 0.000000 0.996989 0.000000 0.077549 0.681957 0.681957 0.681957
1708.948120 0.000000 2919.245605 0.000000 0.829124 0.000000 0.559064 0.448066 0.448066 0.448066
1701.520874 0.000000 2909.609619 0.000000 0.996370 0.000000 -0.085127 0.715788 0.715788 0.715788
1702.437622 0.000000 2893.717529 0.000000 0.632112 0.000000 0.774877 0.405639 0.405639 0.405639
1719.217896 0.000000 2931.372314 0.000000 0.547396 0.000000 0.836874 0.292789 0.292789 0.292789
1722.157471 0.000000 2925.909180 0.000000 0.365080 0.000000 0.930976 0.187461 0.187461 0.187461
1679.308716 0.000000 2904.706299 0.000000 0.350872 0.000000 -0.936423 1.011432 1.011432 1.011432
1667.236328 0.000000 2888.195801 0.000000 0.854561 0.000000 0.519352 0.576890 0.576890 0.576890
1718.332153 0.000000 2922.355713 0.000000 0.997756 0.000000 -0.066958 0.723772 0.723772 0.723772
1703.792847 0.000000 2909.887695 0.000000 0.182296 0.000000 -0.983244 1.138876 1.138876 1.138876
1705.163696 0.000000 2890.237793 0.000000 0.234161 0.000000 0.972198 0.366517 0.366517 0.366517
1676.847412 0.000000 2901.167725 0.000000 0.575608 0.000000 -0.817726 1.059743 1.059743 1.059743
1709.795898 0.000000 2916.768799 0.000000 0.807817 0.000000 0.589433 0.447733 0.447733 0.447733
1667.013794 0.000000 2912.113037 0.000000 0.906286 0.000000 0.422665 0.534512 0.534512 0.534512
1703.064941 0.000000 2917.078857 0.000000 0.786129 0.000000 0.618063 0.442674 0.442674 0.442674
1706.744751 0.000000 2918.276367 0.000000 0.866192 0.000000 -0.499711 0.887462 0.887462 0.887462
1707.793457 0.000000 2906.626953 0.000000 0.420354 0.000000 0.907360 0.316522 0.316522 0.316522
1693.327271 0.000000 2893.619141 0.000000 0.866276 0.000000 0.499566 0.577503 0.577503 0.577503
1703.920654 0.000000 2888.128662 0.000000 0.864490 0.000000 0.502649 0.507640 0.507640 0.507640
1721.196533 0.000000 2923.609619 0.000000 0.459615 0.000000 -0.888119 0.921620 0.921620 0.921620
1671.943604 0.000000 2903.801514 0.000000 0.870454 0.000000 -0.492249 0.879886 0.879886 0.879886
1707.230591 0.000000 2911.532959 0.000000 0.634465 0.000000 0.772951 0.448335 0.448335 0.448335
1680.476807 0.000000 2895.499756 0.000000 0.072422 0.000000 -0.997374 1.317948 1.317948 1.317948
1700.218872 0.000000 2887.420410 0.000000 0.762314 0.000000 -0.647207 0.918967 0.918967 0.918967
1680.376343 0.000000 2890.606689 0.000000 0.891174 0.000000 -0.453661 0.867868 0.867868 0.867868
1691.365112 0.000000 2892.387695 0.000000 0.996479 0.000000 0.083846 0.680929 0.680929 0.680929
1696.062012 0.000000 2890.603027 0.000000 0.997189 0.000000 -0.074928 0.718480 0.718480 0.718480
1666.500610 0.000000 2910.044922 0.000000 0.842097 0.000000 0.539326 0.446151 0.446151 0.446151
1668.745239 0.000000 2886.457031 0.000000 0.562119 0.000000 -0.827056 0.939966 0.939966 0.939966
1727.006226 0.000000 2909.321533 0.000000 0.644727 0.000000 -0.764413 0.928094 0.928094 0.928094
1706.247192 0.000000 2919.462402 0.000000 0.875842 0.000000 0.482598 0.519576 0.519576 0.519576
1666.563721 0.000000 2889.912842 0.000000 0.389694 0.000000 -0.920944 0.963875 0.963875 0.963875
1714.594238 0.000000 2895.314697 0.000000 0.655232 0.000000 -0.755427 1.056159 1.056159 1.056159
1664.967407 0.000000 2889.149170 0.000000 0.670723 0.000000 -0.741708 0.919046 0.919046 0.919046
1712.579224 0.000000 2920.000488 0.000000 0.999774 0.000000 -0.021261 0.707915 0.707915 0.707915
1700.485840 0.000000 2907.292725 0.000000 0.680321 0.000000 -0.732915 0.891195 0.891195 0.891195
1668.556641 0.000000 2887.765137 0.000000 0.583714 0.000000 0.811959 0.466527 0.466527 0.466527
1713.268188 0.000000 2914.394775 0.000000 0.887805 0.000000 -0.460220 0.845424 0.845424 0.845424
1670.263916 0.000000 2898.452148 0.000000 0.241740 0.000000 0.970341 0.178358 0.178358 0.178358
1677.728149 0.000000 2893.748535 0.000000 0.653588 0.000000 -0.756851 0.884533 0.884533 0.884533
1711.674438 0.000000 2914.065674 0.000000 0.796060 0.000000 0.605218 0.435312 0.435312 0.435312
1716.098022 0.000000 2922.392090 0.000000 0.469704 0.000000 0.882824 0.431534 0.431534 0.431534
1694.038574 0.000000 2891.920898 0.000000 0.162429 0.000000 -0.986720 1.167396 1.167396 1.167396
1689.422974 0.000000 2904.200439 0.000000 0.873958 0.000000 0.486002 0.539468 0.539468 0.539468
1696.441040 0.000000 2888.302490 0.000000 0.714719 0.000000 0.699412 0.440102 0.440102 0.440102
1676.553345 0.000000 2903.543457 0.000000 0.999515 0.000000 0.031129 0.691730 0.691730 0.691730
1722.791870 0.000000 2908.489990 0.000000 0.932740 0.000000 -0.360550 0.783154 0.783154 0.783154
1706.073730 0.000000 2898.599121 0.000000 0.848151 0.000000 0.529755 0.466808 0.466808 0.466808
1671.807617 0.000000 2896.783691 0.000000 0.272528 0.000000 0.962148 0.240666 0.240666 0.240666
1670.407227 0.000000 2897.108398 0.000000 0.649762 0.000000 -0.760137 1.006343 1.006343 1.006343
1703.361206 0.000000 2892.708496 0.000000 0.899713 0.000000 0.436481 0.550022 0.550022 0.550022
1725.676270 0.000000 2920.533447 0.000000 0.959501 0.000000 -0.281704 0.769369 0.769369 0.769369
1726.800781 0.000000 2927.156738 0.000000 0.649611 0.000000 0.760267 0.416227 0.416227 0.416227
1670.489258 0.000000 2910.981445 0.000000 0.271072 0.000000 0.962559 0.283171 0.283171 0.283171
1724.917358 0.000000 2922.084473 0.000000 0.363132 0.000000 -0.931738 1.190382 1.190382 1.190382
1663.806152 0.000000 2914.478027 0.000000 0.871438 0.000000 0.490506 0.527085 0.527085 0.527085
1665.602295 0.000000 2913.840820 0.000000 0.268847 0.000000 0.963183 0.266542 0.266542 0.266542
1714.578735 0.000000 2921.298096 0.000000 0.979686 0.000000 -0.200537 0.781861 0.781861 0.781861
1707.993530 0.000000 2920.467529 0.000000 0.443017 0.000000 0.896513 0.365800 0.365800 0.365800
1667.707886 0.000000 2897.823730 0.000000 0.978720 0.000000 0.205199 0.630295 0.630295 0.630295
1708.664429 0.000000 2916.906250 0.000000 0.860175 0.000000 0.509999 0.485821 0.485821 0.485821
1678.143799 0.000000 2895.827148 0.000000 0.922516 0.000000 -0.385958 0.868964 0.868964 0.868964
1667.213745 0.000000 2915.029297 0.000000 0.146690 0.000000 0.989182 0.311901 0.311901 0.311901
1671.169312 0.000000 2912.507324 0.000000 0.263909 0.000000 -0.964547 1.087322 1.087322 1.087322
1702.422241 0.000000 2918.528809 0.000000 0.760488 0.000000 0.649352 0.493743 0.493743 0.493743
1682.045776 0.000000 2893.857666 0.000000 0.999998 0.000000 0.001903 0.699152 0.699152 0.699152
1714.094971 0.000000 2913.061279 0.000000 0.099112 0.000000 -0.995076 1.039452 1.039452 1.039452
1693.694092 0.000000 2890.070801 0.000000 0.120871 0.000000 0.992668 0.152797 0.152797 0.152797
1678.453247 0.000000 2899.694580 0.000000 0.667241 0.000000 0.744842 0.485600 0.485600 0.485600
1677.994141 0.000000 2898.006592 0.000000 0.390139 0.000000 -0.920756 1.084403 1.084403 1.084403
1665.230591 0.000000 2888.042725 0.000000 0.371411 0.000000 -0.928468 1.012014 1.012014 1.012014
1727.652954 0.000000 2906.193359 0.000000 0.068366 0.000000 -0.997660 1.172595 1.172595 1.172595
1679.907837 0.000000 2894.478271 0.000000 0.985335 0.000000 0.170630 0.626884 0.626884 0.626884
1669.965210 0.000000 2886.122070 0.000000 0.932525 0.000000 0.361105 0.608963 0.608963 0.608963
1726.351685 0.000000 2923.874268 0.000000 0.452354 0.000000 -0.891839 1.158097 1.158097 1.158097
1681.078247 0.000000 2892.487061 0.000000 0.374034 0.000000 0.927415 0.170836 0.170836 0.170836
1686.003418 0.000000 2908.015137 0.000000 0.929175 0.000000 -0.369639 0.816454 0.816454 0.816454
1708.237671 0.000000 2914.914795 0.000000 0.110015 0.000000 0.993930 0.332448 0.332448 0.332448
1679.760864 0.000000 2899.407227 0.000000 0.825505 0.000000 0.564394 0.546988 0.546988 0.546988
1666.326050 0.000000 2893.074707 0.000000 0.801689 0.000000 -0.597741 0.947441 0.947441 0.947441
1726.489136 0.000000 2925.545898 0.000000 0.735228 0.000000 -0.677820 0.979842 0.979842 0.979842
1671.811279 0.000000 2898.874268 0.000000 0.922002 0.000000 0.387186 0.543670 0.543670 0.543670
1701.546509 0.000000 2888.087402 0.000000 0.605947 0.000000 0.795505 0.433155 0.433155 0.433155
1702.161133 0.000000 2915.515381 0.000000 0.818119 0.000000 -0.575049 0.926984 0.926984 0.926984
1692.343384 0.000000 2890.410156 0.000000 0.809702 0.000000 -0.586842 0.936736 0.936736 0.936736
1668.228027 0.000000 2892.294922 0.000000 0.636126 0.000000 0.771585 0.382720 0.382720 0.382720
1677.798218 0.000000 2902.745361 0.000000 0.840151 0.000000 -0.542353 0.852270 0.852270 0.852270
1692.179199 0.000000 2891.542236 0.000000 0.813218 0.000000 -0.581959 0.934465 0.934465 0.934465
1669.733765 0.000000 2893.569336 0.000000 0.954160 0.000000 0.299297 0.590575 0.590575 0.590575
1666.145630 0.000000 2914.905762 0.000000 0.390130 0.000000 0.920760 0.381025 0.381025 0.381025
1670.195923 0.000000 2895.226074 0.000000 0.818924 0.000000 0.573902 0.547243 0.547243 0.547243
1725.178589 0.000000 2923.803955 0.000000 0.366770 0.000000 0.930312 0.211216 0.211216 0.211216
1709.181152 0.000000 2910.334229 0.000000 0.353999 0.000000 -0.935246 1.097196 1.097196 1.097196
1702.938232 0.000000 2890.899902 0.000000 0.798533 0.000000 0.601951 0.499067 0.499067 0.499067
1670.883301 0.000000 2913.604736 0.000000 0.986989 0.000000 0.160788 0.652023 0.652023 0.652023
1687.079346 0.000000 2898.306152 0.000000 0.627267 0.000000 0.778804 0.389526 0.389526 0.389526
1706.004761 0.000000 2909.206055 0.000000 0.750016 0.000000 -0.661420 1.017012 1.017012 1.017012
1667.468872 0.000000 2913.089844 0.000000 0.546954 0.000000 0.837163 0.323780 0.323780 0.323780
1667.581421 0.000000 2908.384766 0.000000 0.827489 0.000000 -0.561481 0.953173 0.953173 0.953173
1708.790161 0.000000 2899.076660 0.000000 0.635988 0.000000 -0.771699 0.951103 0.951103 0.951103
1667.456787 0.000000 2909.454590 0.000000 0.101112 0.000000 0.994875 0.075953 0.075953 0.075953
1664.934937 0.000000 2897.549316 0.000000 0.494701 0.000000 -0.869063 0.979792 0.979792 0.979792
1723.692627 0.000000 2906.925293 0.000000 0.992004 0.000000 -0.126205 0.754180 0.754180 0.754180
1669.067139 0.000000 2913.154785 0.000000 0.846746 0.000000 -0.531997 0.884300 0.884300 0.884300
1687.794067 0.000000 2910.440430 0.000000 0.539773 0.000000 0.841810 0.329279 0.329279 0.329279
1722.559814 0.000000 2924.940186 0.000000 0.787106 0.000000 0.616817 0.415406 0.415406 0.415406
1707.727905 0.000000 2908.484863 0.000000 0.206379 0.000000 0.978472 0.102163 0.102163 0.102163
1688.936157 0.000000 2905.563965 0.000000 0.647465 0.000000 -0.762095 0.974098 0.974098 0.974098
1717.181519 0.000000 2893.408203 0.000000 0.763939 0.000000 -0.645288 1.002762 1.002762 1.002762
1703.199707 0.000000 2894.664062 0.000000 0.578665 0.000000 -0.815565 0.988336 0.988336 0.988336
1700.178589 0.000000 2891.062012 0.000000 0.999967 0.000000 0.008172 0.696744 0.696744 0.696744
1712.014648 0.000000 2912.577881 0.000000 0.965747 0.000000 -0.259486 0.779818 0.779818 0.779818
1708.199829 0.000000 2918.529785 0.000000 0.952788 0.000000 0.303637 0.568988 0.568988 0.568988
1703.305542 0.000000 2911.456543 0.000000 0.699706 0.000000 -0.714431 0.985103 0.985103 0.985103
1709.396362 0.000000 2897.067139 0.000000 0.832926 0.000000 -0.553385 0.907014 0.907014 0.907014
1700.072876 0.000000 2893.132568 0.000000 0.934666 0.000000 0.355528 0.596461 0.596461 0.596461
1687.359009 0.000000 2906.765625 0.000000 0.777290 0.000000 -0.629142 0.943774 0.943774 0.943774
1666.777832 0.000000 2891.315430 0.000000 0.155523 0.000000 0.987832 0.299504 0.299504 0.299504
1669.017944 0.000000 2916.272705 0.000000 0.270178 0.000000 -0.962810 1.085389 1.085389 1.085389
1665.770508 0.000000 2906.104004 0.000000 0.758349 0.000000 -0.651848 0.981666 0.981666 0.981666
1725.421509 0.000000 2905.815430 0.000000 0.999028 0.000000 -0.044088 0.713025 0.713025 0.713025
1727.110352 0.000000 2907.063232 0.000000 0.603893 0.000000 0.797066 0.409839 0.409839 0.409839
1707.149292 0.000000 2907.478516 0.000000 0.468033 0.000000 0.883711 0.334475 0.334475 0.334475
1671.386719 0.000000 2902.936768 0.000000 0.627824 0.000000 -0.778355 1.011783 1.011783 1.011783
1678.682129 0.000000 2894.926270 0.000000 0.968131 0.000000 -0.250445 0.807942 0.807942 0.807942
1706.475708 0.000000 2905.640869 0.000000 0.027532 0.000000 0.999621 0.233423 0.233423 0.233423
1707.060059 0.000000 2898.904785 0.000000 0.540209 0.000000 0.841531 0.282281 0.282281 0.282281
1684.427124 0.000000 2913.456543 0.000000 0.814254 0.000000 -0.580509 0.894827 0.894827 0.894827
1688.085449 0.000000 2907.492920 0.000000 0.990827 0.000000 0.135136 0.649543 0.649543 0.649543
1679.393311 0.000000 2902.408447 0.000000 0.854892 0.000000 0.518806 0.503635 0.503635 0.503635
1667.077637 0.000000 2911.049805 0.000000 0.862213 0.000000 0.506546 0.463291 0.463291 0.463291
1699.745483 0.000000 2889.476807 0.000000 0.273752 0.000000 -0.961800 1.066202 1.066202 1.066202
1702.706909 0.000000 2895.875732 0.000000 0.089085 0.000000 0.996024 0.252067 0.252067 0.252067
1687.841309 0.000000 2905.506348 0.000000 0.985652 0.000000 0.168789 0.635683 0.635683 0.635683
1668.165283 0.000000 2917.821777 0.000000 0.872347 0.000000 -0.488888 0.851757 0.851757 0.851757
1702.460449 0.000000 2907.811279 0.000000 0.191641 0.000000 -0.981465 1.176805 1.176805 1.176805
1675.653809 0.000000 2892.820557 0.000000 0.941062 0.000000 0.338233 0.560710 0.560710 0.560710
1713.079590 0.000000 2915.867432 0.000000 0.969070 0.000000 -0.246787 0.775826 0.775826 0.775826
1727.763550 0.000000 2927.564941 0.000000 0.761393 0.000000 -0.648291 0.931736 0.931736 0.931736
1668.156982 0.000000 2916.796631 0.000000 0.536136 0.000000 -0.844131 0.998558 0.998558 0.998558
1681.929810 0.000000 2890.190918 0.000000 0.414920 0.000000 0.909858 0.292533 0.292533 0.292533
1682.474976 0.000000 2891.557373 0.000000 0.234395 0.000000 -0.972142 1.203631 1.203631 1.203631
1673.459961 0.000000 2900.214111 0.000000 0.185949 0.000000 0.982559 0.201844 0.201844 0.201844
1708.465698 0.000000 2897.491211 0.000000 0.905276 0.000000 0.424824 0.545110 0.545110 0.545110
1670.992310 0.000000 2915.713623 0.000000 0.647545 0.000000 -0.762027 0.954381 0.954381 0.954381
1684.989746 0.000000 2915.590332 0.000000 0.538091 0.000000 -0.842887 1.076717 1.076717 1.076717
1673.188965 0.000000 2903.236572 0.000000 0.667509 0.000000 -0.744601 0.965683 0.965683 0.965683
1673.414185 0.000000 2902.220459 0.000000 0.393897 0.000000 0.919155 0.331202 0.331202 0.331202
1665.698730 0.000000 2908.323975 0.000000 0.604369 0.000000 0.796705 0.421303 0.421303 0.421303
1668.396484 0.000000 2911.328125 0.000000 0.944027 0.000000 -0.329867 0.832182 0.832182 0.832182
1664.765259 0.000000 2907.701904 0.000000 0.783584 0.000000 -0.621286 0.965942 0.965942 0.965942
1713.373535 0.000000 2921.097900 0.000000 0.874025 0.000000 -0.485881 0.888861 0.888861 0.888861
1711.343872 0.000000 2915.061768 0.000000 0.096784 0.000000 0.995305 0.099863 0.099863 0.099863
1724.316040 0.000000 2905.614258 0.000000 0.996796 0.000000 -0.079988 0.723649 0.723649 0.723649
1676.000122 0.000000 2901.684570 0.000000 0.264278 0.000000 0.964447 0.210295 0.210295 0.210295
1727.428833 0.000000 2904.164795 0.000000 0.185651 0.000000 0.982616 0.134009 0.134009 0.134009
1674.044922 0.000000 2903.992920 0.000000 0.244668 0.000000 0.969607 0.295201 0.295201 0.295201
1674.339844 0.000000 2900.773193 0.000000 0.996178 0.000000 -0.087342 0.726593 0.726593 0.726593
1670.104126 0.000000 2903.389160 0.000000 0.446223 0.000000 0.894922 0.312646 0.312646 0.312646
1727.454834 0.000000 2921.677002 0.000000 0.690572 0.000000 0.723264 0.393390 0.393390 0.393390
1664.004272 0.000000 2909.394287 0.000000 0.754720 0.000000 -0.656047 0.916339 0.916339 0.916339
1678.669800 0.000000 2896.670898 0.000000 0.226955 0.000000 0.973905 0.120788 0.120788 0.120788
1715.678711 0.000000 2894.734619 0.000000 0.531245 0.000000 0.847218 0.279614 0.279614 0.279614
1663.877075 0.000000 2903.204346 0.000000 0.780412 0.000000 -0.625265 0.926645 0.926645 0.926645
1663.995483 0.000000 2902.221680 0.000000 0.994367 0.000000 -0.105989 0.735630 0.735630 0.735630
1709.466431 0.000000 2896.046387 0.000000 0.668390 0.000000 -0.743811 0.996090 0.996090 0.996090
1703.574707 0.000000 2901.326904 0.000000 0.941820 0.000000 -0.336117 0.833589 0.833589 0.833589
1675.489014 0.000000 2893.768066 0.000000 0.765613 0.000000 0.643301 0.417899 0.417899 0.417899
1702.218140 0.000000 2916.520508 0.000000 0.739726 0.000000 0.672908 0.414921 0.414921 0.414921
1687.576172 0.000000 2904.000732 0.000000 0.937807 0.000000 -0.347158 0.834450 0.834450 0.834450
1677.648193 0.000000 2899.159424 0.000000 0.476016 0.000000 -0.879437 1.053081 1.053081 1.053081
1668.572632 0.000000 2914.843750 0.000000 0.997174 0.000000 0.075129 0.675556 0.675556 0.675556
1722.125488 0.000000 2924.005615 0.000000 0.842396 0.000000 -0.538858 0.943657 0.943657 0.943657
1670.354736 0.000000 2911.938965 0.000000 0.558918 0.000000 -0.829223 1.014390 1.014390 1.014390
1664.914307 0.000000 2904.624268 0.000000 0.181901 0.000000 0.983317 0.142151 0.142151 0.142151
1702.349854 0.000000 2902.621826 0.000000 0.998685 0.000000 0.051260 0.678670 0.678670 0.678670
1720.531128 0.000000 2927.298096 0.000000 0.576847 0.000000 -0.816852 1.070867 1.070867 1.070867
1672.587524 0.000000 2900.625732 0.000000 0.183096 0.000000 0.983095 0.200799 0.200799 0.200799
1668.823975 0.000000 2910.380127 0.000000 0.982013 0.000000 -0.188811 0.774690 0.774690 0.774690
1719.144897 0.000000 2922.871582 0.000000 0.977937 0.000000 -0.208901 0.774660 0.774660 0.774660
1703.985596 0.000000 2902.915771 0.000000 0.861468 0.000000 -0.507811 0.921539 0.921539 0.921539
1689.010620 0.000000 2907.198242 0.000000 0.604471 0.000000 -0.796627 1.043087 1.043087 1.043087
1671.583618 0.000000 2902.005127 0.000000 0.943776 0.000000 0.330587 0.582239 0.582239 0.582239
1710.293213 0.000000 2917.565918 0.000000 0.057693 0.000000 -0.998334 1.231488 1.231488 1.231488
1667.090698 0.000000 2894.953613 0.000000 0.935248 0.000000 0.353994 0.558355 0.558355 0.558355
1718.443481 0.000000 2930.829834 0.000000 0.409473 0.000000 -0.912322 1.171841 1.171841 1.171841
1689.599976 0.000000 2906.267822 0.000000 0.936881 0.000000 -0.349649 0.832961 0.832961 0.832961
1672.514648 0.000000 2901.614746 0.000000 0.689704 0.000000 -0.724091 0.991500 0.991500 0.991500
1726.681030 0.000000 2922.404053 0.000000 0.999962 0.000000 -0.008763 0.703645 0.703645 0.703645
1680.277344 0.000000 2903.267334 0.000000 0.715687 0.000000 0.698421 0.429757 0.429757 0.429757
1706.032593 0.000000 2907.611572 0.000000 0.778739 0.000000 0.627347 0.471274 0.471274 0.471274
1686.164673 0.000000 2905.135742 0.000000 0.164005 0.000000 -0.986459 1.233209 1.233209 1.233209
1669.948242 0.000000 2913.833008 0.000000 0.569917 0.000000 0.821702 0.383153 0.383153 0.383153
1687.440674 0.000000 2911.390381 0.000000 0.542264 0.000000 -0.840208 1.069623 1.069623 1.069623
1674.884888 0.000000 2892.120361 0.000000 0.956360 0.000000 0.292189 0.580299 0.580299 0.580299
1703.307129 0.000000 2888.875977 0.000000 0.973798 0.000000 0.227417 0.616204 0.616204 0.616204
1703.608154 0.000000 2905.828369 0.000000 0.997966 0.000000 -0.063751 0.722186 0.722186 0.722186
1664.801636 0.000000 2906.760254 0.000000 0.734705 0.000000 0.678386 0.404234 0.404234 0.404234
1702.829468 0.000000 2900.764160 0.000000 0.602183 0.000000 -0.798358 1.060313 1.060313 1.060313
1715.273315 0.000000 2921.952148 0.000000 0.191919 0.000000 0.981411 0.141435 0.141435 0.141435
1677.510498 0.000000 2901.872803 0.000000 0.992245 0.000000 -0.124297 0.746823 0.746823 0.746823
1702.224121 0.000000 2903.550537 0.000000 0.491237 0.000000 0.871026 0.260248 0.260248 0.260248
1703.017578 0.000000 2904.240723 0.000000 0.999972 0.000000 -0.007488 0.702604 0.702604 0.702604
1706.763428 0.000000 2902.977295 0.000000 0.900658 0.000000 0.434528 0.515393 0.515393 0.515393
1721.911499 0.000000 2927.779541 0.000000 0.210578 0.000000 -0.977577 1.227099 1.227099 1.227099
1667.256348 0.000000 2893.348877 0.000000 0.269552 0.000000 0.962986 0.198742 0.198742 0.198742
1681.192993 0.000000 2893.387939 0.000000 0.275972 0.000000 0.961166 0.124600 0.124600 0.124600
1706.153931 0.000000 2901.373047 0.000000 0.987217 0.000000 -0.159380 0.765735 0.765735 0.765735
1704.524414 0.000000 2901.114990 0.000000 0.890617 0.000000 0.454755 0.507768 0.507768 0.507768
1704.717773 0.000000 2900.190186 0.000000 0.112069 0.000000 -0.993700 1.293879 1.293879 1.293879
1707.744751 0.000000 2900.566406 0.000000 0.457210 0.000000 -0.889359 1.150083 1.150083 1.150083
1666.185669 0.000000 2894.981934 0.000000 0.929640 0.000000 -0.368469 0.847722 0.847722 0.847722
1665.910645 0.000000 2905.221436 0.000000 0.491596 0.000000 -0.870824 1.124805 1.124805 1.124805
1703.403687 0.000000 2902.237793 0.000000 0.700012 0.000000 0.714131 0.369181 0.369181 0.369181
1707.520386 0.000000 2903.442627 0.000000 0.864892 0.000000 0.501959 0.484038 0.484038 0.484038
1670.087646 0.000000 2899.834473 0.000000 0.668227 0.000000 -0.743957 1.029889 1.029889 1.029889
1703.186523 0.000000 2917.957275 0.000000 0.827282 0.000000 -0.561787 0.930395 0.930395 0.930395
1683.051514 0.000000 2892.760254 0.000000 0.132288 0.000000 0.991211 0.059125 0.059125 0.059125
1687.183350 0.000000 2904.916504 0.000000 0.511079 0.000000 0.859534 0.307746 0.307746 0.307746
1679.934937 0.000000 2896.469238 0.000000 0.990106 0.000000 -0.140318 0.760769 0.760769 0.760769
1707.953369 0.000000 2898.742188 0.000000 0.759831 0.000000 -0.650121 0.995605 0.995605 0.995605
1717.243652 0.000000 2892.328613 0.000000 0.925771 0.000000 0.378086 0.532636 0.532636 0.532636
1706.853394 0.000000 2901.936279 0.000000 0.999147 0.000000 -0.041286 0.716960 0.716960 0.716960
1705.173218 0.000000 2901.697754 0.000000 0.659531 0.000000 -0.751677 1.046354 1.046354 1.046354
1701.911133 0.000000 2891.277588 0.000000 0.186487 0.000000 0.982457 0.148861 0.148861 0.148861
1706.930054 0.000000 2909.202148 0.000000 0.897731 0.000000 0.440545 0.499888 0.499888 0.499888
1685.143188 0.000000 2910.925049 0.000000 0.184911 0.000000 -0.982755 1.317121 1.317121 1.317121
1684.583862 0.000000 2910.218750 0.000000 0.316990 0.000000 0.948429 0.143741 0.143741 0.143741
1684.837158 0.000000 2911.678711 0.000000 0.648565 0.000000 -0.761159 1.085517 1.085517 1.085517
1685.977417 0.000000 2910.817871 0.000000 0.220729 0.000000 0.975335 0.099181 0.099181 0.099181
1776.067261 0.000000 2901.240234 0.000000 0.882337 0.000000 -0.470618 0.742815 0.742815 0.742815
1756.156128 0.000000 2886.961670 0.000000 0.533290 0.000000 -0.845933 0.735242 0.735242 0.735242
1729.765015 0.000000 2922.308350 0.000000 0.778073 0.000000 -0.628174 0.819883 0.819883 0.819883
1735.956055 0.000000 2908.621338 0.000000 0.712914 0.000000 -0.701251 1.020520 1.020520 1.020520
1744.229980 0.000000 2924.655029 0.000000 0.941786 0.000000 -0.336213 0.785691 0.785691 0.785691
1786.199829 0.000000 2892.822266 0.000000 0.709897 0.000000 0.704306 0.679515 0.679515 0.679515
1765.137085 0.000000 2912.427246 0.000000 0.932549 0.000000 0.361044 0.535389 0.535389 0.535389
1787.058594 0.000000 2905.889893 0.000000 0.998737 0.000000 0.050237 0.699210 0.699210 0.699210
1754.758789 0.000000 2921.102295 0.000000 0.172834 0.000000 0.984951 0.197044 0.197044 0.197044
1763.284912 0.000000 2879.859375 0.000000 0.123381 0.000000 0.992359 0.055123 0.055123 0.055123
1737.464355 0.000000 2889.542236 0.000000 0.595397 0.000000 0.803432 0.382041 0.382041 0.382041
1749.363525 0.000000 2879.650879 0.000000 0.923752 0.000000 -0.382991 0.865532 0.865532 0.865532
1739.161621 0.000000 2917.104980 0.000000 0.736817 0.000000 -0.676092 0.744115 0.744115 0.744115
1728.019653 0.000000 2904.175537 0.000000 0.991834 0.000000 -0.127538 0.754532 0.754532 0.754532
1728.503052 0.000000 2913.462646 0.000000 0.153698 0.000000 -0.988118 0.932690 0.932690 0.932690
1751.459961 0.000000 2929.712402 0.000000 0.657281 0.000000 0.753645 0.673149 0.673149 0.673149
1747.427979 0.000000 2888.320557 0.000000 0.919646 0.000000 -0.392749 0.764893 0.764893 0.764893
1777.547852 0.000000 2892.778564 0.000000 0.413971 0.000000 0.910290 0.554058 0.554058 0.554058
1773.926880 0.000000 2909.583252 0.000000 0.893408 0.000000 -0.449247 0.738269 0.738269 0.738269
1743.994995 0.000000 2905.884521 0.000000 0.953209 0.000000 -0.302312 0.824517 0.824517 0.824517
1736.590576 0.000000 2899.625000 0.000000 0.566216 0.000000 -0.824257 1.053882 1.053882 1.053882
1728.290039 0.000000 2930.413574 0.000000 0.162569 0.000000 0.986697 0.517980 0.517980 0.517980
1763.311768 0.000000 2890.441650 0.000000 0.678801 0.000000 0.734322 0.524177 0.524177 0.524177
1789.059082 0.000000 2915.448730 0.000000 0.562005 0.000000 0.827134 0.582553 0.582553 0.582553
1747.414429 0.000000 2917.516113 0.000000 0.990384 0.000000 -0.138348 0.745842 0.745842 0.745842
1775.339111 0.000000 2880.725098 0.000000 0.450370 0.000000 0.892842 0.649855 0.649855 0.649855
1783.160889 0.000000 2899.823242 0.000000 0.592199 0.000000 0.805792 0.487124 0.487124 0.487124
1758.504883 0.000000 2915.105713 0.000000 0.954395 0.000000 -0.298545 0.731789 0.731789 0.731789
1787.453491 0.000000 2885.674316 0.000000 0.870069 0.000000 0.492929 0.627035 0.627035 0.627035
1780.673340 0.000000 2886.600098 0.000000 0.962561 0.000000 0.271064 0.586309 0.586309 0.586309
1781.308594 0.000000 2909.519775 0.000000 0.704208 0.000000 0.709994 0.690342 0.690342 0.690342
1730.106689 0.000000 2888.758789 0.000000 0.798693 0.000000 -0.601739 0.755290 0.755290 0.755290
1743.372314 0.000000 2912.245850 0.000000 0.797171 0.000000 0.603754 0.647892 0.647892 0.647892
1757.293701 0.000000 2881.020508 0.000000 0.058118 0.000000 0.998310 0.218888 0.218888 0.218888
1789.218872 0.000000 2900.120605 0.000000 0.512149 0.000000 -0.858896 0.916654 0.916654 0.916654
1733.041870 0.000000 2917.329102 0.000000 0.362266 0.000000 0.932075 0.597234 0.597234 0.597234
1739.646973 0.000000 2894.725586 0.000000 0.111997 0.000000 0.993709 0.643923 0.643923 0.643923
1749.853882 0.000000 2923.919678 0.000000 0.181317 0.000000 -0.983425 1.056691 1.056691 1.056691
1765.216187 0.000000 2885.041016 0.000000 0.458962 0.000000 0.888456 0.434259 0.434259 0.434259
1751.270630 0.000000 2884.599854 0.000000 0.838341 0.000000 -0.545146 0.709068 0.709068 0.709068
1780.240723 0.000000 2904.399414 0.000000 0.293145 0.000000 -0.956068 0.717801 0.717801 0.717801
1749.291626 0.000000 2905.561035 0.000000 0.376509 0.000000 -0.926413 0.938106 0.938106 0.938106
1753.196289 0.000000 2916.027588 0.000000 0.045938 0.000000 -0.998944 1.238287 1.238287 1.238287
1733.150146 0.000000 2903.623291 0.000000 0.999797 0.000000 -0.020127 0.705136 0.705136 0.705136
1742.528564 0.000000 2890.461914 0.000000 0.675034 0.000000 -0.737786 0.950871 0.950871 0.950871
1738.960815 0.000000 2904.367920 0.000000 0.060525 0.000000 0.998167 0.330503 0.330503 0.330503
1734.613647 0.000000 2894.200439 0.000000 0.897995 0.000000 -0.440005 0.873573 0.873573 0.873573
1786.092651 0.000000 2911.285889 0.000000 0.010322 0.000000 -0.999947 1.209960 1.209960 1.209960
1730.551636 0.000000 2908.839111 0.000000 0.587955 0.000000 0.808894 0.385482 0.385482 0.385482
1775.642212 0.000000 2888.171143 0.000000 0.996745 0.000000 0.080616 0.693230 0.693230 0.693230
1741.772827 0.000000 2928.956299 0.000000 0.180577 0.000000 -0.983561 0.726706 0.726706 0.726706
1764.078125 0.000000 2895.846924 0.000000 0.722366 0.000000 -0.691511 0.725354 0.725354 0.725354
1735.955688 0.000000 2913.480225 0.000000 0.911587 0.000000 0.411106 0.520825 0.520825 0.520825
1741.387207 0.000000 2900.080322 0.000000 0.861487 0.000000 -0.507780 0.862885 0.862885 0.862885
1743.157715 0.000000 2919.956787 0.000000 0.682084 0.000000 0.731274 0.396131 0.396131 0.396131
1781.901733 0.000000 2895.077881 0.000000 0.234922 0.000000 0.972014 0.473924 0.473924 0.473924
1757.359131 0.000000 2902.930176 0.000000 0.600521 0.000000 0.799609 0.619031 0.619031 0.619031
1760.484253 0.000000 2885.342041 0.000000 0.099277 0.000000 0.995060 0.098312 0.098312 0.098312
1727.823120 0.000000 2918.098145 0.000000 0.158330 0.000000 -0.987386 1.082421 1.082421 1.082421
1789.803467 0.000000 2889.564697 0.000000 0.936982 0.000000 0.349378 0.665071 0.665071 0.665071
1754.042236 0.000000 2925.682373 0.000000 0.999821 0.000000 -0.018912 0.701487 0.701487 0.701487
1740.395142 0.000000 2908.930664 0.000000 0.692124 0.000000 -0.721779 0.921244 0.921244 0.921244
1747.562744 0.000000 2927.634766 0.000000 0.087963 0.000000 0.996124 0.059980 0.059980 0.059980
1782.485107 0.000000 2890.560791 0.000000 0.539199 0.000000 0.842178 0.318527 0.318527 0.318527
1760.875488 0.000000 2911.556152 0.000000 0.961790 0.000000 0.273790 0.653957 0.653957 0.653957
1778.843262 0.000000 2898.026367 0.000000 0.915884 0.000000 0.401443 0.556340 0.556340 0.556340
1763.802856 0.000000 2916.437500 0.000000 0.506788 0.000000 0.862071 0.571040 0.571040 0.571040
1769.203003 0.000000 2913.729980 0.000000 0.690969 0.000000 -0.722885 1.060058 1.060058 1.060058
1779.008545 0.000000 2882.746094 0.000000 0.962452 0.000000 0.271451 0.671656 0.671656 0.671656
1747.337524 0.000000 2913.424072 0.000000 0.231581 0.000000 0.972816 0.298091 0.298091 0.298091
1783.566650 0.000000 2914.588135 0.000000 0.919320 0.000000 0.393511 0.676675 0.676675 0.676675
1746.738281 0.000000 2909.139648 0.000000 0.988349 0.000000 -0.152202 0.727770 0.727770 0.727770
1750.798096 0.000000 2919.836182 0.000000 0.253950 0.000000 -0.967217 0.931935 0.931935 0.931935
1773.312744 0.000000 2884.222900 0.000000 0.417840 0.000000 -0.908521 0.749794 0.749794 0.749794
1753.247314 0.000000 2880.959473 0.000000 0.875301 0.000000 0.483579 0.639137 0.639137 0.639137
1785.891968 0.000000 2897.088379 0.000000 0.439175 0.000000 0.898401 0.354760 0.354760 0.354760
1733.777100 0.000000 2890.468994 0.000000 0.404670 0.000000 -0.914463 1.129626 1.129626 1.129626
1746.541504 0.000000 2921.655518 0.000000 0.418071 0.000000 -0.908414 0.994717 0.994717 0.994717
1732.205811 0.000000 2912.313965 0.000000 0.916098 0.000000 -0.400954 0.824730 0.824730 0.824730
1727.996704 0.000000 2925.732178 0.000000 0.877018 0.000000 -0.480457 0.888307 0.888307 0.888307
1757.884766 0.000000 2918.869385 0.000000 0.998935 0.000000 -0.046146 0.718151 0.718151 0.718151
1743.571411 0.000000 2916.195312 0.000000 0.991691 0.000000 0.128641 0.659196 0.659196 0.659196
1786.146729 0.000000 2902.237549 0.000000 0.673441 0.000000 0.739241 0.384506 0.384506 0.384506
1733.277588 0.000000 2897.619141 0.000000 0.819942 0.000000 -0.572447 0.770298 0.770298 0.770298
1790.448242 0.000000 2903.612549 0.000000 0.999882 0.000000 -0.015382 0.702204 0.702204 0.702204
1739.572510 0.000000 2912.464355 0.000000 0.828719 0.000000 -0.559666 0.906569 0.906569 0.906569
1790.975098 0.000000 2886.199707 0.000000 0.825269 0.000000 0.564740 0.600368 0.600368 0.600368
1784.296387 0.000000 2887.490234 0.000000 0.903863 0.000000 0.427822 0.604201 0.604201 0.604201
1744.397705 0.000000 2902.317139 0.000000 0.930351 0.000000 0.366671 0.651449 0.651449 0.651449
1748.152832 0.000000 2882.927490 0.000000 0.415541 0.000000 -0.909574 0.987452 0.987452 0.987452
1766.663208 0.000000 2888.157227 0.000000 0.980059 0.000000 -0.198705 0.714682 0.714682 0.714682
1778.797852 0.000000 2889.468750 0.000000 0.573305 0.000000 0.819342 0.443245 0.443245 0.443245
1733.676880 0.000000 2887.192139 0.000000 0.620475 0.000000 -0.784227 0.731507 0.731507 0.731507
1754.815186 0.000000 2883.843994 0.000000 0.924531 0.000000 0.381106 0.656269 0.656269 0.656269
1742.944946 0.000000 2893.926270 0.000000 0.628388 0.000000 -0.777900 0.751402 0.751402 0.751402
1765.963135 0.000000 2881.810791 0.000000 0.008972 0.000000 0.999960 0.003998 0.003998 0.003998
1731.134521 0.000000 2892.359619 0.000000 0.536879 0.000000 -0.843659 0.800017 0.800017 0.800017
1750.007568 0.000000 2915.564941 0.000000 0.573354 0.000000 0.819308 0.572469 0.572469 0.572469
1780.705444 0.000000 2913.109863 0.000000 0.991729 0.000000 0.128346 0.691228 0.691228 0.691228
1776.845947 0.000000 2885.048828 0.000000 0.879735 0.000000 -0.475464 0.886171 0.886171 0.886171
1762.769653 0.000000 2883.002686 0.000000 0.980709 0.000000 0.195471 0.614734 0.614734 0.614734
1772.153809 0.000000 2912.369141 0.000000 0.999093 0.000000 -0.042584 0.708561 0.708561 0.708561
1780.002197 0.000000 2901.026123 0.000000 0.481275 0.000000 -0.876570 1.153832 1.153832 1.153832
1761.797485 0.000000 2908.463867 0.000000 0.936086 0.000000 -0.351772 0.788575 0.788575 0.788575
1737.009888 0.000000 2886.196777 0.000000 0.795203 0.000000 0.606343 0.636246 0.636246 0.636246
1736.936401 0.000000 2896.494873 0.000000 0.290984 0.000000 0.956728 0.258635 0.258635 0.258635
1730.753662 0.000000 2905.714844 0.000000 0.852556 0.000000 0.522636 0.571217 0.571217 0.571217
1727.863892 0.000000 2910.372314 0.000000 0.954424 0.000000 0.298455 0.682522 0.682522 0.682522
1765.378540 0.000000 2893.029297 0.000000 0.981014 0.000000 0.193936 0.662140 0.662140 0.662140
1735.791382 0.000000 2905.418701 0.000000 0.791188 0.000000 0.611573 0.426302 0.426302 0.426302
1762.987305 0.000000 2887.183105 0.000000 0.402037 0.000000 0.915623 0.184377 0.184377 0.184377
1789.376221 0.000000 2912.379150 0.000000 0.553053 0.000000 0.833146 0.319665 0.319665 0.319665
1740.274902 0.000000 2888.164307 0.000000 0.903878 0.000000 -0.427790 0.769526 0.769526 0.769526
1783.019653 0.000000 2903.078125 0.000000 0.137255 0.000000 -0.990536 1.025581 1.025581 1.025581
1730.251465 0.000000 2915.993896 0.000000 0.968973 0.000000 -0.247168 0.754995 0.754995 0.754995
1789.668213 0.000000 2883.453857 0.000000 0.493657 0.000000 0.869657 0.631815 0.631815 0.631815
1786.769287 0.000000 2889.850098 0.000000 0.999352 0.000000 0.035982 0.693710 0.693710 0.693710
1760.364746 0.000000 2881.102295 0.000000 0.936307 0.000000 0.351182 0.567684 0.567684 0.567684
1744.800293 0.000000 2928.879395 0.000000 0.921568 0.000000 0.388216 0.648440 0.648440 0.648440
1730.597290 0.000000 2919.239014 0.000000 0.233651 0.000000 0.972321 0.602015 0.602015 0.602015
1760.734131 0.000000 2917.214600 0.000000 0.792566 0.000000 -0.609786 0.936086 0.936086 0.936086
1733.235352 0.000000 2907.401855 0.000000 0.485955 0.000000 0.873984 0.281888 0.281888 0.281888
1733.844604 0.000000 2900.737305 0.000000 0.441753 0.000000 0.897137 0.449032 0.449032 0.449032
1739.668213 0.000000 2891.581299 0.000000 0.220756 0.000000 0.975329 0.297106 0.297106 0.297106
1727.838989 0.000000 2907.280518 0.000000 0.150553 0.000000 0.988602 0.253422 0.253422 0.253422
1749.166626 0.000000 2890.922607 0.000000 0.276511 0.000000 0.961011 0.332355 0.332355 0.332355
1750.871582 0.000000 2926.770508 0.000000 0.260179 0.000000 0.965560 0.473773 0.473773 0.473773
1741.831909 0.000000 2903.859863 0.000000 0.999658 0.000000 -0.026163 0.707682 0.707682 0.707682
1746.626343 0.000000 2904.187744 0.000000 0.663092 0.000000 0.748538 0.666001 0.666001 0.666001
1756.083008 0.000000 2916.628174 0.000000 0.993879 0.000000 -0.110476 0.722441 0.722441 0.722441
1743.760376 0.000000 2909.426514 0.000000 0.996223 0.000000 -0.086834 0.728717 0.728717 0.728717
1736.396729 0.000000 2902.605225 0.000000 0.928493 0.000000 0.371349 0.549070 0.549070 0.549070
1736.930176 0.000000 2892.388916 0.000000 0.999962 0.000000 0.008667 0.699228 0.699228 0.699228
1757.933472 0.000000 2883.950928 0.000000 0.953994 0.000000 -0.299825 0.795788 0.795788 0.795788
1735.803345 0.000000 2916.390137 0.000000 0.105242 0.000000 -0.994447 0.848529 0.848529 0.848529
1780.393921 0.000000 2892.576416 0.000000 0.965033 0.000000 -0.262127 0.740788 0.740788 0.740788
1761.836670 0.000000 2914.315430 0.000000 0.699376 0.000000 -0.714754 1.054846 1.054846 1.054846
1752.174072 0.000000 2922.306152 0.000000 0.939813 0.000000 -0.341690 0.831023 0.831023 0.831023
1747.023071 0.000000 2924.861328 0.000000 0.534924 0.000000 -0.844900 1.143200 1.143200 1.143200
1740.958618 0.000000 2914.899902 0.000000 0.109284 0.000000 -0.994011 1.287359 1.287359 1.287359
1759.290527 0.000000 2887.888916 0.000000 0.174993 0.000000 0.984570 0.431853 0.431853 0.431853
1777.395386 0.000000 2895.594482 0.000000 0.468717 0.000000 0.883349 0.565628 0.565628 0.565628
1739.006348 0.000000 2901.554199 0.000000 0.996815 0.000000 -0.079749 0.730275 0.730275 0.730275
1783.314575 0.000000 2911.702393 0.000000 0.655062 0.000000 -0.755576 0.961951 0.961951 0.961951
1786.410767 0.000000 2914.490479 0.000000 0.524737 0.000000 -0.851264 0.740934 0.740934 0.740934
1739.185669 0.000000 2898.092285 0.000000 0.896487 0.000000 0.443070 0.590904 0.590904 0.590904
1738.306396 0.000000 2907.133545 0.000000 0.984497 0.000000 -0.175401 0.721877 0.721877 0.721877
1755.519653 0.000000 2900.716064 0.000000 0.749356 0.000000 0.662168 0.578585 0.578585 0.578585
1753.315063 0.000000 2918.778076 0.000000 0.760395 0.000000 0.649461 0.540643 0.540643 0.540643
1732.022461 0.000000 2895.190918 0.000000 0.956683 0.000000 -0.291132 0.737687 0.737687 0.737687
1730.398193 0.000000 2902.597656 0.000000 0.744795 0.000000 0.667293 0.656591 0.656591 0.656591
1791.768555 0.000000 2901.166260 0.000000 0.878367 0.000000 -0.477987 0.726128 0.726128 0.726128
1733.534302 0.000000 2914.677490 0.000000 0.425904 0.000000 0.904768 0.362065 0.362065 0.362065
1767.219238 0.000000 2879.350830 0.000000 0.996070 0.000000 0.088570 0.694575 0.694575 0.694575
1740.968262 0.000000 2906.362793 0.000000 0.725268 0.000000 0.688467 0.400083 0.400083 0.400083
1754.739868 0.000000 2903.543701 0.000000 0.974360 0.000000 -0.224996 0.761472 0.761472 0.761472
1733.718506 0.000000 2910.033936 0.000000 0.330440 0.000000 0.943827 0.344167 0.344167 0.344167
1737.588623 0.000000 2910.710938 0.000000 0.219764 0.000000 -0.975553 1.122061 1.122061 1.122061
1742.077393 0.000000 2926.338623 0.000000 0.073857 0.000000 -0.997269 1.259804 1.259804 1.259804
1745.120850 0.000000 2889.586426 0.000000 0.461419 0.000000 0.887182 0.404420 0.404420 0.404420
1729.755005 0.000000 2928.194580 0.000000 0.367056 0.000000 -0.930199 1.109303 1.109303 1.109303
1776.176880 0.000000 2898.614502 0.000000 0.967276 0.000000 0.253726 0.638582 0.638582 0.638582
1762.606812 0.000000 2893.294189 0.000000 0.307212 0.000000 0.951641 0.634018 0.634018 0.634018
1786.652832 0.000000 2899.641113 0.000000 0.187359 0.000000 -0.982292 0.842528 0.842528 0.842528
1750.849609 0.000000 2882.011963 0.000000 0.774732 0.000000 0.632290 0.631815 0.631815 0.631815
1763.329224 0.000000 2910.540527 0.000000 0.040965 0.000000 -0.999161 1.117064 1.117064 1.117064
1783.613647 0.000000 2892.988770 0.000000 0.410780 0.000000 0.911735 0.232758 0.232758 0.232758
1781.463013 0.000000 2897.706299 0.000000 0.410786 0.000000 -0.911732 0.886495 0.886495 0.886495
1738.184326 0.000000 2914.760742 0.000000 0.936117 0.000000 0.351687 0.618355 0.618355 0.618355
1781.511230 0.000000 2882.339844 0.000000 0.965982 0.000000 -0.258610 0.714171 0.714171 0.714171
1778.251465 0.000000 2902.846680 0.000000 0.865311 0.000000 0.501235 0.671557 0.671557 0.671557
1727.997925 0.000000 2920.570557 0.000000 0.981016 0.000000 -0.193927 0.774011 0.774011 0.774011
1755.965942 0.000000 2923.298096 0.000000 0.678896 0.000000 0.734234 0.502590 0.502590 0.502590
1749.833740 0.000000 2913.029785 0.000000 0.992774 0.000000 -0.119999 0.709880 0.709880 0.709880
1741.357788 0.000000 2918.248047 0.000000 0.389191 0.000000 -0.921157 0.931254 0.931254 0.931254
1745.978516 0.000000 2915.498535 0.000000 0.823540 0.000000 -0.567258 0.809626 0.809626 0.809626
1745.050415 0.000000 2918.266113 0.000000 0.812190 0.000000 -0.583394 0.861108 0.861108 0.861108
1755.185547 0.000000 2879.417725 0.000000 0.078575 0.000000 0.996908 0.478351 0.478351 0.478351
1745.638184 0.000000 2911.333008 0.000000 0.507346 0.000000 0.861742 0.271612 0.271612 0.271612
1747.101685 0.000000 2906.740234 0.000000 0.999983 0.000000 -0.005863 0.700430 0.700430 0.700430
1748.972900 0.000000 2921.653076 0.000000 0.913757 0.000000 -0.406260 0.868156 0.868156 0.868156
1761.347168 0.000000 2889.107178 0.000000 0.422878 0.000000 -0.906187 0.910099 0.910099 0.910099
1757.304688 0.000000 2921.219482 0.000000 0.238136 0.000000 -0.971232 1.051060 1.051060 1.051060
1777.937500 0.000000 2887.226318 0.000000 0.456827 0.000000 -0.889556 1.110024 1.110024 1.110024
1787.178711 0.000000 2895.035400 0.000000 0.583133 0.000000 -0.812377 0.751370 0.751370 0.751370
1791.689209 0.000000 2915.655029 0.000000 0.001420 0.000000 -0.999999 0.982489 0.982489 0.982489
1784.497803 0.000000 2895.201660 0.000000 0.972468 0.000000 0.233037 0.643278 0.643278 0.643278
1746.196411 0.000000 2881.458740 0.000000 0.014675 0.000000 -0.999892 0.852289 0.852289 0.852289
1788.160278 0.000000 2887.886963 0.000000 0.504979 0.000000 -0.863132 1.053080 1.053080 1.053080
1730.078979 0.000000 2911.223877 0.000000 0.983552 0.000000 -0.180624 0.751736 0.751736 0.751736
1744.226929 0.000000 2922.204102 0.000000 0.433708 0.000000 -0.901054 0.800017 0.800017 0.800017
1765.782959 0.000000 2890.433838 0.000000 0.939389 0.000000 -0.342852 0.846777 0.846777 0.846777
1748.994751 0.000000 2885.164307 0.000000 0.519788 0.000000 -0.854295 0.757276 0.757276 0.757276
1788.443237 0.000000 2902.515869 0.000000 0.481097 0.000000 0.876668 0.236742 0.236742 0.236742
1745.413208 0.000000 2926.606201 0.000000 0.829151 0.000000 -0.559025 0.935327 0.935327 0.935327
1775.491455 0.000000 2883.201904 0.000000 0.801854 0.000000 -0.597521 0.824227 0.824227 0.824227
1751.177368 0.000000 2917.591309 0.000000 0.657051 0.000000 -0.753846 1.055157 1.055157 1.055157
1779.691772 0.000000 2895.825684 0.000000 0.789514 0.000000 0.613732 0.441332 0.441332 0.441332
1741.596069 0.000000 2910.815674 0.000000 0.277847 0.000000 -0.960625 0.808147 0.808147 0.808147
1759.598999 0.000000 2921.518555 0.000000 0.921580 0.000000 0.388187 0.674222 0.674222 0.674222
1784.692993 0.000000 2890.937256 0.000000 0.272514 0.000000 -0.962152 1.025837 1.025837 1.025837
1782.122314 0.000000 2888.319092 0.000000 0.549132 0.000000 -0.835735 0.929981 0.929981 0.929981
1735.300049 0.000000 2888.769531 0.000000 0.148811 0.000000 0.988866 0.287644 0.287644 0.287644
1787.875000 0.000000 2908.006592 0.000000 0.706146 0.000000 0.708066 0.639503 0.639503 0.639503
1748.321899 0.000000 2919.565674 0.000000 0.054530 0.000000 0.998512 0.138252 0.138252 0.138252
1783.767944 0.000000 2897.712891 0.000000 0.997954 0.000000 0.063931 0.682559 0.682559 0.682559
1769.989136 0.000000 2911.684326 0.000000 0.947928 0.000000 -0.318485 0.725490 0.725490 0.725490
1767.321777 0.000000 2912.598389 0.000000 0.298368 0.000000 0.954451 0.135019 0.135019 0.135019
1781.608276 0.000000 2884.605713 0.000000 0.941263 0.000000 -0.337673 0.779457 0.779457 0.779457
1751.638184 0.000000 2879.453369 0.000000 0.807792 0.000000 -0.589467 0.894997 0.894997 0.894997
1765.296143 0.000000 2914.792480 0.000000 0.983252 0.000000 0.182254 0.680142 0.680142 0.680142
1755.554321 0.000000 2918.759033 0.000000 0.828955 0.000000 0.559315 0.542331 0.542331 0.542331
1752.741089 0.000000 2927.989502 0.000000 0.975917 0.000000 0.218143 0.680016 0.680016 0.680016
1752.076904 0.000000 2924.682373 0.000000 0.999847 0.000000 -0.017485 0.705347 0.705347 0.705347
1777.977295 0.000000 2900.126465 0.000000 0.958817 0.000000 0.284025 0.674836 0.674836 0.674836
1779.008301 0.000000 2885.042725 0.000000 0.322225 0.000000 -0.946663 1.136522 1.136522 1.136522
1745.158325 0.000000 2913.561523 0.000000 0.900522 0.000000 0.434811 0.580511 0.580511 0.580511
1733.263306 0.000000 2892.583008 0.000000 0.993822 0.000000 0.110988 0.684840 0.684840 0.684840
1749.601074 0.000000 2928.611328 0.000000 0.784592 0.000000 0.620012 0.615853 0.615853 0.615853
1788.111328 0.000000 2910.611084 0.000000 0.691437 0.000000 -0.722437 0.835443 0.835443 0.835443
1727.897705 0.000000 2923.290527 0.000000 0.393870 0.000000 0.919166 0.215049 0.215049 0.215049
1730.818481 0.000000 2913.970947 0.000000 0.994440 0.000000 0.105303 0.659624 0.659624 0.659624
1735.570068 0.000000 2911.415527 0.000000 0.916711 0.000000 0.399551 0.577170 0.577170 0.577170
1748.947876 0.000000 2925.847656 0.000000 0.346521 0.000000 0.938042 0.408642 0.408642 0.408642
1744.177612 0.000000 2891.824951 0.000000 0.700289 0.000000 -0.713859 0.873665 0.873665 0.873665
1764.527466 0.000000 2888.647461 0.000000 0.857846 0.000000 -0.513906 0.940523 0.940523 0.940523
1755.319458 0.000000 2881.773926 0.000000 0.471572 0.000000 -0.881828 0.820762 0.820762 0.820762
1747.003052 0.000000 2890.580322 0.000000 0.918891 0.000000 -0.394511 0.808432 0.808432 0.808432
1791.104370 0.000000 2913.561523 0.000000 0.485010 0.000000 -0.874509 1.125978 1.125978 1.125978
1745.094971 0.000000 2907.766602 0.000000 0.946250 0.000000 -0.323437 0.766768 0.766768 0.766768
1732.286011 0.000000 2888.955322 0.000000 0.282230 0.000000 0.959347 0.446306 0.446306 0.446306
1742.293945 0.000000 2907.935547 0.000000 0.332896 0.000000 -0.942964 1.199268 1.199268 1.199268
1737.537598 0.000000 2894.385986 0.000000 0.037292 0.000000 0.999304 0.421289 0.421289 0.421289
1758.605591 0.000000 2879.369385 0.000000 0.848068 0.000000 -0.529888 0.896170 0.896170 0.896170
1758.245483 0.000000 2885.998535 0.000000 0.550429 0.000000 0.834882 0.449662 0.449662 0.449662
1760.154663 0.000000 2883.149658 0.000000 0.997148 0.000000 0.075470 0.676369 0.676369 0.676369
1760.018921 0.000000 2909.647217 0.000000 0.065570 0.000000 0.997848 0.329110 0.329110 0.329110
1741.648071 0.000000 2892.328613 0.000000 0.744514 0.000000 0.667607 0.596525 0.596525 0.596525
1762.708130 0.000000 2912.467773 0.000000 0.990772 0.000000 -0.135536 0.760586 0.760586 0.760586
1753.879272 0.000000 2923.484863 0.000000 0.748498 0.000000 0.663136 0.427595 0.427595 0.427595
1784.975586 0.000000 2913.041992 0.000000 0.383878 0.000000 0.923384 0.469665 0.469665 0.469665
1763.195068 0.000000 2884.996094 0.000000 0.707036 0.000000 -0.707177 0.945717 0.945717 0.945717
1746.755005 0.000000 2929.664062 0.000000 0.545873 0.000000 0.837868 0.559385 0.559385 0.559385
1788.688599 0.000000 2904.713135 0.000000 0.417561 0.000000 0.908649 0.602377 0.602377 0.602377
1765.266113 0.000000 2879.937744 0.000000 0.917613 0.000000 0.397476 0.597134 0.597134 0.597134
1782.658325 0.000000 2886.360840 0.000000 0.488825 0.000000 -0.872382 0.879696 0.879696 0.879696
1742.554077 0.000000 2888.366211 0.000000 0.363009 0.000000 0.931786 0.419152 0.419152 0.419152
1787.432007 0.000000 2912.762207 0.000000 0.979262 0.000000 -0.202600 0.743853 0.743853 0.743853
1735.282471 0.000000 2897.892090 0.000000 0.747070 0.000000 -0.664745 0.969401 0.969401 0.969401
1742.913696 0.000000 2914.270264 0.000000 0.718186 0.000000 -0.695852 0.849289 0.849289 0.849289
1735.780273 0.000000 2890.742920 0.000000 0.283740 0.000000 0.958901 0.309834 0.309834 0.309834
1784.290649 0.000000 2901.485596 0.000000 0.286038 0.000000 -0.958218 1.219249 1.219249 1.219249
1747.207886 0.000000 2879.768066 0.000000 0.000363 0.000000 -1.000000 0.916813 0.916813 0.916813
1742.482666 0.000000 2901.889893 0.000000 0.399392 0.000000 0.916780 0.578374 0.578374 0.578374
1776.893677 0.000000 2889.934814 0.000000 0.121964 0.000000 -0.992534 1.153125 1.153125 1.153125
1731.859863 0.000000 2910.430176 0.000000 0.804919 0.000000 0.593384 0.519043 0.519043 0.519043
1741.250977 0.000000 2920.364258 0.000000 0.263549 0.000000 -0.964646 0.829904 0.829904 0.829904
1780.604858 0.000000 2890.224609 0.000000 0.034567 0.000000 0.999402 0.431532 0.431532 0.431532
1786.234253 0.000000 2887.295410 0.000000 0.976674 0.000000 -0.214725 0.793414 0.793414 0.793414
1780.215210 0.000000 2911.253174 0.000000 0.971759 0.000000 0.235977 0.680017 0.680017 0.680017
1758.827393 0.000000 2917.018066 0.000000 0.276466 0.000000 -0.961024 0.819545 0.819545 0.819545
1741.442383 0.000000 2912.896729 0.000000 0.870243 0.000000 -0.492623 0.847630 0.847630 0.847630
1745.756104 0.000000 2923.426514 0.000000 0.654519 0.000000 -0.756046 0.776404 0.776404 0.776404
1759.767212 0.000000 2919.203369 0.000000 0.139953 0.000000 -0.990158 1.002465 1.002465 1.002465
1781.903931 0.000000 2901.343750 0.000000 0.475947 0.000000 -0.879474 1.156409 1.156409 1.156409
1747.970337 0.000000 2915.259277 0.000000 0.032531 0.000000 0.999471 0.060200 0.060200 0.060200
1746.067749 0.000000 2919.850586 0.000000 0.980542 0.000000 -0.196311 0.735567 0.735567 0.735567
1734.084351 0.000000 2912.861816 0.000000 0.988033 0.000000 0.154242 0.634507 0.634507 0.634507
1774.970581 0.000000 2885.180420 0.000000 0.183107 0.000000 -0.983093 1.005334 1.005334 1.005334
1733.672241 0.000000 2905.448975 0.000000 0.902372 0.000000 -0.430957 0.825361 0.825361 0.825361
1756.401001 0.000000 2885.089600 0.000000 0.282491 0.000000 -0.959270 0.809986 0.809986 0.809986
1749.231812 0.000000 2889.002441 0.000000 0.082116 0.000000 -0.996623 0.866492 0.866492 0.866492
1734.885254 0.000000 2896.044434 0.000000 0.486426 0.000000 0.873722 0.306245 0.306245 0.306245
1743.690796 0.000000 2927.372803 0.000000 0.608758 0.000000 -0.793356 1.042681 1.042681 1.042681
1739.488525 0.000000 2910.606201 0.000000 0.970700 0.000000 0.240294 0.675403 0.675403 0.675403
1781.224365 0.000000 2899.583252 0.000000 0.838607 0.000000 -0.544737 0.793627 0.793627 0.793627
1778.898804 0.000000 2894.087158 0.000000 0.960844 0.000000 0.277091 0.590092 0.590092 0.590092
1778.956787 0.000000 2891.408936 0.000000 0.411517 0.000000 0.911402 0.297213 0.297213 0.297213
1760.955933 0.000000 2887.112305 0.000000 0.998495 0.000000 -0.054843 0.724452 0.724452 0.724452
1764.090088 0.000000 2881.682373 0.000000 0.782516 0.000000 0.622630 0.400490 0.400490 0.400490
1731.542480 0.000000 2928.635742 0.000000 0.007556 0.000000 -0.999971 0.833863 0.833863 0.833863
1753.005249 0.000000 2920.577637 0.000000 0.190124 0.000000 -0.981760 1.015815 1.015815 1.015815
1747.856445 0.000000 2923.109375 0.000000 0.100005 0.000000 -0.994987 1.175457 1.175457 1.175457
1751.752319 0.000000 2914.830322 0.000000 0.958237 0.000000 -0.285977 0.738520 0.738520 0.738520
1749.198364 0.000000 2917.908447 0.000000 0.983658 0.000000 0.180047 0.621540 0.621540 0.621540
1737.544312 0.000000 2912.573486 0.000000 0.419873 0.000000 -0.907583 1.151244 1.151244 1.151244
1738.409546 0.000000 2899.773926 0.000000 0.570158 0.000000 -0.821535 0.929139 0.929139 0.929139
1760.355591 0.000000 2915.413330 0.000000 0.521073 0.000000 0.853512 0.244255 0.244255 0.244255
1740.713989 0.000000 2902.378174 0.000000 0.987769 0.000000 -0.155924 0.745966 0.745966 0.745966
1789.135620 0.000000 2886.320557 0.000000 0.508579 0.000000 -0.861015 1.051664 1.051664 1.051664
1762.172363 0.000000 2881.319336 0.000000 0.171832 0.000000 -0.985126 1.323044 1.323044 1.323044
1744.717163 0.000000 2904.092285 0.000000 0.883975 0.000000 -0.467534 0.797773 0.797773 0.797773
1740.520142 0.000000 2889.989746 0.000000 0.971081 0.000000 -0.238750 0.737917 0.737917 0.737917
1765.353516 0.000000 2886.942871 0.000000 0.726008 0.000000 -0.687687 1.037923 1.037923 1.037923
1787.071899 0.000000 2903.906982 0.000000 0.824123 0.000000 0.566411 0.471652 0.471652 0.471652
1783.748535 0.000000 2889.286133 0.000000 0.813030 0.000000 -0.582222 0.844445 0.844445 0.844445
1729.611328 0.000000 2907.177734 0.000000 0.536177 0.000000 0.844105 0.325943 0.325943 0.325943
1784.940796 0.000000 2899.218994 0.000000 0.948209 0.000000 0.317646 0.585325 0.585325 0.585325
1728.798218 0.000000 2908.787354 0.000000 0.434385 0.000000 -0.900727 0.950856 0.950856 0.950856
1731.561646 0.000000 2890.606689 0.000000 0.030053 0.000000 0.999548 0.296115 0.296115 0.296115
1758.537231 0.000000 2882.295410 0.000000 0.913942 0.000000 0.405846 0.545902 0.545902 0.545902
1734.444946 0.000000 2902.425781 0.000000 0.043114 0.000000 0.999070 0.216779 0.216779 0.216779
1748.439209 0.000000 2881.151611 0.000000 0.958899 0.000000 0.283749 0.605980 0.605980 0.605980
1754.487427 0.000000 2917.365723 0.000000 0.996155 0.000000 -0.087611 0.723762 0.723762 0.723762
1764.510620 0.000000 2883.397949 0.000000 0.998650 0.000000 0.051941 0.687286 0.687286 0.687286
1737.083252 0.000000 2904.227295 0.000000 0.726434 0.000000 -0.687236 0.870810 0.870810 0.870810
1741.771240 0.000000 2916.452393 0.000000 0.754444 0.000000 -0.656365 0.890190 0.890190 0.890190
1732.080444 0.000000 2915.784668 0.000000 0.307590 0.000000 0.951519 0.324022 0.324022 0.324022
1729.519287 0.000000 2917.602539 0.000000 0.577514 0.000000 -0.816381 0.803487 0.803487 0.803487
1790.105835 0.000000 2887.814209 0.000000 0.625393 0.000000 0.780310 0.551385 0.551385 0.551385
1743.154053 0.000000 2917.978271 0.000000 0.919354 0.000000 -0.393431 0.827904 0.827904 0.827904
1735.089844 0.000000 2892.384277 0.000000 0.926870 0.000000 -0.375382 0.774646 0.774646 0.774646
1734.955811 0.000000 2906.979980 0.000000 0.817206 0.000000 -0.576345 0.840622 0.840622 0.840622
1750.561523 0.000000 2904.254639 0.000000 0.972941 0.000000 0.231052 0.613210 0.613210 0.613210
1729.969971 0.000000 2926.455566 0.000000 0.758372 0.000000 0.651822 0.531257 0.531257 0.531257
1780.764282 0.000000 2902.634277 0.000000 0.368067 0.000000 -0.929799 0.883602 0.883602 0.883602
1763.815430 0.000000 2913.909180 0.000000 0.611980 0.000000 0.790873 0.293478 0.293478 0.293478
1731.492676 0.000000 2904.072510 0.000000 0.941200 0.000000 -0.337849 0.780704 0.780704 0.780704
1791.375488 0.000000 2884.137207 0.000000 0.697005 0.000000 -0.717066 0.906806 0.906806 0.906806
1740.474121 0.000000 2926.981445 0.000000 0.289992 0.000000 -0.957029 0.842779 0.842779 0.842779
1745.695679 0.000000 2905.660889 0.000000 0.491875 0.000000 -0.870666 0.912338 0.912338 0.912338
1749.845703 0.000000 2883.643799 0.000000 0.784867 0.000000 0.619664 0.531817 0.531817 0.531817
1787.965332 0.000000 2884.008301 0.000000 0.999552 0.000000 0.029926 0.695763 0.695763 0.695763
1780.402344 0.000000 2888.298340 0.000000 0.430060 0.000000 -0.902800 1.115289 1.115289 1.115289
1735.696899 0.000000 2901.067627 0.000000 0.994975 0.000000 -0.100119 0.739434 0.739434 0.739434
1776.362671 0.000000 2896.939209 0.000000 0.993323 0.000000 -0.115369 0.714549 0.714549 0.714549
1742.583130 0.000000 2924.255371 0.000000 0.993668 0.000000 -0.112353 0.713380 0.713380 0.713380
1773.517822 0.000000 2911.379395 0.000000 0.683727 0.000000 0.729738 0.478440 0.478440 0.478440
1762.067993 0.000000 2916.186768 0.000000 0.074795 0.000000 -0.997199 0.885613 0.885613 0.885613
1729.818115 0.000000 2904.294922 0.000000 0.823492 0.000000 0.567327 0.442765 0.442765 0.442765
1760.439575 0.000000 2913.342773 0.000000 0.987881 0.000000 -0.155215 0.733772 0.733772 0.733772
1756.551025 0.000000 2882.918457 0.000000 0.421568 0.000000 0.906797 0.342773 0.342773 0.342773
1785.453857 0.000000 2888.797363 0.000000 0.861632 0.000000 -0.507533 0.795818 0.795818 0.795818
1740.034546 0.000000 2919.233398 0.000000 0.645812 0.000000 0.763496 0.528450 0.528450 0.528450
1743.280884 0.000000 2900.416748 0.000000 0.735588 0.000000 -0.677429 0.778040 0.778040 0.778040
1737.472534 0.000000 2898.136719 0.000000 0.320917 0.000000 0.947107 0.245599 0.245599 0.245599
1734.757202 0.000000 2904.106445 0.000000 0.788167 0.000000 -0.615461 0.975746 0.975746 0.975746
1776.280151 0.000000 2886.632080 0.000000 0.735654 0.000000 -0.677357 0.978305 0.978305 0.978305
1731.550659 0.000000 2907.242676 0.000000 0.649171 0.000000 -0.760642 1.044380 1.044380 1.044380
1767.589355 0.000000 2881.026855 0.000000 0.594697 0.000000 0.803950 0.553113 0.553113 0.553113
1728.127686 0.000000 2928.514160 0.000000 0.147787 0.000000 -0.989019 1.187232 1.187232 1.187232
1761.398315 0.000000 2879.818604 0.000000 0.998308 0.000000 -0.058150 0.720132 0.720132 0.720132
1732.510132 0.000000 2908.905762 0.000000 0.956300 0.000000 -0.292387 0.824970 0.824970 0.824970
1728.794922 0.000000 2905.722656 0.000000 0.521965 0.000000 -0.852967 1.135639 1.135639 1.135639
1737.373779 0.000000 2901.205566 0.000000 0.903422 0.000000 0.428751 0.516474 0.516474 0.516474
1763.408691 0.000000 2908.890137 0.000000 0.549061 0.000000 0.835782 0.386991 0.386991 0.386991
1734.951050 0.000000 2899.550293 0.000000 0.350050 0.000000 -0.936731 0.928973 0.928973 0.928973
1783.130981 0.000000 2896.166992 0.000000 0.758158 0.000000 0.652071 0.506352 0.506352 0.506352
1738.083740 0.000000 2891.237305 0.000000 0.950794 0.000000 0.309825 0.605864 0.605864 0.605864
1729.879517 0.000000 2920.693604 0.000000 0.864263 0.000000 -0.503040 0.803171 0.803171 0.803171
1750.508667 0.000000 2922.435303 0.000000 0.072757 0.000000 -0.997350 1.037701 1.037701 1.037701
1782.004517 0.000000 2892.763916 0.000000 0.981983 0.000000 0.188968 0.622589 0.622589 0.622589
1761.690308 0.000000 2910.107666 0.000000 0.852118 0.000000 -0.523350 0.791440 0.791440 0.791440
1738.132324 0.000000 2902.923828 0.000000 0.918219 0.000000 0.396074 0.549835 0.549835 0.549835
1787.521118 0.000000 2901.050781 0.000000 0.932813 0.000000 0.360361 0.601429 0.601429 0.601429
1739.061279 0.000000 2889.270508 0.000000 0.949831 0.000000 0.312764 0.610499 0.610499 0.610499
1761.494141 0.000000 2884.016602 0.000000 0.989902 0.000000 0.141755 0.641836 0.641836 0.641836
1785.032837 0.000000 2910.057617 0.000000 0.815376 0.000000 -0.578931 0.868322 0.868322 0.868322
1782.331299 0.000000 2912.962891 0.000000 0.939661 0.000000 -0.342107 0.790917 0.790917 0.790917
1750.869263 0.000000 2905.815674 0.000000 0.780742 0.000000 -0.624854 0.951238 0.951238 0.951238
1736.066284 0.000000 2894.986328 0.000000 0.729469 0.000000 0.684014 0.563098 0.563098 0.563098
1748.319214 0.000000 2904.291016 0.000000 0.895318 0.000000 -0.445427 0.792779 0.792779 0.792779
1742.368774 0.000000 2905.593750 0.000000 0.059135 0.000000 -0.998250 1.312873 1.312873 1.312873
1754.370239 0.000000 2901.869385 0.000000 0.929959 0.000000 0.367663 0.636836 0.636836 0.636836
1777.639771 0.000000 2883.650879 0.000000 0.553793 0.000000 0.832654 0.486792 0.486792 0.486792
1739.354858 0.000000 2905.905762 0.000000 0.049854 0.000000 -0.998756 1.072111 1.072111 1.072111
1775.945068 0.000000 2908.298340 0.000000 0.688028 0.000000 0.725684 0.409087 0.409087 0.409087
1784.699219 0.000000 2903.014160 0.000000 0.947904 0.000000 0.318557 0.616146 0.616146 0.616146
1740.468506 0.000000 2893.388916 0.000000 0.678256 0.000000 -0.734826 0.816840 0.816840 0.816840
1729.015869 0.000000 2919.343994 0.000000 0.400825 0.000000 0.916155 0.368004 0.368004 0.368004
1788.520874 0.000000 2913.927490 0.000000 0.175961 0.000000 0.984397 0.161648 0.161648 0.161648
1736.603638 0.000000 2914.999268 0.000000 0.861528 0.000000 -0.507710 0.809814 0.809814 0.809814
1737.770874 0.000000 2905.634521 0.000000 0.841393 0.000000 0.540424 0.571288 0.571288 0.571288
1775.057251 0.000000 2910.851318 0.000000 0.779688 0.000000 -0.626168 0.929398 0.929398 0.929398
1756.842896 0.000000 2879.500732 0.000000 0.007488 0.000000 -0.999972 1.087946 1.087946 1.087946
1779.430054 0.000000 2899.556396 0.000000 0.865400 0.000000 0.501082 0.517474 0.517474 0.517474
1739.619751 0.000000 2914.088623 0.000000 0.377150 0.000000 0.926152 0.430994 0.430994 0.430994
1780.504028 0.000000 2894.225098 0.000000 0.272107 0.000000 0.962267 0.480441 0.480441 0.480441
1789.874756 0.000000 2884.973389 0.000000 0.978516 0.000000 -0.206169 0.751169 0.751169 0.751169
1761.982788 0.000000 2885.920410 0.000000 0.160284 0.000000 0.987071 0.123476 0.123476 0.123476
1729.039551 0.000000 2914.908203 0.000000 0.790681 0.000000 -0.612228 0.789812 0.789812 0.789812
1734.377686 0.000000 2908.598633 0.000000 0.456346 0.000000 -0.889802 1.152399 1.152399 1.152399
1755.866089 0.000000 2902.216064 0.000000 0.289294 0.000000 0.957240 0.354009 0.354009 0.354009
1739.498047 0.000000 2915.616943 0.000000 0.727057 0.000000 0.686577 0.528072 0.528072 0.528072
1762.858521 0.000000 2888.942139 0.000000 0.921593 0.000000 -0.388157 0.876947 0.876947 0.876947
1785.765625 0.000000 2894.325684 0.000000 0.980537 0.000000 -0.196333 0.747659 0.747659 0.747659
1740.652344 0.000000 2904.841309 0.000000 0.598189 0.000000 -0.801355 1.016773 1.016773 1.016773
1743.338989 0.000000 2903.429688 0.000000 0.657454 0.000000 0.753495 0.409192 0.409192 0.409192
1729.540894 0.000000 2931.467529 0.000000 0.093157 0.000000 -0.995651 0.891073 0.891073 0.891073
1735.081543 0.000000 2914.692871 0.000000 0.709647 0.000000 0.704557 0.432213 0.432213 0.432213
1745.258789 0.000000 2909.632812 0.000000 0.750875 0.000000 0.660445 0.422640 0.422640 0.422640
1750.666504 0.000000 2925.214600 0.000000 0.958736 0.000000 -0.284298 0.818389 0.818389 0.818389
1756.438354 0.000000 2920.008789 0.000000 0.774574 0.000000 0.632483 0.519303 0.519303 0.519303
1747.030884 0.000000 2911.952148 0.000000 0.525375 0.000000 -0.850871 0.858279 0.858279 0.858279
1732.143066 0.000000 2893.588623 0.000000 0.985665 0.000000 0.168716 0.676892 0.676892 0.676892
1744.292725 0.000000 2888.317627 0.000000 0.059955 0.000000 0.998201 0.290760 0.290760 0.290760
1745.551025 0.000000 2891.169189 0.000000 0.530799 0.000000 -0.847498 0.920906 0.920906 0.920906
1744.156738 0.000000 2910.950195 0.000000 0.910482 0.000000 0.413549 0.524161 0.524161 0.524161
1728.854736 0.000000 2902.790039 0.000000 0.534116 0.000000 0.845411 0.506356 0.506356 0.506356
1735.208740 0.000000 2909.964111 0.000000 0.861242 0.000000 -0.508196 0.919861 0.919861 0.919861
1739.917480 0.000000 2900.327393 0.000000 0.166650 0.000000 0.986016 0.167808 0.167808 0.167808
1776.801514 0.000000 2891.423340 0.000000 0.493740 0.000000 0.869610 0.477037 0.477037 0.477037
1785.631958 0.000000 2900.756836 0.000000 0.820009 0.000000 0.572350 0.452938 0.452938 0.452938
1742.466553 0.000000 2921.289062 0.000000 0.461499 0.000000 0.887141 0.450208 0.450208 0.450208
1757.362183 0.000000 2917.427490 0.000000 0.988488 0.000000 0.151296 0.669211 0.669211 0.669211
1770.576050 0.000000 2913.086670 0.000000 0.994824 0.000000 0.101611 0.671361 0.671361 0.671361
1744.545410 0.000000 2914.944092 0.000000 0.756206 0.000000 -0.654334 0.829642 0.829642 0.829642
1745.040771 0.000000 2916.704590 0.000000 0.006085 0.000000 -0.999981 1.326192 1.326192 1.326192
1732.972656 0.000000 2902.055664 0.000000 0.064664 0.000000 0.997907 0.315726 0.315726 0.315726
1746.213379 0.000000 2928.236816 0.000000 0.177653 0.000000 -0.984093 0.897071 0.897071 0.897071
1777.097412 0.000000 2888.459473 0.000000 0.883364 0.000000 0.468688 0.547406 0.547406 0.547406
1729.830322 0.000000 2912.663330 0.000000 0.998835 0.000000 0.048261 0.692069 0.692069 0.692069
1742.071411 0.000000 2909.435791 0.000000 0.269818 0.000000 0.962911 0.271414 0.271414 0.271414
1733.724121 0.000000 2888.706055 0.000000 0.834711 0.000000 -0.550688 0.815166 0.815166 0.815166
1728.527222 0.000000 2927.105469 0.000000 0.029413 0.000000 0.999567 0.333658 0.333658 0.333658
1732.286865 0.000000 2913.899902 0.000000 0.981836 0.000000 -0.189731 0.757711 0.757711 0.757711
1728.802490 0.000000 2924.444824 0.000000 0.299863 0.000000 0.953982 0.456584 0.456584 0.456584
1791.732788 0.000000 2902.680420 0.000000 0.506156 0.000000 -0.862442 0.849045 0.849045 0.849045
1752.689087 0.000000 2917.443604 0.000000 0.998081 0.000000 0.061918 0.678128 0.678128 0.678128
1749.055420 0.000000 2914.275879 0.000000 0.551625 0.000000 0.834092 0.543119 0.543119 0.543119
1748.661621 0.000000 2916.545410 0.000000 0.550514 0.000000 -0.834826 1.128120 1.128120 1.128120
1732.295776 0.000000 2905.951172 0.000000 0.823208 0.000000 -0.567740 0.869874 0.869874 0.869874
1729.525513 0.000000 2929.634521 0.000000 0.800923 0.000000 0.598768 0.480111 0.480111 0.480111
1759.411743 0.000000 2884.395508 0.000000 0.991474 0.000000 -0.130302 0.733113 0.733113 0.733113
1745.595947 0.000000 2925.142822 0.000000 0.685836 0.000000 -0.727756 0.903683 0.903683 0.903683
1764.115601 0.000000 2886.184326 0.000000 0.266576 0.000000 -0.963814 1.279751 1.279751 1.279751
1735.977417 0.000000 2893.538330 0.000000 0.897073 0.000000 -0.441883 0.788785 0.788785 0.788785
1790.367554 0.000000 2914.865234 0.000000 0.986933 0.000000 -0.161129 0.729130 0.729130 0.729130
1733.394775 0.000000 2911.436523 0.000000 0.998694 0.000000 -0.051100 0.714741 0.714741 0.714741
1758.852905 0.000000 2880.787109 0.000000 0.923963 0.000000 0.382482 0.531956 0.531956 0.531956
1743.589478 0.000000 2907.256348 0.000000 0.376843 0.000000 -0.926277 1.180207 1.180207 1.180207
1781.378906 0.000000 2891.471924 0.000000 0.069164 0.000000 -0.997605 0.962413 0.962413 0.962413
1748.382202 0.000000 2924.424072 0.000000 0.999854 0.000000 0.017107 0.695904 0.695904 0.695904
1780.251465 0.000000 2898.419678 0.000000 0.959813 0.000000 0.280642 0.653768 0.653768 0.653768
1789.483643 0.000000 2910.944336 0.000000 0.582665 0.000000 0.812712 0.540823 0.540823 0.540823
1762.472412 0.000000 2891.648193 0.000000 0.605904 0.000000 0.795538 0.503874 0.503874 0.503874
1751.749146 0.000000 2916.274414 0.000000 0.362198 0.000000 -0.932101 1.199181 1.199181 1.199181
1751.505615 0.000000 2921.048828 0.000000 0.315685 0.000000 0.948864 0.490354 0.490354 0.490354
1783.260864 0.000000 2894.378174 0.000000 0.908325 0.000000 0.418266 0.576320 0.576320 0.576320
1778.505737 0.000000 2896.578369 0.000000 0.021116 0.000000 0.999777 0.090657 0.090657 0.090657
1751.860718 0.000000 2918.879883 0.000000 0.459506 0.000000 0.888175 0.507016 0.507016 0.507016
1750.732666 0.000000 2880.593994 0.000000 0.475007 0.000000 0.879982 0.337142 0.337142 0.337142
1749.458130 0.000000 2882.277588 0.000000 0.670217 0.000000 -0.742165 0.910455 0.910455 0.910455
1746.876465 0.000000 2926.326172 0.000000 0.160947 0.000000 0.986963 0.091737 0.091737 0.091737
1749.130981 0.000000 2927.266602 0.000000 0.632844 0.000000 -0.774279 1.052857 1.052857 1.052857
1753.691650 0.000000 2879.563232 0.000000 0.916789 0.000000 0.399373 0.554971 0.554971 0.554971
1754.512573 0.000000 2919.723145 0.000000 0.840227 0.000000 0.542235 0.547767 0.547767 0.547767
1779.275024 0.000000 2886.693115 0.000000 0.997986 0.000000 0.063437 0.684691 0.684691 0.684691
1759.945312 0.000000 2879.707275 0.000000 0.897405 0.000000 0.441208 0.539492 0.539492 0.539492
1746.891357 0.000000 2910.534668 0.000000 0.416299 0.000000 0.909228 0.522469 0.522469 0.522469
1759.617310 0.000000 2886.484131 0.000000 0.012962 0.000000 0.999916 0.400531 0.400531 0.400531
1747.806152 0.000000 2920.856689 0.000000 0.890091 0.000000 -0.455783 0.822403 0.822403 0.822403
1783.467285 0.000000 2891.573975 0.000000 0.287005 0.000000 0.957929 0.212469 0.212469 0.212469
1777.467163 0.000000 2898.121094 0.000000 0.904868 0.000000 -0.425693 0.805279 0.805279 0.805279
1782.572876 0.000000 2898.525635 0.000000 0.378391 0.000000 -0.925646 0.968702 0.968702 0.968702
1768.814453 0.000000 2912.412842 0.000000 0.286100 0.000000 0.958200 0.129303 0.129303 0.129303
1761.364380 0.000000 2882.481934 0.000000 0.548529 0.000000 -0.836131 1.009749 1.009749 1.009749
1756.033081 0.000000 2921.744873 0.000000 0.893823 0.000000 0.448420 0.577294 0.577294 0.577294
1763.108398 0.000000 2915.187744 0.000000 0.928117 0.000000 0.372287 0.530003 0.530003 0.530003
1781.047852 0.000000 2896.189453 0.000000 0.568833 0.000000 0.822453 0.543048 0.543048 0.543048
1743.663452 0.000000 2889.583252 0.000000 0.664467 0.000000 0.747317 0.502352 0.502352 0.502352
1773.692993 0.000000 2912.892334 0.000000 0.809977 0.000000 0.586461 0.574054 0.574054 0.574054
1747.604248 0.000000 2908.052734 0.000000 0.576009 0.000000 -0.817444 0.873926 0.873926 0.873926
1747.109863 0.000000 2918.878174 0.000000 0.975785 0.000000 0.218730 0.660307 0.660307 0.660307
1753.754639 0.000000 2922.099365 0.000000 0.677978 0.000000 -0.735082 1.010274 1.010274 1.010274
1747.432129 0.000000 2891.929688 0.000000 0.650236 0.000000 -0.759732 0.930723 0.930723 0.930723
1763.931519 0.000000 2911.772705 0.000000 0.852666 0.000000 -0.522456 0.849869 0.849869 0.849869
1784.866455 0.000000 2892.337158 0.000000 0.288210 0.000000 0.957567 0.481050 0.481050 0.481050
1749.511230 0.000000 2920.311523 0.000000 0.937014 0.000000 -0.349292 0.843420 0.843420 0.843420
1739.475342 0.000000 2903.048828 0.000000 0.916093 0.000000 -0.400967 0.852132 0.852132 0.852132
1790.796875 0.000000 2912.229980 0.000000 0.588935 0.000000 0.808181 0.323392 0.323392 0.323392
1770.079590 0.000000 2910.276123 0.000000 0.455926 0.000000 0.890018 0.494798 0.494798 0.494798
1740.515381 0.000000 2917.180664 0.000000 0.908904 0.000000 0.417006 0.585738 0.585738 0.585738
1784.633545 0.000000 2911.428467 0.000000 0.397531 0.000000 0.917589 0.383220 0.383220 0.383220
1751.326050 0.000000 2923.533447 0.000000 0.999523 0.000000 -0.030897 0.706966 0.706966 0.706966
1732.719849 0.000000 2891.318604 0.000000 0.648928 0.000000 0.760849 0.378157 0.378157 0.378157
1765.099243 0.000000 2891.608643 0.000000 0.999088 0.000000 0.042690 0.682089 0.682089 0.682089
1780.332153 0.000000 2885.280273 0.000000 0.972402 0.000000 0.233314 0.645678 0.645678 0.645678
1728.427612 0.000000 2921.829590 0.000000 0.611281 0.000000 0.791413 0.521276 0.521276 0.521276
1779.012085 0.000000 2892.726807 0.000000 0.683600 0.000000 0.729857 0.386891 0.386891 0.386891
1786.858398 0.000000 2888.532715 0.000000 0.954790 0.000000 -0.297280 0.752750 0.752750 0.752750
1742.409546 0.000000 2927.786621 0.000000 0.589339 0.000000 0.807886 0.348248 0.348248 0.348248
1777.874390 0.000000 2885.902100 0.000000 0.972558 0.000000 -0.232662 0.788227 0.788227 0.788227
1742.925781 0.000000 2910.467285 0.000000 0.828904 0.000000 -0.559390 0.855618 0.855618 0.855618
1779.818481 0.000000 2897.134766 0.000000 0.635842 0.000000 -0.771819 1.046689 1.046689 1.046689
1772.296753 0.000000 2910.941162 0.000000 0.674172 0.000000 -0.738575 0.925085 0.925085 0.925085
1744.718506 0.000000 2912.311279 0.000000 0.999712 0.000000 0.024007 0.693622 0.693622 0.693622
1784.397949 0.000000 2896.541504 0.000000 0.957980 0.000000 -0.286834 0.789988 0.789988 0.789988
1779.028931 0.000000 2888.176025 0.000000 0.738059 0.000000 0.674736 0.501976 0.501976 0.501976
1789.812012 0.000000 2913.611572 0.000000 0.702718 0.000000 0.711468 0.394277 0.394277 0.394277
1747.999390 0.000000 2909.572021 0.000000 0.624298 0.000000 0.781186 0.537051 0.537051 0.537051
1741.302124 0.000000 2891.051758 0.000000 0.979081 0.000000 -0.203472 0.788089 0.788089 0.788089
1766.145996 0.000000 2913.219238 0.000000 0.672491 0.000000 0.740105 0.328686 0.328686 0.328686
1783.592773 0.000000 2913.088867 0.000000 0.266562 0.000000 0.963818 0.361240 0.361240 0.361240
1774.904541 0.000000 2882.041016 0.000000 0.832004 0.000000 0.554769 0.585922 0.585922 0.585922
1747.135132 0.000000 2916.224609 0.000000 0.839243 0.000000 0.543757 0.510112 0.510112 0.510112
1765.790283 0.000000 2889.163086 0.000000 0.741871 0.000000 -0.670542 1.027514 1.027514 1.027514
1746.247803 0.000000 2914.230957 0.000000 0.831092 0.000000 0.556136 0.454717 0.454717 0.454717
1764.556763 0.000000 2890.068604 0.000000 0.904243 0.000000 0.427019 0.514955 0.514955 0.514955
1749.780273 0.000000 2919.039062 0.000000 0.955714 0.000000 0.294298 0.589328 0.589328 0.589328
1778.934326 0.000000 2901.707520 0.000000 0.995170 0.000000 -0.098163 0.720963 0.720963 0.720963
1749.979858 0.000000 2916.910645 0.000000 0.933645 0.000000 0.358199 0.541229 0.541229 0.541229
1775.160034 0.000000 2909.293945 0.000000 0.959583 0.000000 -0.281426 0.802203 0.802203 0.802203
1746.124146 0.000000 2917.619629 0.000000 0.078135 0.000000 0.996943 0.207010 0.207010 0.207010
1737.257324 0.000000 2913.792236 0.000000 0.674047 0.000000 -0.738688 1.029707 1.029707 1.029707
1744.246704 0.000000 2919.278809 0.000000 0.955294 0.000000 -0.295657 0.777630 0.777630 0.777630
1762.255615 0.000000 2911.281738 0.000000 0.818995 0.000000 0.573800 0.533390 0.533390 0.533390
1743.300903 0.000000 2904.706299 0.000000 0.920965 0.000000 -0.389644 0.862275 0.862275 0.862275
1738.614136 0.000000 2913.260498 0.000000 0.836613 0.000000 -0.547794 0.901610 0.901610 0.901610
1736.531738 0.000000 2888.556396 0.000000 0.250122 0.000000 0.968214 0.250857 0.250857 0.250857
1741.047119 0.000000 2907.741699 0.000000 0.927273 0.000000 -0.374385 0.851557 0.851557 0.851557
1782.661011 0.000000 2910.368652 0.000000 0.856966 0.000000 0.515374 0.534412 0.534412 0.534412
1754.983032 0.000000 2922.486572 0.000000 0.298811 0.000000 0.954312 0.396572 0.396572 0.396572
1761.868286 0.000000 2887.972412 0.000000 0.399154 0.000000 -0.916884 1.217025 1.217025 1.217025
1749.142456 0.000000 2922.899414 0.000000 0.540981 0.000000 0.841035 0.443312 0.443312 0.443312
1742.065552 0.000000 2919.329102 0.000000 0.035488 0.000000 0.999370 0.131190 0.131190 0.131190
1777.968018 0.000000 2890.566406 0.000000 0.349550 0.000000 0.936918 0.443353 0.443353 0.443353
1785.008667 0.000000 2897.970947 0.000000 0.153823 0.000000 0.988098 0.261888 0.261888 0.261888
1788.591187 0.000000 2885.158691 0.000000 0.433725 0.000000 0.901045 0.423486 0.423486 0.423486
1740.839600 0.000000 2901.167725 0.000000 0.762451 0.000000 0.647046 0.484788 0.484788 0.484788
1761.457886 0.000000 2912.672607 0.000000 0.158278 0.000000 -0.987395 1.005948 1.005948 1.005948
1732.655273 0.000000 2904.775391 0.000000 0.776983 0.000000 -0.629521 0.891589 0.891589 0.891589
1783.088379 0.000000 2901.702881 0.000000 0.776055 0.000000 -0.630665 0.950439 0.950439 0.950439
1731.005981 0.000000 2912.113037 0.000000 0.909074 0.000000 0.416636 0.535529 0.535529 0.535529
1742.132812 0.000000 2915.276123 0.000000 0.924897 0.000000 -0.380218 0.775659 0.775659 0.775659
1746.013550 0.000000 2912.644287 0.000000 0.095427 0.000000 0.995436 0.256571 0.256571 0.256571
1734.868408 0.000000 2889.923340 0.000000 0.821775 0.000000 0.569813 0.524119 0.524119 0.524119
1739.073853 0.000000 2890.510254 0.000000 0.901773 0.000000 0.432210 0.566437 0.566437 0.566437
1781.688477 0.000000 2889.507080 0.000000 0.605145 0.000000 0.796115 0.360446 0.360446 0.360446
1735.935791 0.000000 2903.801514 0.000000 0.763720 0.000000 -0.645548 0.921969 0.921969 0.921969
1785.888306 0.000000 2903.464355 0.000000 0.518839 0.000000 -0.854872 0.965187 0.965187 0.965187
1764.211060 0.000000 2887.420410 0.000000 0.334926 0.000000 -0.942245 1.247804 1.247804 1.247804
1786.299194 0.000000 2913.214600 0.000000 0.664577 0.000000 -0.747220 0.881392 0.881392 0.881392
1765.692871 0.000000 2883.076172 0.000000 0.853182 0.000000 -0.521614 0.834256 0.834256 0.834256
1744.368530 0.000000 2890.606689 0.000000 0.495663 0.000000 -0.868515 0.929850 0.929850 0.929850
1788.736206 0.000000 2901.317627 0.000000 0.684779 0.000000 0.728751 0.528773 0.528773 0.528773
1782.611938 0.000000 2897.306152 0.000000 0.975567 0.000000 0.219703 0.639611 0.639611 0.639611
1734.072754 0.000000 2891.669678 0.000000 0.901068 0.000000 -0.433678 0.836401 0.836401 0.836401
1736.984009 0.000000 2890.644775 0.000000 0.568466 0.000000 -0.822707 0.924562 0.924562 0.924562
1753.298340 0.000000 2924.573730 0.000000 0.931850 0.000000 0.362844 0.586441 0.586441 0.586441
1787.382446 0.000000 2886.958008 0.000000 0.174201 0.000000 -0.984710 1.302459 1.302459 1.302459
1730.492798 0.000000 2910.044922 0.000000 0.569515 0.000000 -0.821981 0.974852 0.974852 0.974852
1774.276001 0.000000 2883.386963 0.000000 0.610339 0.000000 -0.792141 0.877359 0.877359 0.877359
1789.186157 0.000000 2903.448242 0.000000 0.567952 0.000000 0.823062 0.280996 0.280996 0.280996
1778.586426 0.000000 2895.314697 0.000000 0.464860 0.000000 -0.885384 1.125641 1.125641 1.125641
1757.984741 0.000000 2916.187256 0.000000 0.314796 0.000000 0.949159 0.446488 0.446488 0.446488
1783.919067 0.000000 2903.897461 0.000000 0.200107 0.000000 -0.979774 1.011092 1.011092 1.011092
1765.006592 0.000000 2913.590820 0.000000 0.976221 0.000000 -0.216777 0.797376 0.797376 0.797376
1784.324707 0.000000 2900.222900 0.000000 0.813666 0.000000 0.581332 0.448479 0.448479 0.448479
1781.567749 0.000000 2885.774170 0.000000 0.921687 0.000000 -0.387935 0.791901 0.791901 0.791901
1739.881958 0.000000 2899.062744 0.000000 0.192413 0.000000 -0.981314 1.027315 1.027315 1.027315
1741.757324 0.000000 2914.025391 0.000000 0.481853 0.000000 -0.876252 1.129288 1.129288 1.129288
1742.249878 0.000000 2911.797852 0.000000 0.120180 0.000000 -0.992752 1.080185 1.080185 1.080185
1740.545532 0.000000 2903.543457 0.000000 0.974777 0.000000 -0.223183 0.766082 0.766082 0.766082
1749.604980 0.000000 2880.980713 0.000000 0.623464 0.000000 0.781852 0.406656 0.406656 0.406656
1776.380737 0.000000 2883.976562 0.000000 0.999999 0.000000 -0.001664 0.700361 0.700361 0.700361
1756.710327 0.000000 2918.545898 0.000000 0.653219 0.000000 0.757169 0.362248 0.362248 0.362248
1752.601440 0.000000 2923.538574 0.000000 0.064181 0.000000 0.997938 0.133935 0.133935 0.133935
1751.946533 0.000000 2880.719238 0.000000 0.999361 0.000000 -0.035753 0.712061 0.712061 0.712061
1735.799805 0.000000 2896.783691 0.000000 0.212950 0.000000 0.977063 0.197543 0.197543 0.197543
1734.399414 0.000000 2897.108398 0.000000 0.998632 0.000000 0.052281 0.680622 0.680622 0.680622
1742.037354 0.000000 2906.809570 0.000000 0.503411 0.000000 0.864047 0.277024 0.277024 0.277024
1732.679688 0.000000 2900.305176 0.000000 0.999563 0.000000 -0.029564 0.706666 0.706666 0.706666
1732.632446 0.000000 2890.058838 0.000000 0.242185 0.000000 0.970230 0.206349 0.206349 0.206349
1781.775757 0.000000 2887.159668 0.000000 0.040855 0.000000 0.999165 0.066337 0.066337 0.066337
1745.078369 0.000000 2927.727783 0.000000 0.938748 0.000000 -0.344604 0.839566 0.839566 0.839566
1783.819824 0.000000 2910.536621 0.000000 0.710426 0.000000 -0.703772 0.938757 0.938757 0.938757
1740.651611 0.000000 2916.033936 0.000000 0.091395 0.000000 0.995815 0.307056 0.307056 0.307056
1736.721802 0.000000 2911.719971 0.000000 0.903539 0.000000 0.428506 0.561472 0.561472 0.561472
1786.371338 0.000000 2886.115967 0.000000 0.990079 0.000000 0.140511 0.639147 0.639147 0.639147
1734.481445 0.000000 2910.981445 0.000000 0.854459 0.000000 -0.519519 0.863251 0.863251 0.863251
1787.239868 0.000000 2902.754639 0.000000 0.742338 0.000000 0.670026 0.421556 0.421556 0.421556
1785.953979 0.000000 2898.679199 0.000000 0.832581 0.000000 -0.553903 0.908260 0.908260 0.908260
1748.084106 0.000000 2926.602783 0.000000 0.888996 0.000000 0.457915 0.510478 0.510478 0.510478
1759.021973 0.000000 2883.328613 0.000000 0.111075 0.000000 -0.993812 1.238173 1.238173 1.238173
1736.401245 0.000000 2897.746094 0.000000 0.995708 0.000000 0.092553 0.667929 0.667929 0.667929
1736.251953 0.000000 2889.688477 0.000000 1.000000 0.000000 0.000640 0.699782 0.699782 0.699782
1744.026855 0.000000 2917.232666 0.000000 0.020402 0.000000 0.999792 0.079538 0.079538 0.079538
1782.165894 0.000000 2893.904785 0.000000 0.947139 0.000000 0.320825 0.567013 0.567013 0.567013
1771.867676 0.000000 2913.484619 0.000000 0.999573 0.000000 -0.029207 0.708219 0.708219 0.708219
1764.214722 0.000000 2884.504639 0.000000 0.705641 0.000000 -0.708569 0.891287 0.891287 0.891287
1778.210815 0.000000 2899.002197 0.000000 0.469027 0.000000 -0.883184 1.076498 1.076498 1.076498
1750.516846 0.000000 2879.382568 0.000000 0.670505 0.000000 0.741905 0.441435 0.441435 0.441435
1764.302124 0.000000 2880.523682 0.000000 0.484597 0.000000 0.874738 0.225447 0.225447 0.225447
1735.161499 0.000000 2912.507324 0.000000 0.771280 0.000000 -0.636495 0.991789 0.991789 0.991789
1746.738892 0.000000 2922.824707 0.000000 0.926548 0.000000 0.376176 0.575313 0.575313 0.575313
1783.852905 0.000000 2898.897949 0.000000 0.189374 0.000000 0.981905 0.386422 0.386422 0.386422
1748.586426 0.000000 2891.882812 0.000000 0.997576 0.000000 -0.069581 0.719836 0.719836 0.719836
1743.572144 0.000000 2921.294434 0.000000 0.047684 0.000000 0.998862 0.351313 0.351313 0.351313
1757.534790 0.000000 2920.113281 0.000000 0.139855 0.000000 -0.990172 1.077483 1.077483 1.077483
1740.399170 0.000000 2913.269531 0.000000 0.984276 0.000000 -0.176635 0.750891 0.750891 0.750891
1747.874268 0.000000 2921.958008 0.000000 0.858728 0.000000 0.512432 0.560847 0.560847 0.560847
1744.015747 0.000000 2908.307373 0.000000 0.150718 0.000000 0.988577 0.154246 0.154246 0.154246
1748.264404 0.000000 2879.366211 0.000000 0.972218 0.000000 0.234079 0.600490 0.600490 0.600490
1759.703735 0.000000 2881.995605 0.000000 0.831697 0.000000 -0.555230 0.952031 0.952031 0.952031
1743.132202 0.000000 2891.388428 0.000000 0.723647 0.000000 -0.690171 0.930294 0.930294 0.930294
1782.176636 0.000000 2900.295898 0.000000 0.772229 0.000000 -0.635344 0.952658 0.952658 0.952658
1733.886230 0.000000 2906.537598 0.000000 0.847099 0.000000 0.531435 0.479689 0.479689 0.479689
1779.506836 0.000000 2890.350830 0.000000 0.578700 0.000000 0.815541 0.365012 0.365012 0.365012
1742.765503 0.000000 2916.967529 0.000000 0.987220 0.000000 -0.159366 0.750625 0.750625 0.750625
1777.911987 0.000000 2884.730469 0.000000 0.894916 0.000000 0.446234 0.526205 0.526205 0.526205
1748.135376 0.000000 2918.494141 0.000000 0.980648 0.000000 -0.195780 0.773005 0.773005 0.773005
1768.120605 0.000000 2913.412598 0.000000 0.999748 0.000000 0.022461 0.689990 0.689990 0.689990
1745.495605 0.000000 2888.548096 0.000000 0.958777 0.000000 0.284159 0.621953 0.621953 0.621953
1762.627075 0.000000 2884.073486 0.000000 0.975137 0.000000 0.221604 0.630098 0.630098 0.630098
1765.538696 0.000000 2888.087402 0.000000 0.750463 0.000000 -0.660912 1.021763 1.021763 1.021763
1764.097046 0.000000 2912.868652 0.000000 0.398755 0.000000 -0.917058 1.217219 1.217219 1.217219
1741.790405 0.000000 2902.745361 0.000000 0.563788 0.000000 -0.825920 0.985324 0.985324 0.985324
1785.739014 0.000000 2891.399902 0.000000 0.104151 0.000000 0.994562 0.330963 0.330963 0.330963
1755.893921 0.000000 2917.735352 0.000000 0.282887 0.000000 -0.959153 1.047802 1.047802 1.047802
1779.980957 0.000000 2889.292480 0.000000 0.996131 0.000000 -0.087878 0.723527 0.723527 0.723527
1756.472534 0.000000 2881.827393 0.000000 0.586727 0.000000 0.809785 0.399819 0.399819 0.399819
1787.201538 0.000000 2911.402100 0.000000 0.192819 0.000000 -0.981234 1.149923 1.149923 1.149923
1727.941040 0.000000 2919.448730 0.000000 0.496868 0.000000 0.867826 0.415361 0.415361 0.415361
1764.249023 0.000000 2879.356934 0.000000 0.907226 0.000000 0.420643 0.590744 0.590744 0.590744
1760.719971 0.000000 2914.361572 0.000000 0.111942 0.000000 0.993715 0.049990 0.049990 0.049990
1754.360107 0.000000 2918.461670 0.000000 0.950608 0.000000 0.310395 0.616164 0.616164 0.616164
1761.803711 0.000000 2917.259521 0.000000 0.825939 0.000000 -0.563759 0.915616 0.915616 0.915616
1734.188110 0.000000 2895.226074 0.000000 0.927844 0.000000 -0.372969 0.845610 0.845610 0.845610
1773.173340 0.000000 2910.334229 0.000000 0.994875 0.000000 -0.101109 0.727435 0.727435 0.727435
1747.949219 0.000000 2925.398438 0.000000 0.884194 0.000000 0.467120 0.485956 0.485956 0.485956
1763.277222 0.000000 2880.975342 0.000000 0.866576 0.000000 -0.499046 0.932842 0.932842 0.932842
1783.742188 0.000000 2890.452393 0.000000 0.195856 0.000000 -0.980633 1.223330 1.223330 1.223330
1761.465698 0.000000 2915.315918 0.000000 0.563896 0.000000 -0.825846 1.133023 1.133023 1.133023
1734.875488 0.000000 2913.604736 0.000000 0.859235 0.000000 -0.511582 0.927116 0.927116 0.927116
1757.462524 0.000000 2882.307861 0.000000 0.459095 0.000000 0.888387 0.355922 0.355922 0.355922
1762.793335 0.000000 2913.611816 0.000000 0.072104 0.000000 0.997397 0.032160 0.032160 0.032160
1734.746216 0.000000 2905.719482 0.000000 0.442893 0.000000 0.896574 0.237503 0.237503 0.237503
1727.797119 0.000000 2908.372559 0.000000 0.480613 0.000000 -0.876933 0.980341 0.980341 0.980341
1749.866333 0.000000 2926.435547 0.000000 0.350282 0.000000 -0.936644 1.183288 1.183288 1.183288
1731.461060 0.000000 2913.089844 0.000000 0.085293 0.000000 -0.996356 1.268493 1.268493 1.268493
1788.069336 0.000000 2903.554932 0.000000 0.754373 0.000000 0.656446 0.389643 0.389643 0.389643
1731.573608 0.000000 2908.384766 0.000000 0.346869 0.000000 -0.937913 1.106075 1.106075 1.106075
1757.752930 0.000000 2880.059570 0.000000 0.876951 0.000000 -0.480580 0.859449 0.859449 0.859449
1730.562866 0.000000 2907.648682 0.000000 0.107319 0.000000 -0.994225 1.283038 1.283038 1.283038
1745.733154 0.000000 2908.620117 0.000000 0.987017 0.000000 -0.160615 0.762020 0.762020 0.762020
1731.448975 0.000000 2909.454590 0.000000 0.969669 0.000000 -0.244420 0.782420 0.782420 0.782420
1754.214844 0.000000 2916.326172 0.000000 0.992726 0.000000 -0.120396 0.732692 0.732692 0.732692
1733.059326 0.000000 2913.154785 0.000000 0.756393 0.000000 -0.654118 0.915567 0.915567 0.915567
1752.632812 0.000000 2879.816650 0.000000 0.587135 0.000000 0.809489 0.367010 0.367010 0.367010
1762.419800 0.000000 2909.343994 0.000000 0.177785 0.000000 0.984069 0.259674 0.259674 0.259674
1774.883789 0.000000 2908.260498 0.000000 0.912447 0.000000 0.409195 0.548970 0.548970 0.548970
1776.228760 0.000000 2889.031738 0.000000 0.963048 0.000000 0.269330 0.614695 0.614695 0.614695
1746.943726 0.000000 2915.070801 0.000000 0.815433 0.000000 0.578851 0.443242 0.443242 0.443242
1742.991211 0.000000 2908.712158 0.000000 0.005688 0.000000 0.999984 0.183055 0.183055 0.183055
1747.995483 0.000000 2890.999023 0.000000 0.212998 0.000000 -0.977053 1.062609 1.062609 1.062609
1782.399292 0.000000 2891.665527 0.000000 0.228550 0.000000 0.973532 0.189417 0.189417 0.189417
1764.170776 0.000000 2891.062012 0.000000 0.102860 0.000000 0.994696 0.084394 0.084394 0.084394
1779.761475 0.000000 2893.503662 0.000000 0.970524 0.000000 0.241005 0.606845 0.606845 0.606845
1780.979248 0.000000 2900.632080 0.000000 0.822268 0.000000 -0.569100 0.957096 0.957096 0.957096
1760.437744 0.000000 2884.214600 0.000000 0.917464 0.000000 0.397818 0.532690 0.532690 0.532690
1777.756836 0.000000 2889.360107 0.000000 0.729499 0.000000 0.683982 0.464384 0.464384 0.464384
1765.218018 0.000000 2881.023438 0.000000 0.960977 0.000000 -0.276628 0.824904 0.824904 0.824904
1729.762695 0.000000 2906.104004 0.000000 0.996634 0.000000 0.081979 0.669450 0.669450 0.669450
1789.090576 0.000000 2887.413818 0.000000 0.444876 0.000000 0.895592 0.323756 0.323756 0.323756
1735.378906 0.000000 2902.936768 0.000000 0.798561 0.000000 0.601914 0.495695 0.495695 0.495695
1734.677124 0.000000 2901.430664 0.000000 0.236224 0.000000 -0.971699 1.223876 1.223876 1.223876
1743.385498 0.000000 2902.408447 0.000000 0.987713 0.000000 0.156277 0.646525 0.646525 0.646525
1727.923584 0.000000 2905.190674 0.000000 0.071648 0.000000 0.997430 0.086971 0.086971 0.086971
1763.782349 0.000000 2882.667969 0.000000 0.899972 0.000000 0.435948 0.504497 0.504497 0.504497
1763.014038 0.000000 2881.996338 0.000000 0.957299 0.000000 -0.289101 0.830699 0.830699 0.830699
1746.125610 0.000000 2916.552979 0.000000 0.952376 0.000000 -0.304926 0.802345 0.802345 0.802345
1743.086304 0.000000 2906.372803 0.000000 0.349958 0.000000 0.936766 0.208092 0.208092 0.208092
1746.368042 0.000000 2927.231934 0.000000 0.150331 0.000000 0.988636 0.087099 0.087099 0.087099
1751.583008 0.000000 2925.766602 0.000000 0.061346 0.000000 0.998117 0.080112 0.080112 0.080112
1731.069824 0.000000 2911.049805 0.000000 0.984454 0.000000 0.175641 0.649707 0.649707 0.649707
1738.161499 0.000000 2888.780518 0.000000 0.200822 0.000000 -0.979628 1.085070 1.085070 1.085070
1763.737671 0.000000 2889.476807 0.000000 0.289357 0.000000 0.957221 0.133050 0.133050 0.133050
1746.654785 0.000000 2923.935059 0.000000 0.850952 0.000000 0.525244 0.521213 0.521213 0.521213
1762.411743 0.000000 2879.352783 0.000000 0.595789 0.000000 -0.803141 1.115575 1.115575 1.115575
1751.833496 0.000000 2905.506348 0.000000 0.994450 0.000000 0.105213 0.660763 0.660763 0.660763
1785.260254 0.000000 2901.742188 0.000000 0.469571 0.000000 -0.882895 1.138682 1.138682 1.138682
1727.982056 0.000000 2906.295898 0.000000 0.355922 0.000000 0.934516 0.320353 0.320353 0.320353
1761.481079 0.000000 2885.011963 0.000000 0.822024 0.000000 0.569453 0.452251 0.452251 0.452251
1763.129395 0.000000 2885.997803 0.000000 0.653916 0.000000 -0.756567 0.968412 0.968412 0.968412
1737.452148 0.000000 2900.214111 0.000000 0.434500 0.000000 0.900672 0.235578 0.235578 0.235578
1760.976929 0.000000 2916.210449 0.000000 0.835504 0.000000 -0.549484 0.909430 0.909430 0.909430
1734.984497 0.000000 2915.713623 0.000000 0.890718 0.000000 0.454557 0.538370 0.538370 0.538370
1737.181152 0.000000 2903.236572 0.000000 0.977310 0.000000 0.211814 0.615331 0.615331 0.615331
1737.406372 0.000000 2902.220459 0.000000 0.685589 0.000000 0.727989 0.376536 0.376536 0.376536
1741.655273 0.000000 2904.880371 0.000000 0.266853 0.000000 -0.963737 1.143241 1.143241 1.143241
1728.757446 0.000000 2907.701904 0.000000 0.251100 0.000000 -0.967961 1.190226 1.190226 1.190226
1755.404663 0.000000 2920.217285 0.000000 0.504223 0.000000 0.863573 0.324764 0.324764 0.324764
1739.992310 0.000000 2901.684570 0.000000 0.939522 0.000000 0.342489 0.567436 0.567436 0.567436
1783.417358 0.000000 2900.784180 0.000000 0.430450 0.000000 -0.902615 1.113162 1.113162 1.113162
1738.037109 0.000000 2903.992920 0.000000 0.149090 0.000000 -0.988824 1.224035 1.224035 1.224035
1738.332031 0.000000 2900.773193 0.000000 0.428317 0.000000 -0.903628 1.127830 1.127830 1.127830
1734.096313 0.000000 2903.389160 0.000000 0.716818 0.000000 -0.697261 0.944057 0.944057 0.944057
1763.478271 0.000000 2888.137451 0.000000 0.961510 0.000000 -0.274772 0.823557 0.823557 0.823557
1776.906250 0.000000 2887.437744 0.000000 0.780860 0.000000 0.624707 0.447653 0.447653 0.447653
1734.825439 0.000000 2890.951172 0.000000 0.255063 0.000000 -0.966924 1.099221 1.099221 1.099221
1733.386108 0.000000 2908.454834 0.000000 0.988810 0.000000 0.149180 0.636935 0.636935 0.636935
1762.038940 0.000000 2886.916504 0.000000 0.674168 0.000000 0.738578 0.329697 0.329697 0.329697
1779.670898 0.000000 2894.734619 0.000000 0.648946 0.000000 -0.760834 1.038455 1.038455 1.038455
1763.567749 0.000000 2883.669678 0.000000 0.259852 0.000000 -0.965649 1.266857 1.266857 1.266857
1762.386963 0.000000 2880.366455 0.000000 0.151798 0.000000 0.988411 0.067909 0.067909 0.067909
1788.477173 0.000000 2912.872070 0.000000 0.483178 0.000000 0.875522 0.288095 0.288095 0.288095
1736.581177 0.000000 2912.691406 0.000000 0.884267 0.000000 0.466982 0.507253 0.507253 0.507253
1744.382690 0.000000 2926.676514 0.000000 0.811004 0.000000 -0.585041 0.947911 0.947911 0.947911
1780.802612 0.000000 2901.596191 0.000000 0.075324 0.000000 0.997159 0.064959 0.064959 0.064959
1747.707397 0.000000 2914.312256 0.000000 0.838130 0.000000 0.545471 0.460032 0.460032 0.460032
1751.568359 0.000000 2904.000732 0.000000 0.342144 0.000000 0.939647 0.245278 0.245278 0.245278
1728.906494 0.000000 2904.624268 0.000000 0.957821 0.000000 -0.287366 0.824288 0.824288 0.824288
1730.695312 0.000000 2906.681885 0.000000 0.930474 0.000000 -0.366357 0.849455 0.849455 0.849455
1753.580811 0.000000 2917.838135 0.000000 0.959748 0.000000 0.280861 0.599501 0.599501 0.599501
1736.579712 0.000000 2900.625732 0.000000 0.745931 0.000000 0.666023 0.398121 0.398121 0.398121
1761.036377 0.000000 2886.128906 0.000000 0.925467 0.000000 -0.378829 0.873142 0.873142 0.873142
1742.945801 0.000000 2926.753662 0.000000 0.116208 0.000000 0.993225 0.156107 0.156107 0.156107
1732.429321 0.000000 2907.950684 0.000000 0.683724 0.000000 -0.729741 1.021620 1.021620 1.021620
1761.294189 0.000000 2880.856201 0.000000 0.983339 0.000000 -0.181783 0.767405 0.767405 0.767405
1789.523560 0.000000 2902.572754 0.000000 0.740611 0.000000 -0.671934 1.019337 1.019337 1.019337
1735.734863 0.000000 2900.062988 0.000000 0.932398 0.000000 -0.361434 0.845410 0.845410 0.845410
1769.668579 0.000000 2912.825928 0.000000 0.994303 0.000000 0.106595 0.652407 0.652407 0.652407
1745.938965 0.000000 2910.329346 0.000000 0.748875 0.000000 0.662711 0.401222 0.401222 0.401222
1758.145020 0.000000 2881.410645 0.000000 0.897094 0.000000 0.441839 0.504055 0.504055 0.504055
1737.486450 0.000000 2899.269531 0.000000 0.782763 0.000000 0.622320 0.454664 0.454664 0.454664
1774.098267 0.000000 2910.577393 0.000000 0.435568 0.000000 0.900156 0.320242 0.320242 0.320242
1788.192505 0.000000 2886.430176 0.000000 0.294594 0.000000 -0.955623 1.131168 1.131168 1.131168
1736.506836 0.000000 2901.614746 0.000000 0.726518 0.000000 0.687147 0.386238 0.386238 0.386238
1778.222778 0.000000 2893.432129 0.000000 0.373287 0.000000 0.927716 0.245233 0.245233 0.245233
1740.351929 0.000000 2890.928711 0.000000 0.695290 0.000000 0.718730 0.355227 0.355227 0.355227
1774.486694 0.000000 2911.601562 0.000000 0.789973 0.000000 0.613141 0.476229 0.476229 0.476229
1750.156860 0.000000 2905.135742 0.000000 0.785506 0.000000 -0.618854 0.948386 0.948386 0.948386
1742.967285 0.000000 2918.980469 0.000000 0.868039 0.000000 0.496497 0.507510 0.507510 0.507510
1740.049805 0.000000 2906.592285 0.000000 0.629013 0.000000 0.777395 0.348288 0.348288 0.348288
1753.028320 0.000000 2922.707520 0.000000 0.839490 0.000000 -0.543375 0.915839 0.915839 0.915839
1754.023071 0.000000 2920.534180 0.000000 0.998971 0.000000 0.045362 0.683664 0.683664 0.683664
1728.793823 0.000000 2906.760254 0.000000 0.745808 0.000000 -0.666161 0.971378 0.971378 0.971378
1735.161377 0.000000 2895.136719 0.000000 0.981052 0.000000 0.193747 0.625718 0.625718 0.625718
1760.056152 0.000000 2887.312256 0.000000 0.937506 0.000000 0.347968 0.541620 0.541620 0.541620
1734.939209 0.000000 2900.522461 0.000000 0.990928 0.000000 -0.134392 0.753004 0.753004 0.753004
1750.725220 0.000000 2924.246338 0.000000 0.782629 0.000000 -0.622489 0.975945 0.975945 0.975945
1753.481689 0.000000 2916.916016 0.000000 0.277740 0.000000 0.960656 0.244842 0.244842 0.244842
1736.737183 0.000000 2898.695312 0.000000 0.847122 0.000000 -0.531398 0.904628 0.904628 0.904628
1727.891602 0.000000 2924.248047 0.000000 0.940386 0.000000 0.340109 0.569609 0.569609 0.569609
1750.854614 0.000000 2916.489502 0.000000 0.298099 0.000000 -0.954535 1.227433 1.227433 1.227433
1741.451172 0.000000 2890.104736 0.000000 0.991595 0.000000 -0.129378 0.755777 0.755777 0.755777
1779.525024 0.000000 2885.779297 0.000000 0.198373 0.000000 -0.980127 1.181618 1.181618 1.181618
1785.651123 0.000000 2899.849121 0.000000 0.349142 0.000000 0.937070 0.269272 0.269272 0.269272
1732.399902 0.000000 2906.869141 0.000000 0.941582 0.000000 -0.336784 0.835066 0.835066 0.835066
1745.011108 0.000000 2910.499512 0.000000 0.752179 0.000000 -0.658959 0.996716 0.996716 0.996716
1750.162842 0.000000 2917.823730 0.000000 0.761259 0.000000 0.648448 0.406547 0.406547 0.406547
1758.023804 0.000000 2883.035400 0.000000 0.916565 0.000000 -0.399886 0.851697 0.851697 0.851697
1748.340454 0.000000 2917.432129 0.000000 0.206061 0.000000 0.978539 0.109167 0.109167 0.109167
1777.178467 0.000000 2886.570557 0.000000 0.663323 0.000000 0.748334 0.383780 0.383780 0.383780
1729.902832 0.000000 2905.221436 0.000000 0.777250 0.000000 0.629192 0.409822 0.409822 0.409822
1735.064697 0.000000 2908.000732 0.000000 0.930949 0.000000 0.365149 0.545837 0.545837 0.545837
1748.659790 0.000000 2920.553955 0.000000 0.776501 0.000000 -0.630115 0.974006 0.974006 0.974006
1781.119385 0.000000 2888.823730 0.000000 0.686138 0.000000 0.727471 0.399614 0.399614 0.399614
1744.622803 0.000000 2909.016113 0.000000 0.999237 0.000000 0.039058 0.684980 0.684980 0.684980
1781.250366 0.000000 2887.884277 0.000000 0.317578 0.000000 -0.948232 1.216737 1.216737 1.216737
1782.965942 0.000000 2892.340088 0.000000 0.995038 0.000000 0.099493 0.659420 0.659420 0.659420
1735.192139 0.000000 2909.076416 0.000000 0.647413 0.000000 0.762139 0.342584 0.342584 0.342584
1757.084595 0.000000 2919.348633 0.000000 0.526976 0.000000 0.849880 0.300598 0.300598 0.300598
1779.637573 0.000000 2892.101562 0.000000 0.133752 0.000000 -0.991015 1.249833 1.249833 1.249833
1778.175415 0.000000 2897.448242 0.000000 0.723217 0.000000 -0.690621 0.999760 0.999760 0.999760
1767.147705 0.000000 2913.466797 0.000000 0.447874 0.000000 0.894097 0.206946 0.206946 0.206946
1782.778564 0.000000 2893.245117 0.000000 0.812844 0.000000 -0.582481 0.953180 0.953180 0.953180
1731.508301 0.000000 2906.362305 0.000000 0.967888 0.000000 0.251380 0.598752 0.598752 0.598752
1735.523193 0.000000 2904.613281 0.000000 0.995964 0.000000 0.089751 0.662620 0.662620 0.662620
1742.481934 0.000000 2904.412598 0.000000 0.585330 0.000000 0.810795 0.316653 0.316653 0.316653
1765.903320 0.000000 2891.277588 0.000000 0.956464 0.000000 0.291850 0.575785 0.575785 0.575785
1740.811890 0.000000 2914.065430 0.000000 0.037180 0.000000 0.999309 0.083575 0.083575 0.083575
1762.701294 0.000000 2889.803223 0.000000 0.323978 0.000000 0.946065 0.149197 0.149197 0.149197
1751.958130 0.000000 2917.949219 0.000000 0.249125 0.000000 0.968471 0.151387 0.151387 0.151387
1762.169434 0.000000 2882.187988 0.000000 0.514728 0.000000 0.857354 0.253551 0.253551 0.253551
1759.664917 0.000000 2880.504395 0.000000 0.611242 0.000000 0.791444 0.309020 0.309020 0.309020
1787.211548 0.000000 2887.775391 0.000000 0.976068 0.000000 0.217465 0.605374 0.605374 0.605374
1733.192993 0.000000 2909.391602 0.000000 0.224838 0.000000 0.974396 0.133942 0.133942 0.133942
1762.157349 0.000000 2913.093506 0.000000 0.674318 0.000000 0.738441 0.329787 0.329787 0.329787
1766.413696 0.000000 2912.448730 0.000000 0.936299 0.000000 -0.351204 0.859919 0.859919 0.859919
1749.464355 0.000000 2916.271484 0.000000 0.606507 0.000000 -0.795078 1.098354 1.098354 1.098354
1762.307495 0.000000 2915.383789 0.000000 0.895290 0.000000 0.445483 0.494245 0.494245 0.494245
1746.105957 0.000000 2924.521729 0.000000 0.142865 0.000000 0.989742 0.071368 0.071368 0.071368
1538.157471 0.000000 2963.859619 0.000000 0.581608 0.000000 0.813469 0.588755 0.588755 0.588755
1536.598267 0.000000 2965.300049 0.000000 0.313135 0.000000 -0.949709 0.831310 0.831310 0.831310
1539.844238 0.000000 2965.095459 0.000000 0.333037 0.000000 0.942914 0.545074 0.545074 0.545074
1539.886475 0.000000 2962.925293 0.000000 0.999716 0.000000 0.023848 0.697207 0.697207 0.697207
1812.747314 0.000000 2874.358887 0.000000 0.149514 0.000000 -0.988760 0.903592 0.903592 0.903592
1793.283447 0.000000 2831.168945 0.000000 0.211004 0.000000 -0.977485 1.094010 1.094010 1.094010
1840.059448 0.000000 2837.255859 0.000000 0.979934 0.000000 -0.199324 0.779255 0.779255 0.779255
1848.421509 0.000000 2867.666748 0.000000 0.453582 0.000000 -0.891215 0.773050 0.773050 0.773050
1814.754761 0.000000 2846.744385 0.000000 0.793688 0.000000 0.608325 0.408579 0.408579 0.408579
1820.148315 0.000000 2822.977295 0.000000 0.975504 0.000000 -0.219981 0.703876 0.703876 0.703876
1793.757202 0.000000 2858.323975 0.000000 0.577424 0.000000 0.816444 0.669952 0.669952 0.669952
1846.834473 0.000000 2816.064697 0.000000 0.963321 0.000000 0.268352 0.679109 0.679109 0.679109
1843.478149 0.000000 2852.146973 0.000000 0.182443 0.000000 0.983216 0.411488 0.411488 0.411488
1832.102905 0.000000 2877.253174 0.000000 0.446082 0.000000 0.894992 0.463681 0.463681 0.463681
1808.847778 0.000000 2832.729980 0.000000 0.839714 0.000000 -0.543029 0.928726 0.928726 0.928726
1799.948242 0.000000 2844.636963 0.000000 0.884509 0.000000 -0.466523 0.736473 0.736473 0.736473
1808.222168 0.000000 2860.670654 0.000000 0.915806 0.000000 0.401621 0.657387 0.657387 0.657387
1834.766479 0.000000 2823.259033 0.000000 0.692168 0.000000 0.721737 0.684500 0.684500 0.684500
1825.570557 0.000000 2836.224365 0.000000 0.383092 0.000000 0.923710 0.195778 0.195778 0.195778
1829.129272 0.000000 2848.442871 0.000000 0.995802 0.000000 0.091533 0.670526 0.670526 0.670526
1818.750977 0.000000 2857.117920 0.000000 0.069296 0.000000 0.997596 0.062392 0.062392 0.062392
1823.095947 0.000000 2871.246338 0.000000 0.177388 0.000000 -0.984141 1.062584 1.062584 1.062584
1837.424683 0.000000 2867.767822 0.000000 0.956450 0.000000 -0.291898 0.725365 0.725365 0.725365
1800.342529 0.000000 2865.180664 0.000000 0.453451 0.000000 0.891281 0.515428 0.515428 0.515428
1792.011841 0.000000 2840.191162 0.000000 0.738352 0.000000 -0.674415 0.974225 0.974225 0.974225
1792.495239 0.000000 2849.478271 0.000000 0.853270 0.000000 0.521469 0.687537 0.687537 0.687537
1816.796631 0.000000 2837.644775 0.000000 0.991694 0.000000 0.128619 0.687829 0.687829 0.687829
1837.670532 0.000000 2858.613037 0.000000 0.689832 0.000000 -0.723969 1.048025 1.048025 1.048025
1841.540039 0.000000 2828.794189 0.000000 0.900708 0.000000 -0.434425 0.740054 0.740054 0.740054
1833.322876 0.000000 2831.724609 0.000000 0.737401 0.000000 -0.675456 0.999371 0.999371 0.999371
1807.987183 0.000000 2841.900146 0.000000 0.631952 0.000000 0.775008 0.670557 0.670557 0.670557
1800.582764 0.000000 2835.640625 0.000000 0.121999 0.000000 0.992530 0.449395 0.449395 0.449395
1805.208984 0.000000 2871.760498 0.000000 0.971001 0.000000 0.239074 0.698734 0.698734 0.698734
1822.715088 0.000000 2843.571777 0.000000 0.357061 0.000000 -0.934081 1.136153 1.136153 1.136153
1831.709106 0.000000 2840.896240 0.000000 0.683739 0.000000 -0.729727 0.758605 0.758605 0.758605
1820.553833 0.000000 2830.623291 0.000000 0.968361 0.000000 0.249555 0.684573 0.684573 0.684573
1853.051270 0.000000 2851.464355 0.000000 0.899491 0.000000 -0.436939 0.753737 0.753737 0.753737
1811.406616 0.000000 2853.531738 0.000000 0.370781 0.000000 0.928720 0.181762 0.181762 0.181762
1844.454834 0.000000 2861.631836 0.000000 0.707299 0.000000 -0.706914 0.892090 0.892090 0.892090
1847.153076 0.000000 2835.838867 0.000000 0.612931 0.000000 0.790136 0.637908 0.637908 0.637908
1822.497070 0.000000 2851.121338 0.000000 0.578176 0.000000 -0.815912 1.108593 1.108593 1.108593
1822.480103 0.000000 2863.979736 0.000000 0.298989 0.000000 0.954256 0.469695 0.469695 0.469695
1831.628540 0.000000 2854.751709 0.000000 0.627585 0.000000 0.778548 0.361598 0.361598 0.361598
1845.300781 0.000000 2845.535400 0.000000 0.953383 0.000000 -0.301764 0.763749 0.763749 0.763749
1794.098877 0.000000 2824.774414 0.000000 0.532224 0.000000 -0.846604 0.726465 0.726465 0.726465
1807.364502 0.000000 2848.261475 0.000000 0.223625 0.000000 0.974675 0.417885 0.417885 0.417885
1814.508911 0.000000 2829.632324 0.000000 0.962172 0.000000 -0.272442 0.770885 0.770885 0.770885
1836.997070 0.000000 2851.702148 0.000000 0.938138 0.000000 -0.346261 0.840885 0.840885 0.840885
1791.883301 0.000000 2876.384033 0.000000 0.840838 0.000000 -0.541287 0.716993 0.716993 0.716993
1798.569702 0.000000 2820.000000 0.000000 0.856368 0.000000 0.516365 0.602331 0.602331 0.602331
1842.957031 0.000000 2869.877930 0.000000 0.977469 0.000000 0.211080 0.694797 0.694797 0.694797
1825.448730 0.000000 2856.181152 0.000000 0.929194 0.000000 -0.369594 0.743003 0.743003 0.743003
1853.948486 0.000000 2866.398682 0.000000 0.514751 0.000000 -0.857340 0.862013 0.862013 0.862013
1802.143066 0.000000 2877.010498 0.000000 0.113020 0.000000 0.993593 0.544623 0.544623 0.544623
1848.475342 0.000000 2854.908691 0.000000 0.222957 0.000000 -0.974828 0.723522 0.723522 0.723522
1826.032227 0.000000 2876.465576 0.000000 0.842704 0.000000 0.538377 0.688078 0.688078 0.688078
1853.428711 0.000000 2816.119141 0.000000 0.808047 0.000000 0.589118 0.692294 0.692294 0.692294
1803.639160 0.000000 2830.741211 0.000000 0.689684 0.000000 -0.724110 0.898113 0.898113 0.898113
1808.154053 0.000000 2877.453857 0.000000 0.500846 0.000000 -0.865536 0.992537 0.992537 0.992537
1817.485840 0.000000 2871.104248 0.000000 0.769517 0.000000 -0.638626 0.798056 0.798056 0.798056
1813.846069 0.000000 2859.935303 0.000000 0.780508 0.000000 0.625146 0.399055 0.399055 0.399055
1834.390015 0.000000 2863.147217 0.000000 0.514950 0.000000 -0.857220 0.793587 0.793587 0.793587
1847.435547 0.000000 2873.062988 0.000000 0.978624 0.000000 0.205660 0.661629 0.661629 0.661629
1797.359009 0.000000 2879.250244 0.000000 0.849636 0.000000 0.527370 0.681555 0.681555 0.681555
1813.283813 0.000000 2841.576660 0.000000 0.278828 0.000000 -0.960341 1.012928 1.012928 1.012928
1817.188477 0.000000 2852.043213 0.000000 0.218140 0.000000 0.975917 0.206595 0.206595 0.206595
1797.142334 0.000000 2839.638916 0.000000 0.624853 0.000000 -0.780743 0.756361 0.756361 0.756361
1806.520752 0.000000 2826.477539 0.000000 0.944597 0.000000 0.328233 0.561486 0.561486 0.561486
1834.988647 0.000000 2837.092285 0.000000 0.957050 0.000000 0.289924 0.594620 0.594620 0.594620
1798.605835 0.000000 2830.216064 0.000000 0.196542 0.000000 -0.980495 0.767182 0.767182 0.767182
1850.084839 0.000000 2847.301514 0.000000 0.951997 0.000000 0.306108 0.653244 0.653244 0.653244
1794.543823 0.000000 2844.854736 0.000000 0.790555 0.000000 -0.612391 0.974128 0.974128 0.974128
1811.657104 0.000000 2836.791260 0.000000 0.952376 0.000000 -0.304926 0.750360 0.750360 0.750360
1855.140137 0.000000 2871.382324 0.000000 0.242856 0.000000 -0.970062 0.841300 0.841300 0.841300
1829.765259 0.000000 2872.737305 0.000000 0.141523 0.000000 -0.989935 1.256818 1.256818 1.256818
1796.038818 0.000000 2862.673584 0.000000 0.326306 0.000000 -0.945264 0.990005 0.990005 0.990005
1838.354248 0.000000 2832.643311 0.000000 0.458850 0.000000 -0.888514 0.847226 0.847226 0.847226
1836.414917 0.000000 2827.970947 0.000000 0.074356 0.000000 0.997232 0.456802 0.456802 0.456802
1840.023926 0.000000 2863.511475 0.000000 0.965007 0.000000 -0.262225 0.723184 0.723184 0.723184
1826.876221 0.000000 2840.921631 0.000000 0.899442 0.000000 -0.437041 0.854136 0.854136 0.854136
1794.126221 0.000000 2835.890869 0.000000 0.997773 0.000000 0.066703 0.675152 0.675152 0.675152
1807.149902 0.000000 2855.972412 0.000000 0.338647 0.000000 -0.940913 1.053322 1.053322 1.053322
1845.893921 0.000000 2831.093506 0.000000 0.693702 0.000000 -0.720262 0.763242 0.763242 0.763242
1817.970703 0.000000 2843.151855 0.000000 0.945454 0.000000 -0.325755 0.847866 0.847866 0.847866
1821.351318 0.000000 2838.945801 0.000000 0.455959 0.000000 -0.890001 0.970397 0.970397 0.970397
1832.940063 0.000000 2845.467285 0.000000 0.779392 0.000000 0.626537 0.626636 0.626636 0.626636
1843.651978 0.000000 2857.019043 0.000000 0.342619 0.000000 0.939475 0.311619 0.311619 0.311619
1791.815308 0.000000 2854.113770 0.000000 0.698045 0.000000 0.716053 0.503333 0.503333 0.503333
1830.267822 0.000000 2835.986084 0.000000 0.138233 0.000000 0.990400 0.284544 0.284544 0.284544
1819.349976 0.000000 2847.562744 0.000000 0.624657 0.000000 0.780899 0.577851 0.577851 0.577851
1816.070557 0.000000 2825.236084 0.000000 0.172002 0.000000 -0.985097 1.252120 1.252120 1.252120
1793.081299 0.000000 2871.858398 0.000000 0.998804 0.000000 0.048890 0.697778 0.697778 0.697778
1818.034424 0.000000 2861.697998 0.000000 0.094353 0.000000 -0.995539 1.022495 1.022495 1.022495
1832.016113 0.000000 2827.347412 0.000000 0.989818 0.000000 0.142341 0.636352 0.636352 0.636352
1801.042236 0.000000 2870.139160 0.000000 0.490384 0.000000 -0.871507 0.768428 0.768428 0.768428
1804.387329 0.000000 2844.946289 0.000000 0.939922 0.000000 0.341389 0.680517 0.680517 0.680517
1841.682617 0.000000 2847.998535 0.000000 0.999626 0.000000 -0.027353 0.700908 0.700908 0.700908
1833.140381 0.000000 2858.836182 0.000000 0.582751 0.000000 -0.812651 0.965265 0.965265 0.965265
1822.507690 0.000000 2859.506592 0.000000 0.264750 0.000000 -0.964317 1.182691 1.182691 1.182691
1817.066650 0.000000 2833.264893 0.000000 0.974711 0.000000 -0.223469 0.746869 0.746869 0.746869
1820.449707 0.000000 2867.722168 0.000000 0.818640 0.000000 -0.574307 0.865710 0.865710 0.865710
1816.977417 0.000000 2875.397217 0.000000 0.812981 0.000000 -0.582290 0.719552 0.719552 0.719552
1853.796997 0.000000 2845.213867 0.000000 0.505786 0.000000 0.862659 0.667269 0.667269 0.667269
1824.867676 0.000000 2847.571777 0.000000 0.861217 0.000000 -0.508237 0.879818 0.879818 0.879818
1810.156006 0.000000 2828.620605 0.000000 0.999927 0.000000 0.012048 0.699432 0.699432 0.699432
1842.835449 0.000000 2834.041992 0.000000 0.284698 0.000000 -0.958617 1.197410 1.197410 1.197410
1821.407104 0.000000 2834.726562 0.000000 0.922319 0.000000 0.386429 0.523192 0.523192 0.523192
1827.795044 0.000000 2852.453125 0.000000 0.240726 0.000000 -0.970593 1.217413 1.217413 1.217413
1795.950195 0.000000 2816.566162 0.000000 0.859700 0.000000 -0.510799 0.718738 0.718738 0.718738
1833.195190 0.000000 2849.745605 0.000000 0.925096 0.000000 0.379734 0.678218 0.678218 0.678218
1843.000732 0.000000 2818.761719 0.000000 0.937860 0.000000 -0.347014 0.707432 0.707432 0.707432
1850.965576 0.000000 2870.873779 0.000000 0.599964 0.000000 0.800027 0.584937 0.584937 0.584937
1811.329712 0.000000 2849.439697 0.000000 0.870280 0.000000 0.492557 0.500189 0.500189 0.500189
1839.955322 0.000000 2854.761230 0.000000 0.342869 0.000000 -0.939383 0.868546 0.868546 0.868546
1847.558838 0.000000 2850.603760 0.000000 0.753302 0.000000 0.657675 0.521891 0.521891 0.521891
1810.730469 0.000000 2845.155273 0.000000 0.964212 0.000000 -0.265133 0.793321 0.793321 0.793321
1844.290283 0.000000 2865.858154 0.000000 0.339569 0.000000 -0.940581 1.162161 1.162161 1.162161
1813.552002 0.000000 2869.658691 0.000000 0.786008 0.000000 0.618216 0.609152 0.609152 0.609152
1833.474487 0.000000 2870.872559 0.000000 0.999112 0.000000 -0.042139 0.713849 0.713849 0.713849
1829.068115 0.000000 2844.352295 0.000000 0.130083 0.000000 0.991503 0.430668 0.430668 0.430668
1836.322266 0.000000 2878.077881 0.000000 0.054066 0.000000 -0.998537 1.105537 1.105537 1.105537
1814.790283 0.000000 2855.851807 0.000000 0.385592 0.000000 0.922669 0.176404 0.176404 0.176404
1841.480713 0.000000 2843.696045 0.000000 0.945270 0.000000 -0.326288 0.706970 0.706970 0.706970
1845.770386 0.000000 2877.378662 0.000000 0.785918 0.000000 -0.618331 0.786208 0.786208 0.786208
1809.157959 0.000000 2872.628662 0.000000 0.476701 0.000000 -0.879065 0.942098 0.942098 0.942098
1809.311035 0.000000 2815.318359 0.000000 0.657776 0.000000 -0.753213 0.869925 0.869925 0.869925
1835.583130 0.000000 2855.391113 0.000000 0.897099 0.000000 0.441829 0.618425 0.618425 0.618425
1810.533691 0.000000 2857.671143 0.000000 0.925930 0.000000 -0.377694 0.872596 0.872596 0.872596
1796.197998 0.000000 2848.329590 0.000000 0.880897 0.000000 -0.473308 0.737912 0.737912 0.737912
1807.823242 0.000000 2822.868408 0.000000 0.594727 0.000000 0.803928 0.662464 0.662464 0.662464
1803.381714 0.000000 2856.893311 0.000000 0.502357 0.000000 -0.864661 0.738331 0.738331 0.738331
1821.876953 0.000000 2854.885010 0.000000 0.206489 0.000000 -0.978449 1.062007 1.062007 1.062007
1807.563599 0.000000 2852.210938 0.000000 0.818168 0.000000 0.574979 0.604723 0.604723 0.604723
1812.561523 0.000000 2833.156006 0.000000 0.997988 0.000000 -0.063397 0.707650 0.707650 0.707650
1795.062134 0.000000 2821.183838 0.000000 0.796266 0.000000 0.604947 0.613709 0.613709 0.613709
1841.210083 0.000000 2859.818115 0.000000 0.780647 0.000000 -0.624972 0.754270 0.754270 0.754270
1797.269775 0.000000 2833.634766 0.000000 0.964029 0.000000 -0.265798 0.747956 0.747956 0.747956
1829.063477 0.000000 2857.591797 0.000000 0.586613 0.000000 -0.809868 0.894652 0.894652 0.894652
1804.289551 0.000000 2868.201904 0.000000 0.981217 0.000000 -0.192907 0.706446 0.706446 0.706446
1803.564697 0.000000 2848.479980 0.000000 0.692474 0.000000 0.721443 0.615499 0.615499 0.615499
1819.109985 0.000000 2827.205078 0.000000 0.967013 0.000000 0.254729 0.657689 0.657689 0.657689
1808.389893 0.000000 2838.332764 0.000000 0.799851 0.000000 -0.600199 0.941876 0.941876 0.941876
1826.688965 0.000000 2871.009277 0.000000 0.012221 0.000000 0.999925 0.277820 0.277820 0.277820
1842.634399 0.000000 2879.287598 0.000000 0.522375 0.000000 -0.852716 1.037283 1.037283 1.037283
1849.301025 0.000000 2877.646973 0.000000 0.981228 0.000000 0.192851 0.653537 0.653537 0.653537
1830.655396 0.000000 2824.172852 0.000000 0.914852 0.000000 -0.403789 0.875060 0.875060 0.875060
1799.865234 0.000000 2816.650391 0.000000 0.198757 0.000000 -0.980049 1.205435 1.205435 1.205435
1834.138428 0.000000 2866.837158 0.000000 0.774423 0.000000 0.632668 0.480934 0.480934 0.480934
1797.669067 0.000000 2823.207764 0.000000 0.408829 0.000000 -0.912611 0.997342 0.997342 0.997342
1840.302734 0.000000 2851.152832 0.000000 0.321729 0.000000 -0.946832 0.784734 0.784734 0.784734
1806.937134 0.000000 2829.941895 0.000000 0.888543 0.000000 0.458794 0.534240 0.534240 0.534240
1799.364258 0.000000 2861.960938 0.000000 0.811101 0.000000 0.584906 0.638858 0.638858 0.638858
1813.999756 0.000000 2851.580566 0.000000 0.760171 0.000000 0.649723 0.555397 0.555397 0.555397
1844.697632 0.000000 2849.125488 0.000000 0.413296 0.000000 -0.910597 1.086097 1.086097 1.086097
1833.023315 0.000000 2874.244873 0.000000 0.775054 0.000000 0.631895 0.677289 0.677289 0.677289
1836.145996 0.000000 2848.384766 0.000000 0.213420 0.000000 -0.976960 0.870585 0.870585 0.870585
1843.994385 0.000000 2837.041748 0.000000 0.896933 0.000000 -0.442166 0.785644 0.785644 0.785644
1825.789673 0.000000 2844.479492 0.000000 0.685397 0.000000 0.728170 0.424895 0.424895 0.424895
1800.928589 0.000000 2832.510498 0.000000 0.223459 0.000000 -0.974713 0.866939 0.866939 0.866939
1840.321655 0.000000 2840.468994 0.000000 0.761514 0.000000 0.648149 0.644546 0.644546 0.644546
1794.745850 0.000000 2841.730469 0.000000 0.263845 0.000000 -0.964565 1.128355 1.128355 1.128355
1799.034302 0.000000 2876.609131 0.000000 0.997372 0.000000 -0.072455 0.708238 0.708238 0.708238
1835.490601 0.000000 2833.989502 0.000000 0.816934 0.000000 -0.576731 0.791313 0.791313 0.791313
1846.151123 0.000000 2870.087646 0.000000 0.920817 0.000000 0.389995 0.596381 0.596381 0.596381
1829.370728 0.000000 2829.044922 0.000000 0.676435 0.000000 0.736502 0.673958 0.673958 0.673958
1844.148682 0.000000 2873.128174 0.000000 0.432591 0.000000 -0.901590 0.745156 0.745156 0.745156
1806.188721 0.000000 2816.880615 0.000000 0.441343 0.000000 0.897338 0.489801 0.489801 0.489801
1837.168335 0.000000 2861.706543 0.000000 0.907704 0.000000 -0.419612 0.839996 0.839996 0.839996
1853.368408 0.000000 2848.394775 0.000000 0.848376 0.000000 0.529394 0.485510 0.485510 0.485510
1811.254272 0.000000 2877.158203 0.000000 0.536341 0.000000 -0.844001 1.137194 1.137194 1.137194
1804.267090 0.000000 2824.179932 0.000000 0.989716 0.000000 -0.143046 0.708780 0.708780 0.708780
1797.190186 0.000000 2865.605713 0.000000 0.348990 0.000000 0.937126 0.536599 0.536599 0.536599
1843.722046 0.000000 2815.749268 0.000000 0.587728 0.000000 -0.809058 1.019553 1.019553 1.019553
1829.114990 0.000000 2876.742188 0.000000 0.603359 0.000000 -0.797470 0.816149 0.816149 0.816149
1837.076416 0.000000 2864.750977 0.000000 0.581213 0.000000 -0.813752 0.809640 0.809640 0.809640
1845.415894 0.000000 2854.565186 0.000000 0.071059 0.000000 -0.997472 1.252991 1.252991 1.252991
1814.769165 0.000000 2835.350098 0.000000 0.838238 0.000000 0.545305 0.640532 0.640532 0.640532
1816.300659 0.000000 2840.626465 0.000000 0.985407 0.000000 0.170217 0.639916 0.639916 0.639916
1791.852783 0.000000 2833.889893 0.000000 0.538957 0.000000 -0.842333 0.945053 0.945053 0.945053
1805.809082 0.000000 2858.693848 0.000000 0.962262 0.000000 -0.272126 0.730825 0.730825 0.730825
1824.726318 0.000000 2853.230225 0.000000 0.081904 0.000000 0.996640 0.125001 0.125001 0.125001
1797.227539 0.000000 2843.417480 0.000000 0.599729 0.000000 -0.800203 0.894534 0.894534 0.894534
1824.921143 0.000000 2873.718506 0.000000 0.199158 0.000000 0.979967 0.498844 0.498844 0.498844
1797.836792 0.000000 2836.752930 0.000000 0.999990 0.000000 -0.004364 0.700503 0.700503 0.700503
1805.699463 0.000000 2832.897217 0.000000 0.978666 0.000000 -0.205458 0.719890 0.719890 0.719890
1829.401611 0.000000 2838.910889 0.000000 0.554863 0.000000 0.831942 0.466464 0.466464 0.466464
1850.928589 0.000000 2866.038818 0.000000 0.948895 0.000000 -0.315592 0.711222 0.711222 0.711222
1791.831177 0.000000 2843.296143 0.000000 0.022565 0.000000 0.999745 0.610713 0.610713 0.610713
1824.373047 0.000000 2839.193115 0.000000 0.507654 0.000000 -0.861561 1.162718 1.162718 1.162718
1813.158813 0.000000 2826.938232 0.000000 0.774814 0.000000 -0.632189 0.738272 0.738272 0.738272
1846.540161 0.000000 2863.837402 0.000000 0.781251 0.000000 -0.624217 0.740055 0.740055 0.740055
1814.863770 0.000000 2862.786133 0.000000 0.987111 0.000000 0.160036 0.689607 0.689607 0.689607
1851.222046 0.000000 2853.933105 0.000000 0.496169 0.000000 -0.868226 0.749620 0.749620 0.749620
1850.335815 0.000000 2873.740723 0.000000 0.775496 0.000000 -0.631353 0.788365 0.788365 0.788365
1834.198730 0.000000 2852.646484 0.000000 0.281742 0.000000 0.959490 0.475403 0.475403 0.475403
1823.300415 0.000000 2868.277100 0.000000 0.947176 0.000000 -0.320716 0.820388 0.820388 0.820388
1801.443115 0.000000 2819.292969 0.000000 0.544195 0.000000 0.838959 0.616505 0.616505 0.616505
1816.611084 0.000000 2848.983643 0.000000 0.949952 0.000000 0.312397 0.560081 0.560081 0.560081
1815.095825 0.000000 2843.847412 0.000000 0.430678 0.000000 0.902506 0.198416 0.198416 0.198416
1810.618530 0.000000 2840.203369 0.000000 0.338000 0.000000 0.941146 0.175076 0.175076 0.175076
1831.211792 0.000000 2851.869385 0.000000 0.537524 0.000000 0.843249 0.451025 0.451025 0.451025
1814.026611 0.000000 2838.514160 0.000000 0.858689 0.000000 0.512497 0.570230 0.570230 0.570230
1817.585205 0.000000 2829.846191 0.000000 0.235704 0.000000 0.971825 0.126999 0.126999 0.126999
1820.075195 0.000000 2852.643799 0.000000 0.381807 0.000000 -0.924242 0.831871 0.831871 0.831871
1807.752563 0.000000 2845.442139 0.000000 0.922954 0.000000 -0.384911 0.743501 0.743501 0.743501
1814.903320 0.000000 2872.387695 0.000000 0.848623 0.000000 -0.528998 0.844172 0.844172 0.844172
1822.174072 0.000000 2846.633057 0.000000 0.526605 0.000000 0.850110 0.566809 0.566809 0.566809
1825.828857 0.000000 2850.331055 0.000000 0.778454 0.000000 -0.627702 0.875514 0.875514 0.875514
1839.251465 0.000000 2827.087402 0.000000 0.981469 0.000000 -0.191621 0.714489 0.714489 0.714489
1816.166260 0.000000 2858.321777 0.000000 0.775204 0.000000 0.631711 0.453846 0.453846 0.453846
1811.015259 0.000000 2860.876953 0.000000 0.982853 0.000000 -0.184392 0.725279 0.725279 0.725279
1804.950806 0.000000 2850.915527 0.000000 0.923318 0.000000 0.384035 0.610452 0.610452 0.610452
1820.488892 0.000000 2841.613525 0.000000 0.929192 0.000000 -0.369599 0.817764 0.817764 0.817764
1841.387573 0.000000 2831.610107 0.000000 0.716039 0.000000 0.698060 0.452889 0.452889 0.452889
1832.257202 0.000000 2837.993896 0.000000 0.356429 0.000000 0.934322 0.196139 0.196139 0.196139
1837.627441 0.000000 2835.871094 0.000000 0.636464 0.000000 -0.771307 0.903205 0.903205 0.903205
1808.822876 0.000000 2835.549805 0.000000 0.998636 0.000000 -0.052209 0.708946 0.708946 0.708946
1825.664551 0.000000 2833.347168 0.000000 0.914447 0.000000 0.404705 0.670146 0.670146 0.670146
1832.090088 0.000000 2861.425537 0.000000 0.904817 0.000000 0.425800 0.669253 0.669253 0.669253
1830.753296 0.000000 2833.161377 0.000000 0.996293 0.000000 -0.086028 0.712644 0.712644 0.712644
1834.688232 0.000000 2839.929443 0.000000 0.224045 0.000000 0.974579 0.558987 0.558987 0.558987
1850.402954 0.000000 2850.506104 0.000000 0.676111 0.000000 0.736800 0.506026 0.506026 0.506026
1817.376831 0.000000 2822.626465 0.000000 0.893140 0.000000 -0.449779 0.764407 0.764407 0.764407
1805.480835 0.000000 2878.176514 0.000000 0.737280 0.000000 0.675587 0.466668 0.466668 0.466668
1832.958740 0.000000 2835.254639 0.000000 0.917498 0.000000 0.397740 0.573471 0.573471 0.573471
1819.511841 0.000000 2836.731689 0.000000 0.980099 0.000000 0.198511 0.634693 0.634693 0.634693
1799.322021 0.000000 2867.920898 0.000000 0.260327 0.000000 -0.965521 1.015310 1.015310 1.015310
1817.307251 0.000000 2854.793701 0.000000 0.359236 0.000000 0.933247 0.203704 0.203704 0.203704
1838.974487 0.000000 2848.429688 0.000000 0.908418 0.000000 -0.418062 0.730150 0.730150 0.730150
1836.020630 0.000000 2830.847656 0.000000 0.876311 0.000000 -0.481747 0.771152 0.771152 0.771152
1794.390381 0.000000 2838.613281 0.000000 0.825397 0.000000 -0.564553 0.857254 0.857254 0.857254
1838.870483 0.000000 2829.947266 0.000000 0.887918 0.000000 0.460001 0.568852 0.568852 0.568852
1811.905884 0.000000 2871.778320 0.000000 0.254706 0.000000 -0.967019 1.262280 1.262280 1.262280
1820.127930 0.000000 2844.841309 0.000000 0.362981 0.000000 -0.931796 1.003910 1.003910 1.003910
1852.659668 0.000000 2868.774658 0.000000 0.872210 0.000000 -0.489132 0.890247 0.890247 0.890247
1817.291992 0.000000 2845.781494 0.000000 0.224905 0.000000 0.974381 0.101090 0.101090 0.101090
1818.732056 0.000000 2839.559326 0.000000 0.743470 0.000000 -0.668769 0.998286 0.998286 0.998286
1828.243042 0.000000 2855.058838 0.000000 0.076483 0.000000 -0.997071 1.120420 1.120420 1.120420
1842.649902 0.000000 2863.561279 0.000000 0.797552 0.000000 0.603251 0.490638 0.490638 0.490638
1797.710693 0.000000 2846.049561 0.000000 0.862192 0.000000 0.506581 0.558892 0.558892 0.558892
1820.056152 0.000000 2870.332764 0.000000 0.373757 0.000000 -0.927527 0.793405 0.793405 0.793405
1834.375610 0.000000 2825.971436 0.000000 0.411148 0.000000 -0.911569 0.918504 0.918504 0.918504
1793.731201 0.000000 2874.473145 0.000000 0.906097 0.000000 -0.423069 0.747331 0.747331 0.747331
1809.113037 0.000000 2825.602051 0.000000 0.086311 0.000000 0.996268 0.611801 0.611801 0.611801
1840.169067 0.000000 2834.630127 0.000000 0.319932 0.000000 0.947441 0.391010 0.391010 0.391010
1846.371948 0.000000 2857.072510 0.000000 0.661748 0.000000 -0.749726 0.762216 0.762216 0.762216
1827.932983 0.000000 2834.670166 0.000000 0.732391 0.000000 -0.680884 0.874082 0.874082 0.874082
1820.957764 0.000000 2861.615967 0.000000 0.734787 0.000000 0.678298 0.473326 0.473326 0.473326
1810.979492 0.000000 2831.065674 0.000000 0.790607 0.000000 0.612324 0.592896 0.592896 0.592896
1843.981934 0.000000 2843.009766 0.000000 0.809235 0.000000 0.587485 0.633059 0.633059 0.633059
1837.139404 0.000000 2838.582520 0.000000 0.987370 0.000000 -0.158429 0.715570 0.715570 0.715570
1840.400879 0.000000 2857.329102 0.000000 0.992702 0.000000 0.120591 0.689437 0.689437 0.689437
1820.091187 0.000000 2850.028564 0.000000 0.951922 0.000000 0.306342 0.588458 0.588458 0.588458
1827.759277 0.000000 2874.509521 0.000000 0.906861 0.000000 -0.421430 0.757778 0.757778 0.757778
1834.044067 0.000000 2829.032227 0.000000 0.030390 0.000000 -0.999538 1.068801 1.068801 1.068801
1827.321411 0.000000 2846.556152 0.000000 0.486383 0.000000 0.873746 0.436246 0.436246 0.436246
1822.504395 0.000000 2832.458008 0.000000 0.373261 0.000000 0.927726 0.579557 0.579557 0.579557
1845.455200 0.000000 2833.721924 0.000000 0.685829 0.000000 0.727763 0.457856 0.457856 0.457856
1847.770996 0.000000 2875.613525 0.000000 0.166778 0.000000 -0.985994 1.188002 1.188002 1.188002
1822.898438 0.000000 2836.774658 0.000000 0.780419 0.000000 -0.625256 1.001008 1.001008 1.001008
1842.554443 0.000000 2854.512695 0.000000 0.504678 0.000000 -0.863307 1.105996 1.105996 1.105996
1842.243652 0.000000 2838.862305 0.000000 0.510724 0.000000 -0.859744 0.924235 0.924235 0.924235
1835.159302 0.000000 2860.266113 0.000000 0.755265 0.000000 0.655420 0.496402 0.496402 0.496402
1791.990112 0.000000 2856.586182 0.000000 0.165780 0.000000 0.986163 0.336802 0.336802 0.336802
1794.553955 0.000000 2833.450195 0.000000 0.744412 0.000000 0.667721 0.533895 0.533895 0.533895
1826.993774 0.000000 2838.328369 0.000000 0.763031 0.000000 -0.646362 0.935817 0.935817 0.935817
1830.578247 0.000000 2846.387451 0.000000 0.138739 0.000000 -0.990329 1.225390 1.225390 1.225390
1831.349609 0.000000 2843.373291 0.000000 0.419762 0.000000 -0.907634 0.944533 0.944533 0.944533
1845.024902 0.000000 2859.165771 0.000000 0.888770 0.000000 0.458354 0.567696 0.567696 0.567696
1819.958130 0.000000 2859.313721 0.000000 0.277427 0.000000 -0.960747 1.274726 1.274726 1.274726
1813.825928 0.000000 2849.045410 0.000000 1.000000 0.000000 0.000859 0.699617 0.699617 0.699617
1805.349976 0.000000 2854.263672 0.000000 0.995315 0.000000 0.096681 0.694923 0.694923 0.694923
1816.232178 0.000000 2827.782471 0.000000 0.329293 0.000000 0.944228 0.179756 0.179756 0.179756
1829.172485 0.000000 2841.851318 0.000000 0.930327 0.000000 0.366730 0.603538 0.603538 0.603538
1809.970703 0.000000 2851.514160 0.000000 0.951109 0.000000 -0.308856 0.803160 0.803160 0.803160
1802.037598 0.000000 2867.106689 0.000000 0.893732 0.000000 -0.448601 0.783736 0.783736 0.783736
1809.042603 0.000000 2854.281738 0.000000 0.549508 0.000000 -0.835488 1.140741 1.140741 1.140741
1846.925659 0.000000 2861.340332 0.000000 0.515020 0.000000 -0.857178 0.757587 0.757587 0.757587
1851.579102 0.000000 2878.478027 0.000000 0.307490 0.000000 -0.951551 0.765966 0.765966 0.765966
1820.749268 0.000000 2825.416016 0.000000 0.008094 0.000000 -0.999967 0.792852 0.792852 0.792852
1809.630371 0.000000 2847.348633 0.000000 0.626564 0.000000 -0.779370 1.098245 1.098245 1.098245
1842.877930 0.000000 2845.852051 0.000000 0.880018 0.000000 0.474940 0.551242 0.551242 0.551242
1811.093872 0.000000 2842.755859 0.000000 0.999534 0.000000 -0.030526 0.708003 0.708003 0.708003
1824.577271 0.000000 2841.987061 0.000000 0.915406 0.000000 0.402532 0.638461 0.638461 0.638461
1814.904053 0.000000 2832.101074 0.000000 0.177309 0.000000 -0.984155 0.794910 0.794910 0.794910
1812.279541 0.000000 2847.022461 0.000000 0.458275 0.000000 0.888810 0.212146 0.212146 0.212146
1796.314331 0.000000 2819.095703 0.000000 0.094247 0.000000 -0.995549 1.110244 1.110244 1.110244
1812.965088 0.000000 2857.668701 0.000000 0.786441 0.000000 0.617666 0.403310 0.403310 0.403310
1848.641968 0.000000 2870.172852 0.000000 0.755873 0.000000 0.654718 0.446769 0.446769 0.446769
1848.924072 0.000000 2852.573975 0.000000 0.390964 0.000000 -0.920406 0.779682 0.779682 0.779682
1837.851807 0.000000 2856.199463 0.000000 0.781363 0.000000 0.624077 0.410265 0.410265 0.410265
1821.296875 0.000000 2857.235107 0.000000 0.380996 0.000000 0.924577 0.407194 0.407194 0.407194
1830.709839 0.000000 2859.495850 0.000000 0.059671 0.000000 -0.998218 0.879571 0.879571 0.879571
1831.754761 0.000000 2829.798584 0.000000 0.873480 0.000000 -0.486861 0.797750 0.797750 0.797750
1840.300537 0.000000 2845.888672 0.000000 0.991071 0.000000 0.133332 0.688782 0.688782 0.688782
1845.964600 0.000000 2867.659180 0.000000 0.979430 0.000000 0.201785 0.633956 0.633956 0.633956
1809.726929 0.000000 2870.261719 0.000000 0.333225 0.000000 0.942847 0.351472 0.351472 0.351472
1833.426270 0.000000 2856.376709 0.000000 0.491253 0.000000 0.871017 0.311990 0.311990 0.311990
1835.427856 0.000000 2857.910645 0.000000 0.593203 0.000000 -0.805053 0.966558 0.966558 0.966558
1855.681396 0.000000 2851.670654 0.000000 0.977910 0.000000 -0.209027 0.722080 0.722080 0.722080
1833.705688 0.000000 2879.243652 0.000000 0.468464 0.000000 -0.883483 1.131618 1.131618 1.131618
1794.071167 0.000000 2847.239502 0.000000 0.961757 0.000000 0.273904 0.589450 0.589450 0.589450
1819.957397 0.000000 2832.891113 0.000000 0.034580 0.000000 -0.999402 1.279885 1.279885 1.279885
1808.219116 0.000000 2858.219727 0.000000 0.783264 0.000000 0.621690 0.422129 0.422129 0.422129
1830.744019 0.000000 2875.031006 0.000000 0.980113 0.000000 0.198442 0.646237 0.646237 0.646237
1829.775146 0.000000 2826.449463 0.000000 0.977683 0.000000 -0.210087 0.729592 0.729592 0.729592
1844.492188 0.000000 2875.394043 0.000000 0.944895 0.000000 0.327373 0.666777 0.666777 0.666777
1815.169556 0.000000 2853.606934 0.000000 0.817608 0.000000 0.575776 0.489842 0.489842 0.489842
1818.344482 0.000000 2824.923584 0.000000 0.828429 0.000000 -0.560094 0.852724 0.852724 0.852724
1845.769775 0.000000 2852.317139 0.000000 0.977887 0.000000 -0.209132 0.783948 0.783948 0.783948
1823.716919 0.000000 2834.575195 0.000000 0.185850 0.000000 -0.982578 1.241724 1.241724 1.241724
1812.970825 0.000000 2844.713623 0.000000 0.379217 0.000000 -0.925308 1.226671 1.226671 1.226671
1822.779785 0.000000 2848.862061 0.000000 0.300384 0.000000 -0.953818 1.022940 1.022940 1.022940
1810.384399 0.000000 2874.708496 0.000000 0.696207 0.000000 0.717841 0.369769 0.369769 0.369769
1823.266235 0.000000 2861.805908 0.000000 0.825610 0.000000 -0.564241 0.956687 0.956687 0.956687
1832.785156 0.000000 2868.625244 0.000000 0.733642 0.000000 0.679537 0.450616 0.450616 0.450616
1822.226074 0.000000 2866.229980 0.000000 0.159149 0.000000 -0.987255 1.185760 1.185760 1.185760
1843.683960 0.000000 2831.841309 0.000000 0.938527 0.000000 0.345206 0.632861 0.632861 0.632861
1805.588257 0.000000 2846.831299 0.000000 0.279884 0.000000 -0.960034 1.030655 1.030655 1.030655
1854.888306 0.000000 2869.143311 0.000000 0.998432 0.000000 -0.055972 0.720063 0.720063 0.720063
1800.359985 0.000000 2878.410889 0.000000 0.827667 0.000000 0.561220 0.462580 0.462580 0.462580
1823.591187 0.000000 2857.534180 0.000000 0.151313 0.000000 0.988486 0.166876 0.166876 0.166876
1842.440308 0.000000 2850.135254 0.000000 0.380380 0.000000 -0.924830 0.823791 0.823791 0.823791
1837.369751 0.000000 2854.002197 0.000000 0.907355 0.000000 -0.420366 0.877416 0.877416 0.877416
1841.469482 0.000000 2815.971924 0.000000 0.203736 0.000000 0.979026 0.561581 0.561581 0.561581
1831.270508 0.000000 2857.097412 0.000000 0.065553 0.000000 -0.997849 1.273440 1.273440 1.273440
1822.635010 0.000000 2840.869873 0.000000 0.923850 0.000000 -0.382755 0.745303 0.745303 0.745303
1810.901001 0.000000 2834.659912 0.000000 0.662362 0.000000 0.749184 0.387740 0.387740 0.387740
1839.043823 0.000000 2865.775391 0.000000 0.944466 0.000000 0.328610 0.641485 0.641485 0.641485
1839.589844 0.000000 2861.287842 0.000000 0.670592 0.000000 0.741827 0.502817 0.502817 0.502817
1854.867798 0.000000 2864.318848 0.000000 0.734664 0.000000 -0.678431 0.784698 0.784698 0.784698
1812.314087 0.000000 2855.581299 0.000000 0.780681 0.000000 0.624929 0.399179 0.399179 0.399179
1847.760132 0.000000 2833.728516 0.000000 0.596471 0.000000 -0.802635 0.781411 0.781411 0.781411
1817.501099 0.000000 2835.551514 0.000000 0.239965 0.000000 -0.970782 0.820724 0.820724 0.820724
1834.951538 0.000000 2868.928467 0.000000 0.732185 0.000000 -0.681106 0.824395 0.824395 0.824395
1814.757812 0.000000 2875.415039 0.000000 0.914822 0.000000 -0.403858 0.725428 0.725428 0.725428
1815.869263 0.000000 2869.607178 0.000000 0.984000 0.000000 0.178170 0.685913 0.685913 0.685913
1833.981323 0.000000 2847.699951 0.000000 0.796747 0.000000 -0.604313 0.772577 0.772577 0.772577
1831.313965 0.000000 2848.614014 0.000000 0.020209 0.000000 0.999796 0.307082 0.307082 0.307082
1829.288330 0.000000 2850.808105 0.000000 0.953717 0.000000 -0.300707 0.803018 0.803018 0.803018
1831.323608 0.000000 2871.167480 0.000000 0.500656 0.000000 -0.865646 0.776807 0.776807 0.776807
1819.546509 0.000000 2854.774658 0.000000 0.994553 0.000000 0.104228 0.665877 0.665877 0.665877
1794.346558 0.000000 2818.231445 0.000000 0.171023 0.000000 0.985267 0.609544 0.609544 0.609544
1816.069092 0.000000 2860.697998 0.000000 0.141996 0.000000 -0.989867 1.136819 1.136819 1.136819
1841.969482 0.000000 2836.142090 0.000000 0.177266 0.000000 0.984163 0.149992 0.149992 0.149992
1850.539307 0.000000 2868.233154 0.000000 0.519326 0.000000 -0.854576 0.839683 0.839683 0.839683
1832.961670 0.000000 2864.896973 0.000000 0.547636 0.000000 -0.836716 0.840317 0.840317 0.840317
1843.059448 0.000000 2867.657959 0.000000 0.299425 0.000000 -0.954120 0.815111 0.815111 0.815111
1822.564087 0.000000 2873.365967 0.000000 0.917819 0.000000 -0.396999 0.726397 0.726397 0.726397
1835.226440 0.000000 2850.489258 0.000000 0.927152 0.000000 0.374685 0.650333 0.650333 0.650333
1832.444702 0.000000 2822.921631 0.000000 0.876030 0.000000 0.482257 0.639319 0.639319 0.639319
1829.853394 0.000000 2853.475342 0.000000 0.536339 0.000000 -0.844003 0.947568 0.947568 0.947568
1809.150513 0.000000 2849.577148 0.000000 0.420215 0.000000 -0.907425 0.892759 0.892759 0.892759
1852.103516 0.000000 2846.626709 0.000000 0.726758 0.000000 0.686894 0.551792 0.551792 0.551792
1791.889893 0.000000 2859.306152 0.000000 0.307965 0.000000 0.951398 0.616476 0.616476 0.616476
1843.586548 0.000000 2877.345703 0.000000 0.958805 0.000000 -0.284065 0.726678 0.726678 0.726678
1794.810669 0.000000 2849.986572 0.000000 0.727669 0.000000 -0.685928 0.797751 0.797751 0.797751
1798.082275 0.000000 2863.691895 0.000000 0.392382 0.000000 0.919802 0.320478 0.320478 0.320478
1812.940063 0.000000 2861.863281 0.000000 0.601800 0.000000 -0.798647 0.822861 0.822861 0.822861
1827.326172 0.000000 2842.972168 0.000000 0.036387 0.000000 0.999338 0.525703 0.525703 0.525703
1808.169800 0.000000 2827.840576 0.000000 0.138284 0.000000 -0.990393 0.932747 0.932747 0.932747
1828.519653 0.000000 2824.663086 0.000000 0.532865 0.000000 -0.846200 0.791675 0.791675 0.791675
1792.567017 0.000000 2837.331299 0.000000 0.511973 0.000000 -0.859001 0.965453 0.965453 0.965453
1806.901855 0.000000 2834.661133 0.000000 0.974631 0.000000 -0.223818 0.715779 0.715779 0.715779
1855.096558 0.000000 2849.577148 0.000000 0.031626 0.000000 -0.999500 1.232584 1.232584 1.232584
1811.816406 0.000000 2868.461182 0.000000 0.065123 0.000000 0.997877 0.407936 0.407936 0.407936
1797.784546 0.000000 2817.545410 0.000000 0.867149 0.000000 0.498048 0.587024 0.587024 0.587024
1801.529785 0.000000 2830.401611 0.000000 0.487364 0.000000 -0.873199 0.776074 0.776074 0.776074
1855.011230 0.000000 2846.908447 0.000000 0.735269 0.000000 -0.677775 0.918649 0.918649 0.918649
1824.538330 0.000000 2860.141846 0.000000 0.967076 0.000000 -0.254487 0.738673 0.738673 0.738673
1855.067383 0.000000 2817.862793 0.000000 0.998851 0.000000 -0.047934 0.707793 0.707793 0.707793
1824.011108 0.000000 2845.662842 0.000000 0.644246 0.000000 0.764818 0.406307 0.406307 0.406307
1791.782959 0.000000 2873.701416 0.000000 0.764327 0.000000 -0.644829 0.905750 0.905750 0.905750
1805.640259 0.000000 2828.344238 0.000000 0.584816 0.000000 -0.811166 1.037307 1.037307 1.037307
1809.016113 0.000000 2830.358887 0.000000 0.970358 0.000000 0.241672 0.612981 0.612981 0.612981
1842.410522 0.000000 2861.517578 0.000000 0.493676 0.000000 0.869646 0.375667 0.375667 0.375667
1826.700317 0.000000 2848.483398 0.000000 0.997654 0.000000 0.068456 0.670428 0.670428 0.670428
1832.355347 0.000000 2825.284424 0.000000 0.700213 0.000000 0.713934 0.345676 0.345676 0.345676
1839.089478 0.000000 2852.924561 0.000000 0.312321 0.000000 0.949977 0.235719 0.235719 0.235719
1795.812988 0.000000 2837.126709 0.000000 0.462515 0.000000 0.886611 0.383802 0.383802 0.383802
1853.176025 0.000000 2870.841309 0.000000 0.867968 0.000000 -0.496619 0.761759 0.761759 0.761759
1801.025146 0.000000 2863.115234 0.000000 0.830793 0.000000 -0.556582 0.755703 0.755703 0.755703
1817.871460 0.000000 2859.500488 0.000000 0.884005 0.000000 -0.467478 0.875118 0.875118 0.875118
1848.967773 0.000000 2849.057617 0.000000 0.624831 0.000000 -0.780760 0.905097 0.905097 0.905097
1841.405518 0.000000 2852.851074 0.000000 0.396637 0.000000 -0.917976 1.015014 1.015014 1.015014
1828.530151 0.000000 2836.960938 0.000000 0.598813 0.000000 -0.800889 1.109025 1.109025 1.109025
1838.489502 0.000000 2850.362793 0.000000 0.131914 0.000000 0.991261 0.335485 0.335485 0.335485
1798.502197 0.000000 2860.132324 0.000000 0.858625 0.000000 0.512604 0.647328 0.647328 0.647328
1806.546265 0.000000 2824.381836 0.000000 0.572097 0.000000 0.820186 0.481507 0.481507 0.481507
1851.424194 0.000000 2848.777832 0.000000 0.886582 0.000000 -0.462572 0.909260 0.909260 0.909260
1830.149902 0.000000 2831.004883 0.000000 0.620638 0.000000 0.784097 0.569276 0.569276 0.569276
1799.274658 0.000000 2833.907715 0.000000 0.820413 0.000000 0.571772 0.550020 0.550020 0.550020
1806.905884 0.000000 2850.285889 0.000000 0.924412 0.000000 -0.381396 0.854548 0.854548 0.854548
1847.827881 0.000000 2817.873047 0.000000 0.998245 0.000000 -0.059226 0.704557 0.704557 0.704557
1843.029785 0.000000 2858.925049 0.000000 0.600195 0.000000 0.799854 0.414862 0.414862 0.414862
1838.164185 0.000000 2878.969971 0.000000 0.018957 0.000000 0.999820 0.260661 0.260661 0.260661
1806.474854 0.000000 2837.905518 0.000000 0.197684 0.000000 0.980266 0.572941 0.572941 0.572941
1820.421875 0.000000 2863.626709 0.000000 0.977494 0.000000 0.210962 0.678455 0.678455 0.678455
1821.254883 0.000000 2871.906250 0.000000 0.901137 0.000000 -0.433535 0.735264 0.735264 0.735264
1818.098022 0.000000 2850.289062 0.000000 0.922068 0.000000 -0.387028 0.834733 0.834733 0.834733
1849.377930 0.000000 2872.045410 0.000000 0.159284 0.000000 -0.987233 1.272006 1.272006 1.272006
1795.855225 0.000000 2834.956543 0.000000 0.095904 0.000000 -0.995391 1.248952 1.248952 1.248952
1807.312988 0.000000 2879.286621 0.000000 0.236992 0.000000 -0.971512 1.223565 1.223565 1.223565
1835.075562 0.000000 2865.108887 0.000000 0.614036 0.000000 -0.789278 1.000445 1.000445 1.000445
1812.783813 0.000000 2835.174805 0.000000 0.583491 0.000000 -0.812120 1.016357 1.016357 1.016357
1826.539307 0.000000 2854.027100 0.000000 0.554414 0.000000 0.832241 0.438846 0.438846 0.438846
1795.852051 0.000000 2846.445801 0.000000 0.103863 0.000000 -0.994592 1.284423 1.284423 1.284423
1805.243164 0.000000 2856.379883 0.000000 0.825025 0.000000 -0.565096 0.819644 0.819644 0.819644
1804.068848 0.000000 2876.859375 0.000000 0.807837 0.000000 0.589406 0.646024 0.646024 0.646024
1818.348511 0.000000 2831.630615 0.000000 0.379686 0.000000 -0.925116 1.013803 1.013803 1.013803
1799.080078 0.000000 2821.860840 0.000000 0.023850 0.000000 0.999716 0.421548 0.421548 0.421548
1844.207397 0.000000 2847.268799 0.000000 0.504387 0.000000 0.863478 0.388575 0.388575 0.388575
1822.819580 0.000000 2853.033691 0.000000 0.494277 0.000000 -0.869304 0.911783 0.911783 0.911783
1820.340088 0.000000 2865.816650 0.000000 0.093419 0.000000 -0.995627 0.849733 0.849733 0.849733
1808.289917 0.000000 2817.151611 0.000000 0.831515 0.000000 -0.555502 0.753522 0.753522 0.753522
1805.434570 0.000000 2848.912354 0.000000 0.941986 0.000000 -0.335652 0.818442 0.818442 0.818442
1838.972168 0.000000 2839.086182 0.000000 0.859091 0.000000 0.511823 0.631454 0.631454 0.631454
1809.748291 0.000000 2859.442139 0.000000 0.645452 0.000000 -0.763801 1.059995 1.059995 1.059995
1797.145630 0.000000 2821.341309 0.000000 0.725322 0.000000 -0.688410 1.010502 1.010502 1.010502
1845.794800 0.000000 2843.607910 0.000000 0.899476 0.000000 -0.436970 0.761644 0.761644 0.761644
1819.260620 0.000000 2834.771729 0.000000 0.402669 0.000000 0.915346 0.316039 0.316039 0.316039
1823.759399 0.000000 2855.218994 0.000000 0.658955 0.000000 0.752183 0.362261 0.362261 0.362261
1841.397217 0.000000 2877.673828 0.000000 0.985488 0.000000 0.169747 0.685095 0.685095 0.685095
1812.995605 0.000000 2876.308350 0.000000 0.460158 0.000000 -0.887837 0.871850 0.871850 0.871850
1812.008911 0.000000 2838.656250 0.000000 0.497361 0.000000 0.867544 0.321911 0.321911 0.321911
1811.962524 0.000000 2851.274902 0.000000 0.609224 0.000000 -0.792998 0.959247 0.959247 0.959247
1810.059937 0.000000 2855.866211 0.000000 0.956796 0.000000 -0.290760 0.806724 0.806724 0.806724
1846.064331 0.000000 2874.385010 0.000000 0.164872 0.000000 0.986315 0.211326 0.211326 0.211326
1821.833984 0.000000 2869.603516 0.000000 0.502705 0.000000 0.864458 0.475574 0.475574 0.475574
1797.664429 0.000000 2841.464600 0.000000 0.165210 0.000000 -0.986258 0.835028 0.835028 0.835028
1826.689453 0.000000 2872.942627 0.000000 0.765329 0.000000 -0.643639 0.917514 0.917514 0.917514
1839.505615 0.000000 2859.001709 0.000000 0.999806 0.000000 -0.019715 0.704272 0.704272 0.704272
1795.648193 0.000000 2822.978027 0.000000 0.098230 0.000000 0.995164 0.504440 0.504440 0.504440
1798.877441 0.000000 2832.060059 0.000000 0.132602 0.000000 -0.991169 1.054288 1.054288 1.054288
1801.654907 0.000000 2817.316895 0.000000 0.100673 0.000000 -0.994920 0.861838 0.861838 0.861838
1833.480347 0.000000 2854.373779 0.000000 0.242998 0.000000 0.970027 0.419747 0.419747 0.419747
1845.216553 0.000000 2835.598877 0.000000 0.856086 0.000000 -0.516834 0.838583 0.838583 0.838583
1846.729492 0.000000 2865.953857 0.000000 0.998323 0.000000 0.057891 0.693218 0.693218 0.693218
1842.890991 0.000000 2830.102783 0.000000 0.848246 0.000000 0.529603 0.593683 0.593683 0.593683
1805.002930 0.000000 2815.406982 0.000000 0.537464 0.000000 -0.843287 0.794688 0.794688 0.794688
1824.941284 0.000000 2871.755371 0.000000 0.077766 0.000000 -0.996972 1.260947 1.260947 1.260947
1829.999268 0.000000 2855.634277 0.000000 0.828142 0.000000 0.560519 0.532587 0.532587 0.532587
1810.203613 0.000000 2838.002441 0.000000 0.999955 0.000000 0.009528 0.697402 0.697402 0.697402
1844.549194 0.000000 2868.860352 0.000000 0.057488 0.000000 0.998346 0.456699 0.456699 0.456699
1844.497192 0.000000 2864.039795 0.000000 0.539535 0.000000 0.841963 0.322178 0.322178 0.322178
1841.961548 0.000000 2856.297119 0.000000 0.097634 0.000000 -0.995222 0.828710 0.828710 0.828710
1816.997437 0.000000 2856.593262 0.000000 0.869705 0.000000 0.493571 0.469968 0.469968 0.469968
1811.848633 0.000000 2859.125000 0.000000 0.978805 0.000000 -0.204795 0.791914 0.791914 0.791914
1815.744507 0.000000 2850.845947 0.000000 0.031592 0.000000 0.999501 0.113606 0.113606 0.113606
1799.748047 0.000000 2818.525391 0.000000 0.500903 0.000000 0.865503 0.369088 0.369088 0.369088
1813.190552 0.000000 2853.924072 0.000000 0.682770 0.000000 -0.730633 1.022134 1.022134 1.022134
1832.241211 0.000000 2866.577148 0.000000 0.847384 0.000000 0.530980 0.530768 0.530768 0.530768
1816.354248 0.000000 2873.615967 0.000000 0.397980 0.000000 -0.917394 0.874562 0.874562 0.874562
1847.185547 0.000000 2853.612061 0.000000 0.999996 0.000000 -0.002883 0.700675 0.700675 0.700675
1824.347778 0.000000 2851.428955 0.000000 0.999611 0.000000 0.027884 0.692787 0.692787 0.692787
1817.945190 0.000000 2841.357422 0.000000 0.463047 0.000000 0.886334 0.317344 0.317344 0.317344
1809.562256 0.000000 2876.355225 0.000000 0.308538 0.000000 -0.951212 1.051513 1.051513 1.051513
1847.539795 0.000000 2878.041504 0.000000 0.625573 0.000000 0.780166 0.343416 0.343416 0.343416
1821.022705 0.000000 2848.460205 0.000000 0.586697 0.000000 -0.809806 1.001842 1.001842 1.001842
1807.275269 0.000000 2831.882324 0.000000 0.961477 0.000000 -0.274885 0.806090 0.806090 0.806090
1816.530396 0.000000 2831.308838 0.000000 0.411680 0.000000 0.911329 0.335344 0.335344 0.335344
1835.929443 0.000000 2866.685547 0.000000 0.258581 0.000000 -0.965990 1.118706 1.118706 1.118706
1832.578491 0.000000 2833.405273 0.000000 0.834036 0.000000 0.551710 0.443651 0.443651 0.443651
1832.614990 0.000000 2872.495850 0.000000 0.577388 0.000000 -0.816470 0.831884 0.831884 0.831884
1808.709351 0.000000 2840.107910 0.000000 0.504156 0.000000 -0.863613 0.863950 0.863950 0.863950
1804.512329 0.000000 2826.005371 0.000000 0.638841 0.000000 -0.769338 0.842665 0.842665 0.842665
1838.119751 0.000000 2863.275635 0.000000 0.938985 0.000000 -0.343957 0.806771 0.806771 0.806771
1805.437500 0.000000 2830.917725 0.000000 0.361810 0.000000 0.932252 0.311847 0.311847 0.311847
1793.603516 0.000000 2843.193359 0.000000 0.410566 0.000000 0.911831 0.443265 0.443265 0.443265
1825.450684 0.000000 2857.940430 0.000000 0.965122 0.000000 0.261800 0.669911 0.669911 0.669911
1792.790405 0.000000 2844.802979 0.000000 0.842580 0.000000 0.538571 0.566815 0.566815 0.566815
1806.510498 0.000000 2876.760986 0.000000 0.762316 0.000000 0.647205 0.611429 0.611429 0.611429
1813.470703 0.000000 2836.820312 0.000000 0.859985 0.000000 0.510320 0.506263 0.506263 0.506263
1836.139038 0.000000 2863.270508 0.000000 0.310112 0.000000 0.950700 0.412577 0.412577 0.412577
1832.302612 0.000000 2847.115479 0.000000 0.582695 0.000000 -0.812691 0.806114 0.806114 0.806114
1832.969727 0.000000 2839.597656 0.000000 0.382097 0.000000 -0.924122 0.899814 0.899814 0.899814
1818.479614 0.000000 2853.381348 0.000000 0.126223 0.000000 -0.992002 0.914533 0.914533 0.914533
1816.334839 0.000000 2842.441406 0.000000 0.865427 0.000000 0.501035 0.466134 0.466134 0.466134
1807.146240 0.000000 2853.993896 0.000000 0.031435 0.000000 0.999506 0.460576 0.460576 0.460576
1802.323975 0.000000 2868.852051 0.000000 0.371118 0.000000 -0.928586 0.893500 0.893500 0.893500
1814.553711 0.000000 2840.270264 0.000000 0.781650 0.000000 0.623717 0.419879 0.419879 0.419879
1798.836304 0.000000 2866.212402 0.000000 0.191122 0.000000 0.981566 0.367554 0.367554 0.367554
1827.807617 0.000000 2849.924805 0.000000 0.885138 0.000000 0.465329 0.491077 0.491077 0.491077
1837.243896 0.000000 2834.120605 0.000000 0.748342 0.000000 -0.663313 0.867299 0.867299 0.867299
1795.484863 0.000000 2840.088135 0.000000 0.969996 0.000000 -0.243121 0.780685 0.780685 0.780685
1817.380737 0.000000 2826.498291 0.000000 0.166239 0.000000 -0.986086 1.291228 1.291228 1.291228
1809.687866 0.000000 2841.676514 0.000000 0.210813 0.000000 -0.977526 0.913651 0.913651 0.913651
1814.905151 0.000000 2826.630615 0.000000 0.780657 0.000000 -0.624960 0.874604 0.874604 0.874604
1835.706421 0.000000 2853.562988 0.000000 0.986829 0.000000 0.161765 0.671605 0.671605 0.671605
1804.051636 0.000000 2832.413330 0.000000 0.973069 0.000000 0.230513 0.677643 0.677643 0.677643
1845.808472 0.000000 2850.534424 0.000000 0.719379 0.000000 0.694618 0.455765 0.455765 0.455765
1845.188354 0.000000 2816.642578 0.000000 0.865521 0.000000 0.500872 0.601903 0.601903 0.601903
1803.224854 0.000000 2878.333008 0.000000 0.764195 0.000000 0.644985 0.452537 0.452537 0.452537
1799.689087 0.000000 2837.083252 0.000000 0.649258 0.000000 0.760568 0.610896 0.610896 0.610896
1840.354858 0.000000 2832.954834 0.000000 0.870326 0.000000 -0.492475 0.835883 0.835883 0.835883
1838.092285 0.000000 2860.260742 0.000000 0.053526 0.000000 -0.998566 1.057954 1.057954 1.057954
1802.673828 0.000000 2829.081299 0.000000 0.391682 0.000000 0.920101 0.575452 0.575452 0.575452
1815.206665 0.000000 2837.008789 0.000000 0.580848 0.000000 -0.814012 0.841270 0.841270 0.841270
1826.060181 0.000000 2852.202393 0.000000 0.911992 0.000000 0.410208 0.535276 0.535276 0.535276
1793.810303 0.000000 2840.310547 0.000000 0.991304 0.000000 0.131588 0.651106 0.651106 0.651106
1848.686279 0.000000 2874.187988 0.000000 0.454215 0.000000 0.890892 0.442569 0.442569 0.442569
1824.431763 0.000000 2849.358398 0.000000 0.966850 0.000000 -0.255347 0.743319 0.743319 0.743319
1811.542969 0.000000 2870.135254 0.000000 0.845685 0.000000 0.533683 0.458969 0.458969 0.458969
1821.180908 0.000000 2836.989502 0.000000 0.984470 0.000000 -0.175552 0.775864 0.775864 0.775864
1797.508545 0.000000 2815.858643 0.000000 0.888749 0.000000 -0.458394 0.794036 0.794036 0.794036
1831.094238 0.000000 2869.493652 0.000000 0.289215 0.000000 0.957264 0.478998 0.478998 0.478998
1839.984497 0.000000 2879.150391 0.000000 0.999567 0.000000 0.029438 0.691664 0.691664 0.691664
1852.343018 0.000000 2867.091553 0.000000 0.553716 0.000000 -0.832705 0.854762 0.854762 0.854762
1792.327271 0.000000 2835.555176 0.000000 0.289420 0.000000 -0.957202 1.128538 1.128538 1.128538
1847.377808 0.000000 2871.343262 0.000000 0.608344 0.000000 0.793673 0.462870 0.462870 0.462870
1820.996704 0.000000 2843.291504 0.000000 0.796229 0.000000 0.604995 0.516047 0.516047 0.516047
1801.464722 0.000000 2834.152344 0.000000 0.767858 0.000000 0.640620 0.579705 0.579705 0.579705
1835.879517 0.000000 2835.654053 0.000000 0.994106 0.000000 0.108408 0.674753 0.674753 0.674753
1816.416748 0.000000 2847.304932 0.000000 0.993033 0.000000 -0.117835 0.723737 0.723737 0.723737
1838.232544 0.000000 2828.407715 0.000000 0.987536 0.000000 -0.157391 0.743364 0.743364 0.743364
1832.267700 0.000000 2853.142822 0.000000 0.082594 0.000000 0.996583 0.533562 0.533562 0.533562
1810.764282 0.000000 2873.082031 0.000000 0.017991 0.000000 0.999838 0.192546 0.192546 0.192546
1795.542847 0.000000 2843.258301 0.000000 0.988391 0.000000 0.151931 0.639494 0.639494 0.639494
1830.407959 0.000000 2877.785645 0.000000 0.604772 0.000000 0.796399 0.357053 0.357053 0.357053
1792.027222 0.000000 2832.236328 0.000000 0.978753 0.000000 -0.205045 0.777231 0.777231 0.777231
1838.419556 0.000000 2837.459961 0.000000 0.043984 0.000000 -0.999032 1.313688 1.313688 1.313688
1796.502319 0.000000 2844.921387 0.000000 0.999876 0.000000 0.015754 0.695319 0.695319 0.695319
1847.260010 0.000000 2868.855713 0.000000 0.928834 0.000000 0.370497 0.542801 0.542801 0.542801
1810.722900 0.000000 2832.697754 0.000000 0.702903 0.000000 0.711286 0.410972 0.410972 0.410972
1792.787109 0.000000 2841.738281 0.000000 0.846821 0.000000 0.531877 0.492225 0.492225 0.492225
1821.848877 0.000000 2844.989258 0.000000 0.998593 0.000000 0.053026 0.686557 0.686557 0.686557
1815.738770 0.000000 2839.033691 0.000000 0.181166 0.000000 -0.983453 1.034890 1.034890 1.034890
1834.059692 0.000000 2861.514648 0.000000 0.987123 0.000000 0.159960 0.654238 0.654238 0.654238
1831.672852 0.000000 2831.640137 0.000000 0.730020 0.000000 -0.683425 0.809142 0.809142 0.809142
1824.327026 0.000000 2837.535400 0.000000 0.998172 0.000000 0.060444 0.674105 0.674105 0.674105
1815.712036 0.000000 2845.339844 0.000000 0.144884 0.000000 -0.989449 1.335207 1.335207 1.335207
1854.900146 0.000000 2815.439453 0.000000 0.111859 0.000000 -0.993724 0.875895 0.875895 0.875895
1809.379272 0.000000 2878.579346 0.000000 0.406322 0.000000 0.913730 0.341532 0.341532 0.341532
1798.943237 0.000000 2835.565918 0.000000 0.541548 0.000000 -0.840670 1.052489 1.052489 1.052489
1830.840820 0.000000 2850.296143 0.000000 0.943957 0.000000 0.330069 0.616526 0.616526 0.616526
1819.214966 0.000000 2829.651367 0.000000 0.753941 0.000000 0.656942 0.586014 0.586014 0.586014
1801.001709 0.000000 2815.454102 0.000000 0.855064 0.000000 -0.518522 0.767638 0.767638 0.767638
1831.370605 0.000000 2834.662842 0.000000 0.999993 0.000000 0.003641 0.698944 0.698944 0.698944
1793.871704 0.000000 2856.709229 0.000000 0.197166 0.000000 0.980370 0.493750 0.493750 0.493750
1814.500854 0.000000 2858.450928 0.000000 0.107614 0.000000 0.994193 0.183553 0.183553 0.183553
1839.791626 0.000000 2831.286377 0.000000 0.891463 0.000000 -0.453093 0.884898 0.884898 0.884898
1842.834961 0.000000 2817.125000 0.000000 0.495784 0.000000 0.868446 0.562108 0.562108 0.562108
1825.682495 0.000000 2846.123291 0.000000 0.996131 0.000000 -0.087883 0.729680 0.729680 0.729680
1846.837402 0.000000 2855.448242 0.000000 0.995689 0.000000 -0.092751 0.713473 0.713473 0.713473
1817.812622 0.000000 2828.180176 0.000000 0.084224 0.000000 -0.996447 1.339043 1.339043 1.339043
1828.976807 0.000000 2846.796875 0.000000 0.022143 0.000000 -0.999755 1.065364 1.065364 1.065364
1837.656616 0.000000 2831.103271 0.000000 0.871349 0.000000 -0.490664 0.772596 0.772596 0.772596
1791.848145 0.000000 2830.314697 0.000000 0.339007 0.000000 0.940784 0.543731 0.543731 0.543731
1834.774414 0.000000 2827.568359 0.000000 0.617190 0.000000 -0.786814 1.029194 1.029194 1.029194
1836.897705 0.000000 2850.040527 0.000000 0.247963 0.000000 -0.968769 1.226040 1.226040 1.226040
1830.646851 0.000000 2837.701416 0.000000 0.952168 0.000000 -0.305574 0.790088 0.790088 0.790088
1837.103027 0.000000 2829.562988 0.000000 0.878235 0.000000 0.478230 0.485633 0.485633 0.485633
1845.300781 0.000000 2878.943848 0.000000 0.683097 0.000000 -0.730328 1.030544 1.030544 1.030544
1851.428955 0.000000 2872.516602 0.000000 0.766348 0.000000 0.642426 0.609778 0.609778 0.609778
1818.550049 0.000000 2844.684814 0.000000 0.760519 0.000000 0.649316 0.550566 0.550566 0.550566
1814.295288 0.000000 2873.860107 0.000000 0.485566 0.000000 -0.874200 0.975140 0.975140 0.975140
1812.670654 0.000000 2843.094238 0.000000 0.997831 0.000000 -0.065828 0.729356 0.729356 0.729356
1820.588379 0.000000 2846.403564 0.000000 0.469792 0.000000 0.882777 0.312461 0.312461 0.312461
1834.944336 0.000000 2832.041016 0.000000 0.970976 0.000000 0.239175 0.664124 0.664124 0.664124
1814.723022 0.000000 2870.815674 0.000000 0.635986 0.000000 -0.771701 0.966509 0.966509 0.966509
1846.323486 0.000000 2848.978516 0.000000 0.678442 0.000000 0.734654 0.587522 0.587522 0.587522
1798.961426 0.000000 2879.156738 0.000000 0.999082 0.000000 -0.042843 0.707939 0.707939 0.707939
1823.497925 0.000000 2865.204590 0.000000 0.426391 0.000000 -0.904539 0.887652 0.887652 0.887652
1814.861450 0.000000 2841.831299 0.000000 0.800333 0.000000 0.599555 0.432583 0.432583 0.432583
1844.015015 0.000000 2850.607910 0.000000 0.465358 0.000000 0.885122 0.354346 0.354346 0.354346
1819.450684 0.000000 2860.879150 0.000000 0.004233 0.000000 -0.999991 1.042213 1.042213 1.042213
1828.297119 0.000000 2840.065674 0.000000 0.079811 0.000000 0.996810 0.316995 0.316995 0.316995
1812.311401 0.000000 2840.306641 0.000000 0.338568 0.000000 -0.940942 0.997667 0.997667 0.997667
1822.914551 0.000000 2838.571533 0.000000 0.848319 0.000000 0.529485 0.507897 0.507897 0.507897
1831.254395 0.000000 2873.498779 0.000000 0.809573 0.000000 0.587020 0.496072 0.496072 0.496072
1818.362427 0.000000 2837.885010 0.000000 0.050942 0.000000 0.998702 0.203321 0.203321 0.203321
1837.472168 0.000000 2826.781494 0.000000 0.998421 0.000000 0.056178 0.690865 0.690865 0.690865
1792.505127 0.000000 2847.866943 0.000000 0.820310 0.000000 0.571919 0.624456 0.624456 0.624456
1830.495239 0.000000 2827.900146 0.000000 0.569244 0.000000 0.822169 0.269869 0.269869 0.269869
1808.640381 0.000000 2856.675293 0.000000 0.374970 0.000000 -0.927037 1.228714 1.228714 1.228714
1802.439209 0.000000 2831.956787 0.000000 0.029184 0.000000 0.999574 0.322827 0.322827 0.322827
1843.938110 0.000000 2855.318115 0.000000 0.995350 0.000000 0.096322 0.662404 0.662404 0.662404
1844.021240 0.000000 2853.648438 0.000000 0.989119 0.000000 -0.147119 0.758833 0.758833 0.758833
1833.358276 0.000000 2836.821289 0.000000 0.337672 0.000000 0.941264 0.187786 0.187786 0.187786
1827.172607 0.000000 2836.095703 0.000000 0.363441 0.000000 -0.931617 1.177675 1.177675 1.177675
1824.244873 0.000000 2843.967773 0.000000 0.663100 0.000000 0.748530 0.595049 0.595049 0.595049
1843.795532 0.000000 2844.560791 0.000000 0.450242 0.000000 0.892907 0.368227 0.368227 0.368227
1804.460693 0.000000 2829.404541 0.000000 0.561453 0.000000 0.827509 0.352528 0.352528 0.352528
1793.008057 0.000000 2855.359619 0.000000 0.268438 0.000000 -0.963297 0.870262 0.870262 0.870262
1834.430786 0.000000 2830.560059 0.000000 0.994849 0.000000 -0.101369 0.713841 0.713841 0.713841
1823.796143 0.000000 2869.790771 0.000000 0.955389 0.000000 0.295350 0.589443 0.589443 0.589443
1835.382935 0.000000 2824.715088 0.000000 0.571127 0.000000 -0.820862 0.883423 0.883423 0.883423
1852.513062 0.000000 2849.943115 0.000000 0.790708 0.000000 0.612194 0.446700 0.446700 0.446700
1835.955566 0.000000 2826.438477 0.000000 0.600999 0.000000 -0.799250 1.036615 1.036615 1.036615
1845.783447 0.000000 2847.271973 0.000000 0.802781 0.000000 -0.596274 0.890912 0.890912 0.890912
1833.619019 0.000000 2824.311035 0.000000 0.904176 0.000000 -0.427160 0.896680 0.896680 0.896680
1826.137451 0.000000 2874.733154 0.000000 0.645542 0.000000 -0.763725 0.815426 0.815426 0.815426
1813.276611 0.000000 2872.513428 0.000000 0.640099 0.000000 0.768292 0.560663 0.560663 0.560663
1845.808960 0.000000 2862.463623 0.000000 0.395226 0.000000 0.918584 0.388640 0.388640 0.388640
1830.676636 0.000000 2844.796631 0.000000 0.307273 0.000000 -0.951621 1.148653 1.148653 1.148653
1810.158081 0.000000 2836.381104 0.000000 0.091882 0.000000 -0.995770 0.940340 0.940340 0.940340
1800.378784 0.000000 2866.741699 0.000000 0.182342 0.000000 -0.983235 1.204327 1.204327 1.204327
1840.520630 0.000000 2838.749756 0.000000 0.994468 0.000000 -0.105037 0.731999 0.731999 0.731999
1839.839966 0.000000 2828.671143 0.000000 0.899624 0.000000 -0.436666 0.823985 0.823985 0.823985
1825.240479 0.000000 2840.498535 0.000000 0.906087 0.000000 0.423091 0.635108 0.635108 0.635108
1843.422241 0.000000 2835.572021 0.000000 0.963102 0.000000 0.269136 0.594281 0.594281 0.594281
1807.474365 0.000000 2815.780273 0.000000 0.819898 0.000000 0.572510 0.503991 0.503991 0.503991
1817.846436 0.000000 2847.906738 0.000000 0.008028 0.000000 -0.999968 1.014073 1.014073 1.014073
1835.543213 0.000000 2861.847168 0.000000 0.350567 0.000000 0.936538 0.354578 0.354578 0.354578
1845.204224 0.000000 2842.088867 0.000000 0.527286 0.000000 -0.849688 0.838410 0.838410 0.838410
1819.858276 0.000000 2838.231689 0.000000 0.996990 0.000000 0.077536 0.668397 0.668397 0.668397
1814.227051 0.000000 2828.022461 0.000000 0.984273 0.000000 -0.176654 0.745621 0.745621 0.745621
1831.815430 0.000000 2836.368652 0.000000 0.622393 0.000000 0.782705 0.439201 0.439201 0.439201
1820.210205 0.000000 2839.959473 0.000000 0.881635 0.000000 -0.471933 0.821106 0.821106 0.821106
1816.795044 0.000000 2844.227539 0.000000 0.643691 0.000000 -0.765286 1.088363 1.088363 1.088363
1819.014038 0.000000 2851.550049 0.000000 0.838011 0.000000 -0.545654 0.895678 0.895678 0.895678
1799.660889 0.000000 2863.797363 0.000000 0.838447 0.000000 -0.544983 0.887349 0.887349 0.887349
1815.218628 0.000000 2848.365723 0.000000 0.758624 0.000000 0.651529 0.383779 0.383779 0.383779
1835.530151 0.000000 2829.389160 0.000000 0.971109 0.000000 -0.238635 0.757690 0.757690 0.757690
1838.790405 0.000000 2857.482910 0.000000 0.657645 0.000000 -0.753328 0.858033 0.858033 0.858033
1836.541138 0.000000 2837.093994 0.000000 0.964958 0.000000 0.262404 0.609983 0.609983 0.609983
1800.826904 0.000000 2868.463867 0.000000 0.947420 0.000000 -0.319993 0.788799 0.788799 0.788799
1826.371826 0.000000 2834.755859 0.000000 0.180617 0.000000 0.983553 0.377114 0.377114 0.377114
1839.183716 0.000000 2835.978027 0.000000 0.000897 0.000000 1.000000 0.428390 0.428390 0.428390
1795.904419 0.000000 2832.722656 0.000000 0.779420 0.000000 0.626501 0.546182 0.546182 0.546182
1821.608765 0.000000 2849.865234 0.000000 0.979701 0.000000 0.200466 0.635452 0.635452 0.635452
1797.345215 0.000000 2832.108643 0.000000 0.237511 0.000000 0.971385 0.462746 0.462746 0.462746
1843.934326 0.000000 2860.208984 0.000000 0.839583 0.000000 -0.543232 0.876635 0.876635 0.876635
1836.646973 0.000000 2859.749268 0.000000 0.904280 0.000000 -0.426940 0.889634 0.889634 0.889634
1830.652466 0.000000 2842.052002 0.000000 0.717108 0.000000 -0.696962 0.865761 0.865761 0.865761
1819.446167 0.000000 2843.434570 0.000000 0.953636 0.000000 -0.300962 0.806313 0.806313 0.806313
1809.250977 0.000000 2845.648438 0.000000 0.996245 0.000000 0.086576 0.686820 0.686820 0.686820
1814.658691 0.000000 2861.230225 0.000000 0.483447 0.000000 -0.875373 0.986946 0.986946 0.986946
1836.844482 0.000000 2857.295654 0.000000 0.864175 0.000000 0.503191 0.473316 0.473316 0.473316
1820.430542 0.000000 2856.024414 0.000000 0.979480 0.000000 -0.201540 0.750358 0.750358 0.750358
1811.023071 0.000000 2847.967773 0.000000 0.936195 0.000000 0.351482 0.539949 0.539949 0.539949
1811.666626 0.000000 2875.593018 0.000000 0.378820 0.000000 0.925470 0.212395 0.212395 0.212395
1818.963013 0.000000 2849.020752 0.000000 0.508467 0.000000 0.861081 0.453441 0.453441 0.453441
1809.543213 0.000000 2827.184814 0.000000 0.930729 0.000000 -0.365709 0.760849 0.760849 0.760849
1808.148926 0.000000 2846.965820 0.000000 0.577648 0.000000 0.816286 0.274441 0.274441 0.274441
1792.846924 0.000000 2838.805664 0.000000 0.950729 0.000000 0.310023 0.589275 0.589275 0.589275
1829.144897 0.000000 2875.092041 0.000000 0.998882 0.000000 0.047282 0.683468 0.683468 0.683468
1834.073486 0.000000 2833.337158 0.000000 0.336239 0.000000 -0.941777 0.882394 0.882394 0.882394
1815.996094 0.000000 2829.880371 0.000000 0.470485 0.000000 -0.882408 0.977692 0.977692 0.977692
1806.458740 0.000000 2857.304688 0.000000 0.341979 0.000000 0.939708 0.155536 0.155536 0.155536
1793.478149 0.000000 2834.539307 0.000000 0.460664 0.000000 -0.887574 1.066423 1.066423 1.066423
1797.337891 0.000000 2835.305664 0.000000 0.994094 0.000000 -0.108527 0.740477 0.740477 0.740477
1821.050537 0.000000 2851.489502 0.000000 0.867748 0.000000 0.497005 0.513656 0.513656 0.513656
1809.497192 0.000000 2834.110107 0.000000 0.607130 0.000000 0.794603 0.542720 0.542720 0.542720
1808.537598 0.000000 2850.959717 0.000000 0.643661 0.000000 0.765311 0.413664 0.413664 0.413664
1809.032959 0.000000 2852.720215 0.000000 0.644066 0.000000 0.764970 0.311855 0.311855 0.311855
1838.696045 0.000000 2834.550293 0.000000 0.997987 0.000000 0.063412 0.689022 0.689022 0.689022
1818.524902 0.000000 2833.448486 0.000000 0.989205 0.000000 0.146541 0.644484 0.644484 0.644484
1834.411743 0.000000 2835.747559 0.000000 0.002771 0.000000 -0.999996 1.064454 1.064454 1.064454
1848.951538 0.000000 2851.100830 0.000000 0.852643 0.000000 0.522493 0.590472 0.590472 0.590472
1825.136353 0.000000 2854.655518 0.000000 0.999040 0.000000 -0.043809 0.711335 0.711335 0.711335
1798.929565 0.000000 2815.343262 0.000000 0.583892 0.000000 0.811831 0.325867 0.325867 0.325867
1840.851440 0.000000 2830.111572 0.000000 0.854907 0.000000 -0.518781 0.874431 0.874431 0.874431
1817.334351 0.000000 2839.012207 0.000000 0.706318 0.000000 0.707895 0.528188 0.528188 0.528188
1845.020264 0.000000 2856.475586 0.000000 0.962390 0.000000 0.271672 0.621628 0.621628 0.621628
1846.174805 0.000000 2875.920654 0.000000 0.502343 0.000000 0.864669 0.336758 0.336758 0.336758
1816.681274 0.000000 2853.459229 0.000000 0.796709 0.000000 -0.604363 0.937032 0.937032 0.937032
1855.152588 0.000000 2867.518555 0.000000 0.241038 0.000000 0.970516 0.219827 0.219827 0.219827
1813.431641 0.000000 2846.118164 0.000000 0.946436 0.000000 -0.322890 0.846516 0.846516 0.846516
1801.808960 0.000000 2878.745850 0.000000 0.192786 0.000000 -0.981241 1.248583 1.248583 1.248583
1822.638184 0.000000 2856.268555 0.000000 0.987167 0.000000 0.159692 0.639741 0.639741 0.639741
1813.047607 0.000000 2850.291504 0.000000 0.918889 0.000000 -0.394516 0.782920 0.782920 0.782920
1812.653809 0.000000 2852.561035 0.000000 0.420434 0.000000 -0.907323 1.147026 1.147026 1.147026
1841.538452 0.000000 2837.563965 0.000000 0.942175 0.000000 0.335121 0.565031 0.565031 0.565031
1831.710327 0.000000 2878.676025 0.000000 0.036652 0.000000 0.999328 0.456026 0.456026 0.456026
1826.837280 0.000000 2855.579834 0.000000 0.560833 0.000000 0.827929 0.440901 0.440901 0.440901
1810.388794 0.000000 2871.636719 0.000000 0.495809 0.000000 0.868432 0.249565 0.249565 0.249565
1844.149780 0.000000 2817.799072 0.000000 0.707846 0.000000 0.706367 0.553333 0.553333 0.553333
1829.395508 0.000000 2834.756348 0.000000 0.973128 0.000000 0.230266 0.667110 0.667110 0.667110
1821.919067 0.000000 2867.762207 0.000000 0.998996 0.000000 0.044809 0.687858 0.687858 0.687858
1821.883789 0.000000 2842.170166 0.000000 0.431017 0.000000 -0.902344 1.018547 1.018547 1.018547
1816.093018 0.000000 2871.580322 0.000000 0.835325 0.000000 -0.549757 0.782395 0.782395 0.782395
1814.832397 0.000000 2824.478271 0.000000 0.411279 0.000000 -0.911509 0.880393 0.880393 0.880393
1797.386963 0.000000 2847.452148 0.000000 0.999631 0.000000 0.027176 0.692780 0.692780 0.692780
1821.155396 0.000000 2860.116455 0.000000 0.222635 0.000000 -0.974902 1.109376 1.109376 1.109376
1812.481812 0.000000 2848.454102 0.000000 0.754121 0.000000 -0.656735 1.019288 1.019288 1.019288
1839.303223 0.000000 2856.039062 0.000000 0.911587 0.000000 -0.411107 0.778482 0.778482 0.778482
1845.415283 0.000000 2860.542236 0.000000 0.518813 0.000000 -0.854888 0.950860 0.950860 0.950860
1847.264771 0.000000 2852.015381 0.000000 0.760647 0.000000 0.649165 0.534558 0.534558 0.534558
1845.626343 0.000000 2865.044189 0.000000 0.803335 0.000000 -0.595528 0.940802 0.940802 0.940802
1825.530518 0.000000 2838.347168 0.000000 0.698522 0.000000 0.715588 0.344622 0.344622 0.344622
1793.392212 0.000000 2832.569092 0.000000 0.568269 0.000000 -0.822843 1.061416 1.061416 1.061416
1844.243652 0.000000 2834.435303 0.000000 0.428056 0.000000 0.903752 0.412078 0.412078 0.412078
1853.475830 0.000000 2846.959961 0.000000 0.340466 0.000000 -0.940257 0.939452 0.939452 0.939452
1815.741333 0.000000 2852.290039 0.000000 0.725864 0.000000 -0.687838 0.959808 0.959808 0.959808
1815.497803 0.000000 2857.064453 0.000000 0.131426 0.000000 -0.991326 1.263305 1.263305 1.263305
1842.497925 0.000000 2832.593994 0.000000 0.998347 0.000000 0.057476 0.676986 0.676986 0.676986
1815.852905 0.000000 2854.895508 0.000000 0.993584 0.000000 0.113093 0.649494 0.649494 0.649494
1819.699341 0.000000 2824.377441 0.000000 0.201357 0.000000 0.979518 0.348554 0.348554 0.348554
1826.319458 0.000000 2839.581543 0.000000 0.625572 0.000000 -0.780167 1.000282 1.000282 1.000282
1821.249146 0.000000 2858.701904 0.000000 0.999282 0.000000 0.037893 0.683110 0.683110 0.683110
1821.339478 0.000000 2833.323242 0.000000 0.502463 0.000000 -0.864599 0.887984 0.887984 0.887984
1817.181763 0.000000 2824.082031 0.000000 0.413373 0.000000 -0.910562 1.152080 1.152080 1.152080
1831.053223 0.000000 2825.814941 0.000000 0.990502 0.000000 -0.137496 0.758093 0.758093 0.758093
1853.788574 0.000000 2867.874268 0.000000 0.013226 0.000000 0.999913 0.455021 0.455021 0.455021
1813.084351 0.000000 2870.985107 0.000000 0.985203 0.000000 0.171389 0.642509 0.642509 0.642509
1807.481812 0.000000 2833.316406 0.000000 0.788029 0.000000 -0.615638 0.875007 0.875007 0.875007
1808.769775 0.000000 2836.960449 0.000000 0.375510 0.000000 0.926818 0.331118 0.331118 0.331118
1818.504761 0.000000 2855.738770 0.000000 0.999995 0.000000 0.003001 0.699019 0.699019 0.699019
1822.109619 0.000000 2862.610352 0.000000 0.574743 0.000000 -0.818334 0.874207 0.874207 0.874207
1810.883545 0.000000 2846.550293 0.000000 0.950201 0.000000 0.311639 0.558771 0.558771 0.558771
1811.798340 0.000000 2856.872314 0.000000 0.104165 0.000000 -0.994560 1.353496 1.353496 1.353496
1808.162720 0.000000 2829.232666 0.000000 0.969415 0.000000 0.245427 0.640200 0.640200 0.640200
1832.582642 0.000000 2828.666016 0.000000 0.208295 0.000000 0.978066 0.202914 0.202914 0.202914
1834.910278 0.000000 2878.548828 0.000000 0.947776 0.000000 0.318937 0.613206 0.613206 0.613206
1841.459351 0.000000 2834.136719 0.000000 0.595789 0.000000 0.803141 0.468582 0.468582 0.468582
1824.290771 0.000000 2858.768066 0.000000 0.292912 0.000000 0.956140 0.493020 0.493020 0.493020
1810.493530 0.000000 2869.066162 0.000000 0.927116 0.000000 0.374774 0.625481 0.625481 0.625481
1834.030762 0.000000 2857.748047 0.000000 0.181993 0.000000 0.983300 0.304681 0.304681 0.304681
1820.025269 0.000000 2857.760498 0.000000 0.732136 0.000000 -0.681158 0.885955 0.885955 0.885955
1809.725220 0.000000 2831.633301 0.000000 0.983832 0.000000 -0.179095 0.764195 0.764195 0.764195
1827.100586 0.000000 2851.203369 0.000000 0.926912 0.000000 -0.375279 0.792776 0.792776 0.792776
1833.396973 0.000000 2827.514893 0.000000 0.179629 0.000000 0.983734 0.080485 0.080485 0.080485
1845.040039 0.000000 2832.205078 0.000000 0.725649 0.000000 0.688065 0.474563 0.474563 0.474563
1811.445557 0.000000 2841.404053 0.000000 0.969167 0.000000 0.246404 0.593402 0.593402 0.593402
1807.655640 0.000000 2825.598877 0.000000 0.670715 0.000000 0.741715 0.510158 0.510158 0.510158
1811.596436 0.000000 2844.068359 0.000000 0.108102 0.000000 -0.994140 1.208606 1.208606 1.208606
1811.102051 0.000000 2854.893799 0.000000 0.119904 0.000000 0.992785 0.175245 0.175245 0.175245
1817.746826 0.000000 2858.114990 0.000000 0.912032 0.000000 -0.410120 0.852132 0.852132 0.852132
1828.482300 0.000000 2873.332031 0.000000 0.062678 0.000000 0.998034 0.112286 0.112286 0.112286
1824.140625 0.000000 2835.983887 0.000000 0.388819 0.000000 -0.921314 1.056213 1.056213 1.056213
1819.425903 0.000000 2825.810303 0.000000 0.230223 0.000000 -0.973138 1.043851 1.043851 1.043851
1813.666748 0.000000 2847.618652 0.000000 0.385749 0.000000 -0.922604 1.223520 1.223520 1.223520
1834.513916 0.000000 2859.043457 0.000000 0.541219 0.000000 -0.840881 1.145148 1.145148 1.145148
1829.157104 0.000000 2852.191162 0.000000 0.391471 0.000000 0.920190 0.412054 0.412054 0.412054
1834.843262 0.000000 2856.572021 0.000000 0.896311 0.000000 -0.443426 0.830868 0.830868 0.830868
1803.397583 0.000000 2867.170410 0.000000 0.414450 0.000000 0.910072 0.494176 0.494176 0.494176
1838.885742 0.000000 2864.420898 0.000000 0.421674 0.000000 -0.906747 0.898439 0.898439 0.898439
1827.923706 0.000000 2847.788330 0.000000 0.862499 0.000000 0.506058 0.568326 0.568326 0.568326
1830.417847 0.000000 2876.340576 0.000000 0.970796 0.000000 -0.239905 0.790181 0.790181 0.790181
1793.577026 0.000000 2873.133789 0.000000 0.943336 0.000000 0.331840 0.635567 0.635567 0.635567
1843.354492 0.000000 2864.852539 0.000000 0.985043 0.000000 0.172307 0.661566 0.661566 0.661566
1822.621338 0.000000 2835.447021 0.000000 0.999705 0.000000 0.024283 0.690493 0.690493 0.690493
1833.070312 0.000000 2830.314209 0.000000 0.862697 0.000000 -0.505721 0.914044 0.914044 0.914044
1820.527710 0.000000 2835.749512 0.000000 0.999809 0.000000 0.019539 0.691292 0.691292 0.691292
1813.503418 0.000000 2856.327148 0.000000 0.494010 0.000000 0.869456 0.230257 0.230257 0.230257
1806.992310 0.000000 2828.547119 0.000000 0.377127 0.000000 0.926162 0.288205 0.288205 0.288205
1825.027344 0.000000 2834.955566 0.000000 0.926293 0.000000 0.376803 0.582521 0.582521 0.582521
1828.338135 0.000000 2853.713379 0.000000 0.128109 0.000000 0.991760 0.344595 0.344595 0.344595
1819.193481 0.000000 2840.849609 0.000000 0.265056 0.000000 -0.964233 1.189402 1.189402 1.189402
1796.693359 0.000000 2863.906982 0.000000 0.294925 0.000000 0.955520 0.402264 0.402264 0.402264
1829.753174 0.000000 2843.082764 0.000000 0.790084 0.000000 0.612999 0.495893 0.495893 0.495893
1854.789062 0.000000 2848.245605 0.000000 0.681111 0.000000 -0.732180 0.984263 0.984263 0.984263
1841.300781 0.000000 2855.068359 0.000000 0.760316 0.000000 0.649553 0.476368 0.476368 0.476368
1809.032471 0.000000 2874.069824 0.000000 0.088334 0.000000 0.996091 0.433176 0.433176 0.433176
1815.318237 0.000000 2859.549072 0.000000 0.058950 0.000000 -0.998261 1.233688 1.233688 1.233688
1822.259277 0.000000 2860.896240 0.000000 0.174180 0.000000 -0.984714 1.297590 1.297590 1.297590
1840.644897 0.000000 2836.056152 0.000000 0.999653 0.000000 -0.026330 0.710401 0.710401 0.710401
1823.274780 0.000000 2842.342041 0.000000 0.516158 0.000000 -0.856493 1.072037 1.072037 1.072037
1827.909912 0.000000 2870.333740 0.000000 0.320612 0.000000 -0.947211 1.037083 1.037083 1.037083
1843.842407 0.000000 2862.880371 0.000000 0.955421 0.000000 0.295247 0.603102 0.603102 0.603102
1795.820679 0.000000 2838.783447 0.000000 0.354571 0.000000 -0.935029 1.016751 1.016751 1.016751
1828.524658 0.000000 2856.349365 0.000000 0.566548 0.000000 0.824029 0.500284 0.500284 0.500284
1838.490479 0.000000 2851.738037 0.000000 0.048577 0.000000 -0.998819 1.085725 1.085725 1.085725
1814.472534 0.000000 2850.231934 0.000000 0.653243 0.000000 -0.757149 1.027232 1.027232 1.027232
1814.356323 0.000000 2845.102783 0.000000 0.221547 0.000000 -0.975150 1.300445 1.300445 1.300445
1798.760376 0.000000 2864.823975 0.000000 0.832475 0.000000 0.554062 0.460885 0.460885 0.460885
1843.569824 0.000000 2839.266357 0.000000 0.423231 0.000000 0.906022 0.454308 0.454308 0.454308
1806.808716 0.000000 2878.057129 0.000000 0.905621 0.000000 -0.424088 0.872207 0.872207 0.872207
1832.240234 0.000000 2870.151367 0.000000 0.367646 0.000000 -0.929966 1.092389 1.092389 1.092389
1848.879028 0.000000 2876.336670 0.000000 0.343992 0.000000 -0.938972 0.992003 0.992003 0.992003
1845.113403 0.000000 2857.809082 0.000000 0.726067 0.000000 -0.687624 0.915981 0.915981 0.915981
1794.330078 0.000000 2837.196289 0.000000 0.524730 0.000000 0.851269 0.404564 0.404564 0.404564
1831.971680 0.000000 2875.638672 0.000000 0.999725 0.000000 0.023432 0.693693 0.693693 0.693693
1820.617188 0.000000 2869.036133 0.000000 0.122089 0.000000 0.992519 0.388662 0.388662 0.388662
1796.196655 0.000000 2820.413574 0.000000 0.713663 0.000000 -0.700490 1.017367 1.017367 1.017367
1850.069214 0.000000 2851.850342 0.000000 0.705744 0.000000 0.708467 0.515627 0.515627 0.515627
1807.609253 0.000000 2859.415039 0.000000 0.880260 0.000000 -0.474491 0.833053 0.833053 0.833053
1800.335205 0.000000 2877.084473 0.000000 0.139677 0.000000 0.990197 0.424978 0.424978 0.424978
1797.640991 0.000000 2818.921143 0.000000 0.249038 0.000000 0.968494 0.333465 0.333465 0.333465
1830.195190 0.000000 2847.658936 0.000000 0.872952 0.000000 -0.487805 0.887010 0.887010 0.887010
1832.143921 0.000000 2856.012695 0.000000 0.581513 0.000000 -0.813537 1.048719 1.048719 1.048719
1809.730347 0.000000 2839.254150 0.000000 0.985334 0.000000 0.170639 0.635570 0.635570 0.635570
1806.917969 0.000000 2846.482910 0.000000 0.801397 0.000000 0.598133 0.469178 0.469178 0.469178
1843.810669 0.000000 2833.150391 0.000000 0.651021 0.000000 -0.759060 1.044917 1.044917 1.044917
1845.504150 0.000000 2866.380371 0.000000 0.840693 0.000000 0.541513 0.513994 0.513994 0.513994
1832.692749 0.000000 2857.453613 0.000000 0.239830 0.000000 -0.970815 1.187589 1.187589 1.187589
1808.710693 0.000000 2848.326904 0.000000 0.749130 0.000000 0.662423 0.577262 0.577262 0.577262
1843.841553 0.000000 2878.721436 0.000000 0.242062 0.000000 -0.970261 1.138070 1.138070 1.138070
1842.781616 0.000000 2847.193604 0.000000 0.012774 0.000000 -0.999918 0.969555 0.969555 0.969555
1813.958374 0.000000 2842.879150 0.000000 0.228223 0.000000 0.973609 0.102608 0.102608 0.102608
1804.462402 0.000000 2847.520020 0.000000 0.609338 0.000000 0.792911 0.464794 0.464794 0.464794
1791.845215 0.000000 2872.336914 0.000000 0.920839 0.000000 -0.389942 0.817605 0.817605 0.817605
1821.377075 0.000000 2840.516846 0.000000 0.938202 0.000000 -0.346087 0.809931 0.809931 0.809931
1833.703125 0.000000 2869.589844 0.000000 0.272993 0.000000 -0.962016 1.132020 1.132020 1.132020
1853.804199 0.000000 2849.627197 0.000000 0.860424 0.000000 0.509578 0.494427 0.494427 0.494427
1844.376099 0.000000 2867.314941 0.000000 0.738184 0.000000 -0.674599 0.940674 0.940674 0.940674
1842.600098 0.000000 2860.175049 0.000000 0.753678 0.000000 -0.657244 0.920579 0.920579 0.920579
1811.991577 0.000000 2845.587646 0.000000 0.973767 0.000000 0.227547 0.620167 0.620167 0.620167
1845.567993 0.000000 2815.366211 0.000000 0.070617 0.000000 -0.997504 1.279370 1.279370 1.279370
1822.391846 0.000000 2858.061523 0.000000 0.185987 0.000000 -0.982552 1.212651 1.212651 1.212651
1831.976440 0.000000 2844.573486 0.000000 0.576792 0.000000 -0.816891 1.040821 1.040821 1.040821
1823.556641 0.000000 2850.419922 0.000000 0.740040 0.000000 0.672563 0.384162 0.384162 0.384162
1830.138184 0.000000 2849.234863 0.000000 0.905478 0.000000 0.424392 0.588937 0.588937 0.588937
1842.686768 0.000000 2853.179443 0.000000 0.201999 0.000000 -0.979386 0.984367 0.984367 0.984367
1838.489868 0.000000 2862.003418 0.000000 0.514244 0.000000 0.857644 0.386594 0.386594 0.386594
1819.174316 0.000000 2842.123047 0.000000 0.660837 0.000000 0.750530 0.404792 0.404792 0.404792
1811.127319 0.000000 2852.240234 0.000000 0.992835 0.000000 0.119490 0.647880 0.647880 0.647880
1810.239990 0.000000 2850.246582 0.000000 0.176750 0.000000 -0.984256 1.094402 1.094402 1.094402
1847.385986 0.000000 2874.404297 0.000000 0.182047 0.000000 -0.983290 1.182609 1.182609 1.182609
1827.893311 0.000000 2841.684082 0.000000 0.887054 0.000000 -0.461666 0.863530 0.863530 0.863530
1836.932495 0.000000 2855.261230 0.000000 0.687706 0.000000 0.725990 0.367752 0.367752 0.367752
1815.099976 0.000000 2830.801270 0.000000 0.858278 0.000000 -0.513186 0.834672 0.834672 0.834672
1813.772461 0.000000 2855.054688 0.000000 0.754754 0.000000 -0.656008 1.018859 1.018859 1.018859
1842.926514 0.000000 2837.723145 0.000000 0.397356 0.000000 0.917665 0.482685 0.482685 0.482685
1847.168823 0.000000 2876.814209 0.000000 0.653251 0.000000 -0.757141 1.001710 1.001710 1.001710
1829.505249 0.000000 2845.625244 0.000000 0.504399 0.000000 -0.863471 0.894866 0.894866 0.894866
1813.972046 0.000000 2852.926270 0.000000 0.068608 0.000000 0.997644 0.109351 0.109351 0.109351
1813.424927 0.000000 2839.648438 0.000000 0.818427 0.000000 -0.574611 0.920368 0.920368 0.920368
1810.116333 0.000000 2853.635254 0.000000 0.641381 0.000000 0.767222 0.319463 0.319463 0.319463
1818.270752 0.000000 2836.629150 0.000000 0.333413 0.000000 0.942781 0.297752 0.297752 0.297752
1830.421997 0.000000 2829.733154 0.000000 0.383400 0.000000 0.923582 0.473678 0.473678 0.473678
1824.889648 0.000000 2870.515137 0.000000 0.156989 0.000000 -0.987600 1.230966 1.230966 1.230966
1808.238892 0.000000 2855.294434 0.000000 0.730107 0.000000 -0.683333 1.035258 1.035258 1.035258
1826.287476 0.000000 2837.266846 0.000000 0.696938 0.000000 -0.717132 1.018631 1.018631 1.018631
1847.202271 0.000000 2867.387939 0.000000 0.869176 0.000000 -0.494502 0.841922 0.841922 0.841922
1826.247803 0.000000 2847.297363 0.000000 0.284096 0.000000 0.958796 0.381681 0.381681 0.381681
1798.593506 0.000000 2816.548340 0.000000 0.795239 0.000000 -0.606296 0.940196 0.940196 0.940196
1820.336548 0.000000 2834.084961 0.000000 0.783894 0.000000 0.620895 0.401477 0.401477 0.401477
1818.975220 0.000000 2858.502197 0.000000 0.965471 0.000000 -0.260511 0.817447 0.817447 0.817447
1813.134644 0.000000 2858.915039 0.000000 0.821109 0.000000 -0.570772 0.970698 0.970698 0.970698
1806.057739 0.000000 2855.344727 0.000000 0.907486 0.000000 -0.420082 0.825011 0.825011 0.825011
1815.353882 0.000000 2828.699707 0.000000 0.748970 0.000000 0.662603 0.513934 0.513934 0.513934
1810.055664 0.000000 2877.537842 0.000000 0.751907 0.000000 0.659269 0.386760 0.386760 0.386760
1831.777222 0.000000 2845.903320 0.000000 0.074654 0.000000 0.997209 0.166639 0.166639 0.166639
1828.160156 0.000000 2838.763184 0.000000 0.987487 0.000000 0.157703 0.662361 0.662361 0.662361
1833.148071 0.000000 2826.253418 0.000000 0.733690 0.000000 0.679485 0.367085 0.367085 0.367085
1810.373657 0.000000 2843.774170 0.000000 0.858705 0.000000 -0.512470 0.841045 0.841045 0.841045
1844.672852 0.000000 2851.716797 0.000000 0.805997 0.000000 -0.591919 0.901471 0.901471 0.901471
1833.064453 0.000000 2878.206543 0.000000 0.989037 0.000000 -0.147669 0.759054 0.759054 0.759054
1837.780273 0.000000 2852.784424 0.000000 0.064334 0.000000 0.997928 0.139258 0.139258 0.139258
1815.557129 0.000000 2849.611816 0.000000 0.970395 0.000000 0.241524 0.591294 0.591294 0.591294
1842.596558 0.000000 2844.199219 0.000000 0.999566 0.000000 -0.029446 0.708852 0.708852 0.708852
1851.640259 0.000000 2850.886719 0.000000 0.097971 0.000000 -0.995189 1.044864 1.044864 1.044864
1819.663208 0.000000 2831.690430 0.000000 0.975569 0.000000 -0.219692 0.758837 0.758837 0.758837
1823.090454 0.000000 2844.824463 0.000000 0.946981 0.000000 0.321290 0.611399 0.611399 0.611399
1806.125000 0.000000 2851.291748 0.000000 0.412969 0.000000 -0.910745 1.152256 1.152256 1.152256
1831.049316 0.000000 2853.094482 0.000000 0.094794 0.000000 0.995497 0.204796 0.204796 0.204796
1810.005737 0.000000 2848.659912 0.000000 0.249932 0.000000 -0.968263 1.211408 1.211408 1.211408
1847.809570 0.000000 2879.279541 0.000000 0.161200 0.000000 0.986922 0.138629 0.138629 0.138629
1831.905029 0.000000 2824.144287 0.000000 0.961497 0.000000 0.274816 0.582748 0.582748 0.582748
1807.942139 0.000000 2849.399902 0.000000 0.874258 0.000000 -0.485462 0.806300 0.806300 0.806300
1822.354248 0.000000 2839.680908 0.000000 0.792239 0.000000 -0.610211 0.925956 0.925956 0.925956
1808.461182 0.000000 2831.515381 0.000000 0.951450 0.000000 -0.307802 0.811545 0.811545 0.811545
1840.232422 0.000000 2853.343018 0.000000 0.236629 0.000000 -0.971600 1.060779 1.060779 1.060779
1835.840576 0.000000 2867.970703 0.000000 0.173177 0.000000 0.984891 0.253311 0.253311 0.253311
1850.291382 0.000000 2849.230225 0.000000 0.096512 0.000000 -0.995332 1.341467 1.341467 1.341467
1823.680542 0.000000 2853.939941 0.000000 0.598720 0.000000 -0.800958 0.886682 0.886682 0.886682
1829.953857 0.000000 2873.957275 0.000000 0.443015 0.000000 -0.896514 1.133296 1.133296 1.133296
1817.290527 0.000000 2860.589355 0.000000 0.948380 0.000000 -0.317137 0.798693 0.798693 0.798693
1794.484985 0.000000 2846.060547 0.000000 0.976469 0.000000 0.215659 0.613391 0.613391 0.613391
1816.802124 0.000000 2828.851562 0.000000 0.991906 0.000000 -0.126978 0.754736 0.754736 0.754736
1816.776367 0.000000 2850.178223 0.000000 0.273805 0.000000 -0.961785 1.095572 1.095572 1.095572
1830.929932 0.000000 2872.327148 0.000000 0.288523 0.000000 -0.957473 1.115451 1.115451 1.115451
1845.996948 0.000000 2853.517334 0.000000 0.090011 0.000000 -0.995941 1.289969 1.289969 1.289969
1796.729614 0.000000 2822.472656 0.000000 0.999257 0.000000 -0.038548 0.709973 0.709973 0.709973
1852.206787 0.000000 2847.818604 0.000000 0.420097 0.000000 -0.907479 0.922592 0.922592 0.922592
1846.411255 0.000000 2878.506836 0.000000 0.090763 0.000000 0.995872 0.110332 0.110332 0.110332
1823.399414 0.000000 2860.511963 0.000000 0.977988 0.000000 0.208661 0.609999 0.609999 0.609999
1828.470215 0.000000 2843.308350 0.000000 0.543300 0.000000 0.839539 0.391781 0.391781 0.391781
1796.541016 0.000000 2823.780762 0.000000 0.990077 0.000000 -0.140522 0.736466 0.736466 0.736466
1823.152466 0.000000 2867.077881 0.000000 0.792207 0.000000 -0.610253 0.925974 0.925974 0.925974
1834.054199 0.000000 2864.302979 0.000000 0.129169 0.000000 0.991623 0.223960 0.223960 0.223960
1809.405029 0.000000 2858.147949 0.000000 0.999112 0.000000 -0.042134 0.717456 0.717456 0.717456
1844.140015 0.000000 2846.012207 0.000000 0.570092 0.000000 0.821581 0.411868 0.411868 0.411868
1798.248291 0.000000 2834.467773 0.000000 0.755986 0.000000 -0.654588 0.951922 0.951922 0.951922
1805.712524 0.000000 2829.764160 0.000000 0.991527 0.000000 0.129901 0.653558 0.653558 0.653558
1839.658813 0.000000 2850.081299 0.000000 0.733822 0.000000 -0.679342 0.889255 0.889255 0.889255
1797.230957 0.000000 2862.825195 0.000000 0.998673 0.000000 0.051496 0.687935 0.687935 0.687935
1811.558228 0.000000 2835.626221 0.000000 0.896491 0.000000 -0.443062 0.869256 0.869256 0.869256
1828.998779 0.000000 2849.606445 0.000000 0.481200 0.000000 -0.876611 1.043670 1.043670 1.043670
1836.283691 0.000000 2860.884277 0.000000 0.714666 0.000000 0.699466 0.449554 0.449554 0.449554
1844.082397 0.000000 2858.407715 0.000000 0.601647 0.000000 -0.798762 0.957091 0.957091 0.957091
1849.776367 0.000000 2870.896729 0.000000 0.937065 0.000000 0.349154 0.573469 0.573469 0.573469
1830.039307 0.000000 2856.910400 0.000000 0.502971 0.000000 -0.864304 1.097646 1.097646 1.097646
1805.749512 0.000000 2850.041016 0.000000 0.992971 0.000000 -0.118357 0.726952 0.726952 0.726952
1806.242065 0.000000 2847.813477 0.000000 0.850982 0.000000 0.525196 0.500939 0.500939 0.500939
1817.407349 0.000000 2840.216064 0.000000 0.856987 0.000000 -0.515338 0.890175 0.890175 0.890175
1795.347656 0.000000 2836.042236 0.000000 0.895095 0.000000 -0.445876 0.834070 0.834070 0.834070
1823.865112 0.000000 2848.190186 0.000000 0.977609 0.000000 -0.210428 0.754094 0.754094 0.754094
1853.725098 0.000000 2869.331787 0.000000 0.771475 0.000000 0.636260 0.443291 0.443291 0.443291
1820.702515 0.000000 2854.561523 0.000000 0.527172 0.000000 -0.849759 0.969757 0.969757 0.969757
1816.593628 0.000000 2859.554199 0.000000 0.903677 0.000000 -0.428214 0.859307 0.859307 0.859307
1834.058105 0.000000 2834.614746 0.000000 0.558594 0.000000 -0.829441 0.927340 0.927340 0.927340
1800.106689 0.000000 2869.432129 0.000000 0.570257 0.000000 -0.821467 0.962803 0.962803 0.962803
1833.053711 0.000000 2867.429688 0.000000 0.230010 0.000000 -0.973188 1.104734 1.104734 1.104734
1799.791992 0.000000 2832.799316 0.000000 0.722981 0.000000 -0.690868 0.887934 0.887934 0.887934
1806.595581 0.000000 2849.149414 0.000000 0.983255 0.000000 -0.182234 0.738431 0.738431 0.738431
1812.861450 0.000000 2837.850830 0.000000 0.794904 0.000000 0.606735 0.464158 0.464158 0.464158
1811.477417 0.000000 2874.275635 0.000000 0.488704 0.000000 0.872450 0.262745 0.262745 0.262745
1798.391602 0.000000 2833.124023 0.000000 0.997908 0.000000 0.064650 0.684059 0.684059 0.684059
1836.445923 0.000000 2858.486816 0.000000 0.997736 0.000000 -0.067257 0.728936 0.728936 0.728936
1804.608276 0.000000 2846.074219 0.000000 0.704806 0.000000 -0.709400 0.902599 0.902599 0.902599
1797.292358 0.000000 2820.058105 0.000000 0.182232 0.000000 -0.983256 1.267413 1.267413 1.267413
1798.328491 0.000000 2862.469971 0.000000 0.999701 0.000000 -0.024459 0.707951 0.707951 0.707951
1829.277710 0.000000 2854.509277 0.000000 0.999998 0.000000 -0.001787 0.700503 0.700503 0.700503
1807.029663 0.000000 2858.392334 0.000000 0.227481 0.000000 -0.973782 1.060983 1.060983 1.060983
1841.096802 0.000000 2878.804932 0.000000 0.829525 0.000000 0.558470 0.506359 0.506359 0.506359
1804.408081 0.000000 2878.698486 0.000000 0.542003 0.000000 -0.840376 1.013929 1.013929 1.013929
1812.070312 0.000000 2834.191895 0.000000 0.774830 0.000000 -0.632170 0.928428 0.928428 0.928428
1821.949585 0.000000 2837.929932 0.000000 0.337045 0.000000 0.941489 0.172497 0.172497 0.172497
1817.752441 0.000000 2849.105713 0.000000 0.687477 0.000000 0.726206 0.342056 0.342056 0.342056
1814.254028 0.000000 2857.322754 0.000000 0.264727 0.000000 -0.964323 1.210022 1.210022 1.210022
1798.979980 0.000000 2817.665283 0.000000 0.156006 0.000000 0.987756 0.178546 0.178546 0.178546
1821.112427 0.000000 2866.781982 0.000000 0.802034 0.000000 -0.597278 0.873388 0.873388 0.873388
1848.231812 0.000000 2872.205811 0.000000 0.115838 0.000000 -0.993268 1.289792 1.289792 1.289792
1815.964111 0.000000 2856.030518 0.000000 0.842280 0.000000 0.539041 0.477143 0.477143 0.477143
1842.563110 0.000000 2857.313721 0.000000 0.972496 0.000000 -0.232920 0.774769 0.774769 0.774769
1835.977905 0.000000 2856.483154 0.000000 0.860894 0.000000 0.508784 0.547952 0.547952 0.547952
1806.170776 0.000000 2879.246582 0.000000 0.969496 0.000000 0.245108 0.602630 0.602630 0.602630
1829.512695 0.000000 2837.790527 0.000000 0.519665 0.000000 -0.854370 1.151109 1.151109 1.151109
1795.692261 0.000000 2833.839355 0.000000 0.887048 0.000000 0.461677 0.590977 0.590977 0.590977
1836.648804 0.000000 2852.921875 0.000000 0.999997 0.000000 0.002305 0.699142 0.699142 0.699142
1794.576172 0.000000 2834.803467 0.000000 0.999023 0.000000 -0.044194 0.716456 0.716456 0.716456
1831.836060 0.000000 2874.516846 0.000000 0.021032 0.000000 0.999779 0.282916 0.282916 0.282916
1808.223267 0.000000 2878.610596 0.000000 0.991761 0.000000 0.128104 0.660041 0.660041 0.660041
1808.019043 0.000000 2853.248291 0.000000 0.084981 0.000000 -0.996383 1.362084 1.362084 1.362084
1809.277466 0.000000 2871.434814 0.000000 0.261091 0.000000 -0.965314 1.069922 1.069922 1.069922
1808.041870 0.000000 2872.513916 0.000000 0.135249 0.000000 -0.990812 1.023534 1.023534 1.023534
1842.203003 0.000000 2835.017822 0.000000 0.658670 0.000000 0.752432 0.369553 0.369553 0.369553
1823.364258 0.000000 2851.981445 0.000000 0.781687 0.000000 0.623671 0.411665 0.411665 0.411665
1810.898682 0.000000 2839.039307 0.000000 0.608479 0.000000 -0.793570 0.949901 0.949901 0.949901
1849.141846 0.000000 2875.218262 0.000000 0.638655 0.000000 -0.769493 0.905618 0.905618 0.905618
1848.941650 0.000000 2873.087402 0.000000 0.984962 0.000000 -0.172770 0.770401 0.770401 0.770401
1808.250488 0.000000 2870.004883 0.000000 0.772455 0.000000 0.635070 0.505193 0.505193 0.505193
1806.128174 0.000000 2831.842773 0.000000 0.840639 0.000000 -0.541596 0.918044 0.918044 0.918044
1810.731079 0.000000 2858.840332 0.000000 0.454627 0.000000 0.890682 0.210319 0.210319 0.210319
1830.406616 0.000000 2854.544434 0.000000 0.416539 0.000000 -0.909118 1.132758 1.132758 1.132758
1810.686646 0.000000 2876.170898 0.000000 0.863677 0.000000 0.504046 0.470121 0.470121 0.470121
1807.564331 0.000000 2857.310059 0.000000 0.949601 0.000000 0.313461 0.557916 0.557916 0.557916
1842.886719 0.000000 2855.641846 0.000000 0.420173 0.000000 -0.907444 1.143164 1.143164 1.143164
1821.526978 0.000000 2856.128906 0.000000 0.905474 0.000000 0.424401 0.591233 0.591233 0.591233
1832.414062 0.000000 2871.327393 0.000000 0.679667 0.000000 -0.733520 0.970553 0.970553 0.970553
1804.391357 0.000000 2849.285156 0.000000 0.063964 0.000000 0.997952 0.178619 0.178619 0.178619
1811.866455 0.000000 2857.973633 0.000000 0.546088 0.000000 0.837728 0.257437 0.257437 0.257437
1802.622681 0.000000 2830.240723 0.000000 0.480932 0.000000 -0.876758 0.961563 0.961563 0.961563
1840.006226 0.000000 2852.259277 0.000000 0.325412 0.000000 0.945572 0.364291 0.364291 0.364291
1827.476807 0.000000 2837.295410 0.000000 0.825792 0.000000 0.563975 0.461253 0.461253 0.461253
1841.538452 0.000000 2853.958252 0.000000 0.508642 0.000000 0.860978 0.419051 0.419051 0.419051
1835.608032 0.000000 2859.201660 0.000000 0.151331 0.000000 -0.988483 1.332301 1.332301 1.332301
1842.637329 0.000000 2878.071777 0.000000 0.360154 0.000000 -0.932893 1.097133 1.097133 1.097133
1828.195679 0.000000 2851.310547 0.000000 0.851239 0.000000 0.524779 0.513666 0.513666 0.513666
1807.124390 0.000000 2827.404053 0.000000 0.374374 0.000000 -0.927278 1.191659 1.191659 1.191659
1838.709961 0.000000 2831.603027 0.000000 0.662227 0.000000 0.749304 0.366950 0.366950 0.366950
1807.892212 0.000000 2830.493896 0.000000 0.564192 0.000000 0.825644 0.329944 0.329944 0.329944
1816.024170 0.000000 2826.688232 0.000000 0.410351 0.000000 -0.911928 1.183482 1.183482 1.183482
1797.949585 0.000000 2822.137695 0.000000 0.760085 0.000000 -0.649824 0.882951 0.882951 0.882951
1809.062622 0.000000 2828.502686 0.000000 0.341484 0.000000 0.939888 0.405222 0.405222 0.405222
1813.987793 0.000000 2844.030762 0.000000 0.217378 0.000000 0.976087 0.097651 0.097651 0.097651
1836.222046 0.000000 2850.930420 0.000000 0.846242 0.000000 0.532798 0.476110 0.476110 0.476110
1845.763062 0.000000 2855.645996 0.000000 0.704421 0.000000 0.709782 0.408994 0.408994 0.408994
1815.166382 0.000000 2838.114258 0.000000 0.974182 0.000000 0.225762 0.645080 0.645080 0.645080
1837.072998 0.000000 2878.979248 0.000000 0.511575 0.000000 0.859239 0.423588 0.423588 0.423588
1806.065674 0.000000 2815.731201 0.000000 0.122463 0.000000 0.992473 0.234380 0.234380 0.234380
1793.214233 0.000000 2836.468506 0.000000 0.774796 0.000000 0.632211 0.524180 0.524180 0.524180
1845.504272 0.000000 2863.509521 0.000000 0.180069 0.000000 -0.983654 1.071589 1.071589 1.071589
1812.127563 0.000000 2854.509766 0.000000 0.844326 0.000000 0.535831 0.447998 0.447998 0.447998
1814.083984 0.000000 2831.333740 0.000000 0.406294 0.000000 0.913743 0.412010 0.412010 0.412010
1799.738159 0.000000 2819.615723 0.000000 0.968411 0.000000 0.249360 0.620283 0.620283 0.620283
1799.795654 0.000000 2834.889893 0.000000 0.836151 0.000000 -0.548499 0.904948 0.904948 0.904948
1844.799561 0.000000 2852.829102 0.000000 0.962673 0.000000 0.270667 0.590791 0.590791 0.590791
1845.403076 0.000000 2848.310547 0.000000 0.846815 0.000000 -0.531887 0.889158 0.889158 0.889158
1796.863403 0.000000 2818.166016 0.000000 0.328780 0.000000 -0.944407 1.043382 1.043382 1.043382
1830.145508 0.000000 2851.531006 0.000000 0.683024 0.000000 -0.730396 0.903216 0.903216 0.903216
1828.089233 0.000000 2848.884277 0.000000 0.998651 0.000000 -0.051917 0.716702 0.716702 0.716702
1796.079956 0.000000 2821.556152 0.000000 0.014749 0.000000 0.999891 0.063679 0.063679 0.063679
1841.446167 0.000000 2832.975830 0.000000 0.175228 0.000000 0.984528 0.331970 0.331970 0.331970
1813.176025 0.000000 2834.155029 0.000000 0.093944 0.000000 -0.995577 1.192910 1.192910 1.192910
1809.712280 0.000000 2856.921631 0.000000 0.741594 0.000000 -0.670849 1.027698 1.027698 1.027698
1804.524048 0.000000 2828.246338 0.000000 0.196593 0.000000 0.980485 0.210546 0.210546 0.210546
1830.321777 0.000000 2834.152344 0.000000 0.965390 0.000000 0.260811 0.623454 0.623454 0.623454
1818.545410 0.000000 2830.550781 0.000000 0.999769 0.000000 -0.021496 0.705711 0.705711 0.705711
1814.001221 0.000000 2871.628418 0.000000 0.923316 0.000000 -0.384040 0.819170 0.819170 0.819170
1839.136719 0.000000 2862.888428 0.000000 0.981125 0.000000 0.193374 0.640826 0.640826 0.640826
1791.933228 0.000000 2855.464355 0.000000 0.033660 0.000000 -0.999433 1.078763 1.078763 1.078763
1847.571655 0.000000 2870.045898 0.000000 0.839500 0.000000 -0.543359 0.848573 0.848573 0.848573
1817.267212 0.000000 2825.247559 0.000000 0.809862 0.000000 0.586620 0.452411 0.452411 0.452411
1824.712158 0.000000 2850.377197 0.000000 0.784999 0.000000 0.619497 0.527201 0.527201 0.527201
1818.352295 0.000000 2854.477295 0.000000 0.749645 0.000000 0.661840 0.463636 0.463636 0.463636
1825.795898 0.000000 2853.275146 0.000000 0.563372 0.000000 -0.826203 1.075531 1.075531 1.075531
1825.026611 0.000000 2845.292236 0.000000 0.063093 0.000000 -0.998008 1.208509 1.208509 1.208509
1825.457886 0.000000 2851.331543 0.000000 0.258219 0.000000 0.966086 0.361277 0.361277 0.361277
1830.922607 0.000000 2826.915527 0.000000 0.852894 0.000000 -0.522084 0.944783 0.944783 0.944783
1815.951050 0.000000 2872.630615 0.000000 0.995727 0.000000 0.092348 0.676081 0.676081 0.676081
1822.789429 0.000000 2870.115723 0.000000 0.870161 0.000000 -0.492767 0.834170 0.834170 0.834170
1826.785522 0.000000 2849.627441 0.000000 0.849170 0.000000 0.528120 0.459835 0.459835 0.459835
1820.545044 0.000000 2847.465332 0.000000 0.877104 0.000000 -0.480300 0.879484 0.879484 0.879484
1831.049438 0.000000 2856.030518 0.000000 0.050044 0.000000 0.998747 0.120642 0.120642 0.120642
1795.565796 0.000000 2844.400391 0.000000 0.644875 0.000000 -0.764288 1.061828 1.061828 1.061828
1843.466553 0.000000 2861.222900 0.000000 0.728577 0.000000 0.684964 0.467918 0.467918 0.467918
1794.555054 0.000000 2843.664307 0.000000 0.924698 0.000000 0.380701 0.545066 0.545066 0.545066
1813.777832 0.000000 2835.783691 0.000000 0.553322 0.000000 -0.832967 1.028598 1.028598 1.028598
1795.441162 0.000000 2845.470215 0.000000 0.850155 0.000000 -0.526532 0.930637 0.930637 0.930637
1792.919312 0.000000 2833.564941 0.000000 0.663110 0.000000 0.748522 0.383674 0.383674 0.383674
1851.251831 0.000000 2849.839355 0.000000 0.610849 0.000000 0.791747 0.302421 0.302421 0.302421
1841.892700 0.000000 2830.472168 0.000000 0.672766 0.000000 -0.739855 0.966353 0.966353 0.966353
1812.312744 0.000000 2842.073486 0.000000 0.788855 0.000000 0.614580 0.405056 0.405056 0.405056
1793.554565 0.000000 2837.951416 0.000000 0.998952 0.000000 -0.045764 0.711761 0.711761 0.711761
1821.718872 0.000000 2836.049805 0.000000 0.861967 0.000000 0.506965 0.471436 0.471436 0.471436
1811.187134 0.000000 2855.958984 0.000000 0.769024 0.000000 -0.639220 0.950868 0.950868 0.950868
1805.068726 0.000000 2831.911621 0.000000 0.449592 0.000000 -0.893234 1.057084 1.057084 1.057084
1826.944214 0.000000 2853.055908 0.000000 0.124688 0.000000 0.992196 0.136562 0.136562 0.136562
1815.778442 0.000000 2846.456055 0.000000 0.999985 0.000000 0.005466 0.697564 0.697564 0.697564
1820.156006 0.000000 2842.666260 0.000000 0.336722 0.000000 -0.941604 1.047477 1.047477 1.047477
1820.045410 0.000000 2851.159180 0.000000 0.992108 0.000000 0.125385 0.654962 0.654962 0.654962
1810.935913 0.000000 2851.086426 0.000000 0.983656 0.000000 -0.180055 0.751255 0.751255 0.751255
1818.951660 0.000000 2835.843750 0.000000 0.189963 0.000000 0.981791 0.241892 0.241892 0.241892
1795.632568 0.000000 2841.145508 0.000000 0.319306 0.000000 -0.947652 1.109302 1.109302 1.109302
1808.676025 0.000000 2859.188232 0.000000 0.000053 0.000000 1.000000 0.049434 0.049434 0.049434
1827.424316 0.000000 2839.503906 0.000000 0.999990 0.000000 -0.004455 0.701495 0.701495 0.701495
1824.531128 0.000000 2846.561768 0.000000 0.565275 0.000000 0.824903 0.372825 0.372825 0.372825
1816.920532 0.000000 2841.579590 0.000000 0.539614 0.000000 0.841913 0.348448 0.348448 0.348448
1798.672974 0.000000 2818.804443 0.000000 0.767685 0.000000 0.640828 0.479981 0.479981 0.479981
1807.473999 0.000000 2851.172119 0.000000 0.793120 0.000000 -0.609066 0.958648 0.958648 0.958648
1827.218994 0.000000 2871.979492 0.000000 0.671422 0.000000 0.741075 0.473908 0.473908 0.473908
1818.914551 0.000000 2859.611572 0.000000 0.789992 0.000000 -0.613117 0.994118 0.994118 0.994118
1823.249512 0.000000 2858.685303 0.000000 0.981925 0.000000 0.189270 0.629452 0.629452 0.629452
1822.862427 0.000000 2845.846924 0.000000 0.953417 0.000000 -0.301656 0.783004 0.783004 0.783004
1814.707520 0.000000 2854.564941 0.000000 0.999937 0.000000 0.011194 0.695011 0.695011 0.695011
1812.508545 0.000000 2836.195312 0.000000 0.868803 0.000000 -0.495158 0.887392 0.887392 0.887392
1832.032959 0.000000 2826.285400 0.000000 0.999640 0.000000 -0.026820 0.711953 0.711953 0.711953
1836.184204 0.000000 2854.545410 0.000000 0.309185 0.000000 0.951002 0.186190 0.186190 0.186190
1831.289917 0.000000 2847.472168 0.000000 0.530762 0.000000 -0.847521 1.071139 1.071139 1.071139
1842.855347 0.000000 2862.519287 0.000000 0.977094 0.000000 -0.212806 0.769331 0.769331 0.769331
1815.343384 0.000000 2842.781250 0.000000 0.997546 0.000000 -0.070016 0.731227 0.731227 0.731227
1810.007202 0.000000 2854.723145 0.000000 0.561773 0.000000 0.827291 0.347558 0.347558 0.347558
1818.002808 0.000000 2851.320068 0.000000 0.410369 0.000000 -0.911920 1.089187 1.089187 1.089187
1811.180542 0.000000 2833.662109 0.000000 0.936133 0.000000 -0.351647 0.831243 0.831243 0.831243
1795.135498 0.000000 2837.908936 0.000000 0.980844 0.000000 0.194794 0.643127 0.643127 0.643127
1806.666504 0.000000 2830.941895 0.000000 0.999915 0.000000 -0.013020 0.704960 0.704960 0.704960
1812.411499 0.000000 2849.472168 0.000000 0.085318 0.000000 -0.996354 1.361933 1.361933 1.361933
1854.222656 0.000000 2846.168945 0.000000 0.225917 0.000000 -0.974147 1.094271 1.094271 1.094271
1799.952759 0.000000 2815.573730 0.000000 0.414035 0.000000 -0.910261 1.151793 1.151793 1.151793
1792.953857 0.000000 2830.209473 0.000000 0.831225 0.000000 -0.555936 0.871010 0.871010 0.871010
1834.887695 0.000000 2867.551025 0.000000 0.760716 0.000000 0.649085 0.474094 0.474094 0.474094
1839.101807 0.000000 2878.476074 0.000000 0.863785 0.000000 0.503861 0.550501 0.550501 0.550501
1840.280273 0.000000 2878.158447 0.000000 0.033308 0.000000 -0.999445 1.202446 1.202446 1.202446
1825.965942 0.000000 2871.741943 0.000000 0.805662 0.000000 0.592376 0.461785 0.461785 0.461785
1837.559814 0.000000 2850.836426 0.000000 0.988901 0.000000 0.148572 0.640581 0.640581 0.640581
1835.062988 0.000000 2866.151855 0.000000 0.585143 0.000000 -0.810930 1.002455 1.002455 1.002455
1816.069824 0.000000 2843.508545 0.000000 0.301721 0.000000 -0.953396 1.263414 1.263414 1.263414
1822.337891 0.000000 2868.721436 0.000000 0.204107 0.000000 0.978949 0.196579 0.196579 0.196579
1848.524170 0.000000 2871.228760 0.000000 0.995836 0.000000 0.091163 0.667614 0.667614 0.667614
1818.894897 0.000000 2832.500977 0.000000 0.486647 0.000000 -0.873599 1.101089 1.101089 1.101089
1810.117798 0.000000 2852.568604 0.000000 0.839284 0.000000 -0.543694 0.950137 0.950137 0.950137
1826.883667 0.000000 2873.952393 0.000000 0.124706 0.000000 -0.992194 1.149734 1.149734 1.149734
1802.708984 0.000000 2879.271729 0.000000 0.428105 0.000000 -0.903729 1.098339 1.098339 1.098339
1833.197876 0.000000 2866.267822 0.000000 0.661832 0.000000 0.749652 0.443762 0.443762 0.443762
1795.062012 0.000000 2847.065430 0.000000 0.292531 0.000000 -0.956256 1.207594 1.207594 1.207594
1817.484741 0.000000 2830.859863 0.000000 0.341327 0.000000 0.939945 0.311181 0.311181 0.311181
1810.646973 0.000000 2859.950684 0.000000 0.887563 0.000000 0.460687 0.486644 0.486644 0.486644
1833.548096 0.000000 2825.342529 0.000000 0.841388 0.000000 0.540431 0.445565 0.445565 0.445565
1815.825684 0.000000 2841.521973 0.000000 0.732883 0.000000 0.680354 0.388786 0.388786 0.388786
1833.108765 0.000000 2834.251221 0.000000 0.357391 0.000000 -0.933955 1.072834 1.072834 1.072834
1845.090698 0.000000 2846.540039 0.000000 0.998124 0.000000 0.061217 0.681695 0.681695 0.681695
1829.474243 0.000000 2836.587402 0.000000 0.226887 0.000000 -0.973921 1.290968 1.290968 1.290968
1823.390015 0.000000 2839.504639 0.000000 0.996202 0.000000 -0.087067 0.730013 0.730013 0.730013
1824.969116 0.000000 2852.226074 0.000000 0.694510 0.000000 0.719483 0.389846 0.389846 0.389846
1855.771973 0.000000 2847.573242 0.000000 0.309666 0.000000 -0.950845 1.068741 1.068741 1.068741
1819.098877 0.000000 2850.145752 0.000000 0.286567 0.000000 0.958060 0.265987 0.265987 0.265987
1810.756836 0.000000 2870.711426 0.000000 0.105170 0.000000 0.994454 0.072564 0.072564 0.072564
1837.811646 0.000000 2857.432861 0.000000 0.102352 0.000000 0.994748 0.068785 0.068785 0.068785
1809.838013 0.000000 2833.152344 0.000000 0.034551 0.000000 -0.999403 1.312113 1.312113 1.312113
1824.056030 0.000000 2871.054443 0.000000 0.522624 0.000000 -0.852563 1.083572 1.083572 1.083572
1816.901001 0.000000 2857.577148 0.000000 0.997999 0.000000 -0.063227 0.728195 0.728195 0.728195
1819.396851 0.000000 2856.232910 0.000000 0.687882 0.000000 0.725822 0.355077 0.355077 0.355077
1825.338745 0.000000 2839.439453 0.000000 0.872282 0.000000 -0.489003 0.927695 0.927695 0.927695
1844.886597 0.000000 2850.106934 0.000000 0.112056 0.000000 -0.993702 1.163892 1.163892 1.163892
1834.051758 0.000000 2859.932373 0.000000 0.456959 0.000000 0.889488 0.211486 0.211486 0.211486
1832.187012 0.000000 2830.756592 0.000000 0.362716 0.000000 0.931900 0.215725 0.215725 0.215725
1809.245605 0.000000 2837.815186 0.000000 0.999948 0.000000 0.010242 0.696814 0.696814 0.696814
1837.534912 0.000000 2836.863770 0.000000 0.952614 0.000000 0.304181 0.595213 0.595213 0.595213
1831.358032 0.000000 2876.608398 0.000000 0.476044 0.000000 0.879421 0.299979 0.299979 0.299979
1815.689209 0.000000 2870.680664 0.000000 0.080342 0.000000 0.996767 0.249414 0.249414 0.249414
1828.195801 0.000000 2875.420898 0.000000 0.802465 0.000000 -0.596699 0.923474 0.923474 0.923474
1813.975220 0.000000 2834.752686 0.000000 0.940069 0.000000 -0.340985 0.816146 0.816146 0.816146
1839.830078 0.000000 2830.289551 0.000000 0.325720 0.000000 -0.945466 1.187192 1.187192 1.187192
1815.018188 0.000000 2851.518311 0.000000 0.126396 0.000000 0.991980 0.149851 0.149851 0.149851
1791.861450 0.000000 2839.219971 0.000000 0.323451 0.000000 0.946245 0.266102 0.266102 0.266102
1791.979858 0.000000 2838.237305 0.000000 0.567643 0.000000 0.823275 0.361963 0.361963 0.361963
1852.469360 0.000000 2848.887695 0.000000 0.758402 0.000000 0.651787 0.427051 0.427051 0.427051
1823.354980 0.000000 2837.662842 0.000000 0.887590 0.000000 -0.460634 0.913329 0.913329 0.913329
1796.686279 0.000000 2834.392334 0.000000 0.222034 0.000000 -0.975039 1.201362 1.201362 1.201362
1816.651367 0.000000 2851.243164 0.000000 0.070629 0.000000 0.997503 0.241226 0.241226 0.241226
1844.101318 0.000000 2848.350586 0.000000 0.423788 0.000000 -0.905761 1.082201 1.082201 1.082201
1830.202515 0.000000 2852.536133 0.000000 0.644272 0.000000 -0.764796 0.992160 0.992160 0.992160
1815.560547 0.000000 2840.016357 0.000000 0.485045 0.000000 0.874489 0.257297 0.257297 0.257297
1837.247437 0.000000 2860.732422 0.000000 0.680160 0.000000 -0.733064 0.966019 0.966019 0.966019
1799.780396 0.000000 2865.986328 0.000000 0.994815 0.000000 -0.101700 0.741483 0.741483 0.741483
1819.613770 0.000000 2839.186279 0.000000 0.999333 0.000000 -0.036527 0.714877 0.714877 0.714877
1817.170898 0.000000 2827.432373 0.000000 0.243483 0.000000 -0.969905 1.257980 1.257980 1.257980
1792.898682 0.000000 2840.639893 0.000000 0.793646 0.000000 -0.608380 0.942305 0.942305 0.942305
1794.687500 0.000000 2842.697510 0.000000 0.893782 0.000000 0.448502 0.515499 0.515499 0.515499
1822.778076 0.000000 2855.322510 0.000000 0.418348 0.000000 -0.908287 1.151911 1.151911 1.151911
1825.268433 0.000000 2837.175049 0.000000 0.153682 0.000000 -0.988120 1.306487 1.306487 1.306487
1817.572998 0.000000 2853.853760 0.000000 0.852407 0.000000 0.522879 0.499033 0.499033 0.499033
1806.217407 0.000000 2856.291016 0.000000 0.980982 0.000000 0.194101 0.612949 0.612949 0.612949
1817.549316 0.000000 2855.717773 0.000000 0.993273 0.000000 -0.115797 0.747865 0.747865 0.747865
1794.706665 0.000000 2840.716309 0.000000 0.546382 0.000000 -0.837536 1.026166 1.026166 1.026166
1793.632324 0.000000 2839.350830 0.000000 0.820884 0.000000 0.571095 0.486488 0.486488 0.486488
1816.994995 0.000000 2843.213867 0.000000 0.185906 0.000000 -0.982567 1.316669 1.316669 1.316669
1843.569946 0.000000 2863.860352 0.000000 0.602564 0.000000 0.798071 0.401240 0.401240 0.401240
1817.639648 0.000000 2844.904053 0.000000 0.169121 0.000000 -0.985595 1.324270 1.324270 1.324270
1809.092163 0.000000 2855.734863 0.000000 0.983023 0.000000 0.183484 0.617767 0.617767 0.617767
1804.607666 0.000000 2830.328857 0.000000 0.127665 0.000000 0.991817 0.233544 0.233544 0.233544
1809.931152 0.000000 2846.344971 0.000000 0.167087 0.000000 -0.985942 1.325189 1.325189 1.325189
1840.498169 0.000000 2831.984131 0.000000 0.990673 0.000000 0.136259 0.656287 0.656287 0.656287
1846.748413 0.000000 2875.168457 0.000000 0.380755 0.000000 -0.924676 1.110431 1.110431 1.110431
1838.277588 0.000000 2853.581543 0.000000 0.996896 0.000000 -0.078735 0.729200 0.729200 0.729200
1820.912964 0.000000 2850.500977 0.000000 0.139046 0.000000 0.990286 0.187231 0.187231 0.187231
1832.017212 0.000000 2869.219238 0.000000 0.548695 0.000000 0.836023 0.369551 0.369551 0.369551
1836.370972 0.000000 2828.979248 0.000000 0.652511 0.000000 -0.757779 1.069677 1.069677 1.069677
1850.674927 0.000000 2848.200928 0.000000 0.608075 0.000000 0.793880 0.300898 0.300898 0.300898
1806.169067 0.000000 2827.452148 0.000000 0.940089 0.000000 -0.340929 0.844094 0.844094 0.844094
1817.584351 0.000000 2842.283447 0.000000 0.135599 0.000000 0.990764 0.060614 0.060614 0.060614
1810.604614 0.000000 2841.944824 0.000000 0.608878 0.000000 -0.793264 1.092257 1.092257 1.092257
1808.261719 0.000000 2839.282959 0.000000 0.993789 0.000000 -0.111282 0.741899 0.741899 0.741899
1844.690552 0.000000 2815.756348 0.000000 0.040951 0.000000 0.999161 0.109154 0.109154 0.109154
1799.068848 0.000000 2863.055176 0.000000 0.987125 0.000000 -0.159948 0.752215 0.752215 0.752215
1798.124390 0.000000 2865.539062 0.000000 0.956180 0.000000 0.292780 0.579011 0.579011 0.579011
1823.639404 0.000000 2859.605469 0.000000 0.040554 0.000000 -0.999177 1.266932 1.266932 1.266932
1811.651001 0.000000 2832.836182 0.000000 0.094024 0.000000 0.995570 0.160667 0.160667 0.160667
1836.703979 0.000000 2836.145996 0.000000 0.998874 0.000000 0.047447 0.683908 0.683908 0.683908
1855.291138 0.000000 2866.558105 0.000000 0.631732 0.000000 0.775187 0.379124 0.379124 0.379124
1811.780640 0.000000 2877.975586 0.000000 0.597032 0.000000 0.802218 0.294877 0.294877 0.294877
1812.998291 0.000000 2838.781006 0.000000 0.034955 0.000000 -0.999389 1.252904 1.252904 1.252904
1814.149048 0.000000 2841.151367 0.000000 0.886387 0.000000 0.462946 0.499809 0.499809 0.499809
1815.425049 0.000000 2847.406006 0.000000 0.252410 0.000000 -0.967620 1.286287 1.286287 1.286287
1792.485718 0.000000 2834.597656 0.000000 0.359549 0.000000 0.933126 0.296346 0.296346 0.296346
1823.640015 0.000000 2843.252930 0.000000 0.795546 0.000000 0.605893 0.464541 0.464541 0.464541
1817.020508 0.000000 2858.723145 0.000000 0.324981 0.000000 0.945721 0.253667 0.253667 0.253667
1832.615356 0.000000 2832.318359 0.000000 0.040391 0.000000 0.999184 0.028702 0.028702 0.028702
1834.106079 0.000000 2826.855957 0.000000 0.999932 0.000000 0.011696 0.695748 0.695748 0.695748
1844.862183 0.000000 2855.306641 0.000000 0.672963 0.000000 0.739676 0.392991 0.392991 0.392991
1829.169800 0.000000 2872.014160 0.000000 0.259065 0.000000 0.965860 0.189969 0.189969 0.189969
1831.291504 0.000000 2824.891602 0.000000 0.804180 0.000000 -0.594386 0.968074 0.968074 0.968074
1818.015259 0.000000 2856.549805 0.000000 0.246942 0.000000 0.969030 0.138904 0.138904 0.138904
1816.157349 0.000000 2824.322998 0.000000 0.990980 0.000000 -0.134009 0.753087 0.753087 0.753087
1825.833618 0.000000 2870.552979 0.000000 0.840587 0.000000 0.541676 0.484921 0.484921 0.484921
1800.939575 0.000000 2867.484131 0.000000 0.997690 0.000000 -0.067929 0.724711 0.724711 0.724711
1819.417725 0.000000 2833.732422 0.000000 0.742369 0.000000 -0.669991 0.977143 0.977143 0.977143
1820.290894 0.000000 2837.301270 0.000000 0.877528 0.000000 -0.479525 0.915002 0.915002 0.915002
1829.006958 0.000000 2874.100098 0.000000 0.997969 0.000000 0.063695 0.677723 0.677723 0.677723
1808.007324 0.000000 2854.383301 0.000000 0.040733 0.000000 -0.999170 1.381843 1.381843 1.381843
1823.472900 0.000000 2866.212646 0.000000 0.739422 0.000000 -0.673242 0.954276 0.954276 0.954276
1822.734497 0.000000 2857.201172 0.000000 0.972700 0.000000 0.232067 0.612003 0.612003 0.612003
1817.473877 0.000000 2852.931641 0.000000 0.500744 0.000000 0.865595 0.317830 0.317830 0.317830
1843.561890 0.000000 2854.449951 0.000000 0.709045 0.000000 -0.705163 1.005008 1.005008 1.005008
1814.846802 0.000000 2852.505127 0.000000 0.618026 0.000000 0.786157 0.390162 0.390162 0.390162
1829.576782 0.000000 2875.950195 0.000000 0.988841 0.000000 -0.148973 0.752263 0.752263 0.752263
1835.662720 0.000000 2827.311768 0.000000 0.125643 0.000000 -0.992076 1.225189 1.225189 1.225189
1810.731323 0.000000 2856.765869 0.000000 0.999802 0.000000 -0.019923 0.708879 0.708879 0.708879
1816.628174 0.000000 2825.974121 0.000000 0.764501 0.000000 -0.644622 0.976677 0.976677 0.976677
1818.317505 0.000000 2840.407471 0.000000 0.998034 0.000000 0.062675 0.676436 0.676436 0.676436
1838.374023 0.000000 2836.457764 0.000000 0.570148 0.000000 -0.821542 1.087519 1.087519 1.087519
1837.537476 0.000000 2859.506104 0.000000 0.988006 0.000000 -0.154413 0.766650 0.766650 0.766650
1807.448730 0.000000 2826.560791 0.000000 0.794450 0.000000 -0.607329 0.970331 0.970331 0.970331
1852.958130 0.000000 2869.857910 0.000000 0.977404 0.000000 0.211380 0.620719 0.620719 0.620719
1823.134888 0.000000 2869.161865 0.000000 0.947218 0.000000 -0.320592 0.820340 0.820340 0.820340
1809.003296 0.000000 2846.515137 0.000000 0.170032 0.000000 0.985439 0.076142 0.076142 0.076142
1834.138306 0.000000 2837.388672 0.000000 0.689718 0.000000 0.724078 0.409922 0.409922 0.409922
1807.273438 0.000000 2847.334473 0.000000 0.521816 0.000000 -0.853058 1.067857 1.067857 1.067857
1832.508789 0.000000 2837.130615 0.000000 0.944372 0.000000 -0.328879 0.839969 0.839969 0.839969
1844.493286 0.000000 2854.422119 0.000000 0.999724 0.000000 0.023495 0.691336 0.691336 0.691336
1812.332642 0.000000 2853.447754 0.000000 0.977325 0.000000 -0.211742 0.783894 0.783894 0.783894
1832.702148 0.000000 2836.205811 0.000000 0.224995 0.000000 -0.974360 1.261293 1.261293 1.261293
1814.745117 0.000000 2849.185547 0.000000 0.933504 0.000000 -0.358567 0.863428 0.863428 0.863428
1828.608765 0.000000 2837.918701 0.000000 0.840378 0.000000 0.542001 0.447737 0.447737 0.447737
1835.013672 0.000000 2826.612061 0.000000 0.910369 0.000000 0.413797 0.544924 0.544924 0.544924
1815.311646 0.000000 2857.995850 0.000000 0.762596 0.000000 -0.646875 0.975383 0.975383 0.975383
1816.161621 0.000000 2848.205566 0.000000 0.989456 0.000000 0.144831 0.635993 0.635993 0.635993
1845.094116 0.000000 2853.714844 0.000000 0.991066 0.000000 -0.133372 0.753301 0.753301 0.753301
1814.346191 0.000000 2848.183105 0.000000 0.583359 0.000000 0.812215 0.277566 0.277566 0.277566
1793.895020 0.000000 2841.237061 0.000000 0.117851 0.000000 0.993031 0.161803 0.161803 0.161803
1841.189209 0.000000 2836.754639 0.000000 0.357671 0.000000 0.933848 0.224071 0.224071 0.224071
1836.236572 0.000000 2829.975342 0.000000 0.467202 0.000000 -0.884151 1.166307 1.166307 1.166307
1814.959351 0.000000 2845.878662 0.000000 0.810198 0.000000 -0.586156 0.979103 0.979103 0.979103
1812.651978 0.000000 2856.569580 0.000000 0.787730 0.000000 0.616021 0.404241 0.404241 0.404241
1846.684204 0.000000 2868.182373 0.000000 0.997176 0.000000 -0.075105 0.731136 0.731136 0.731136
1844.687988 0.000000 2864.912842 0.000000 0.198864 0.000000 0.980027 0.182629 0.182629 0.182629
1839.213257 0.000000 2836.869629 0.000000 0.684198 0.000000 0.729296 0.371494 0.371494 0.371494
1811.607422 0.000000 2859.995361 0.000000 0.605183 0.000000 0.796086 0.289660 0.289660 0.289660
1819.014404 0.000000 2838.487793 0.000000 0.993725 0.000000 0.111851 0.654360 0.654360 0.654360
1807.912231 0.000000 2850.305176 0.000000 0.031333 0.000000 -0.999509 1.308015 1.308015 1.308015
1832.630737 0.000000 2879.012207 0.000000 0.532949 0.000000 -0.846148 1.101922 1.101922 1.101922
1815.842041 0.000000 2844.409424 0.000000 0.669020 0.000000 0.743244 0.326601 0.326601 0.326601
1816.594482 0.000000 2845.148193 0.000000 0.929739 0.000000 0.368220 0.531954 0.531954 0.531954
1815.167725 0.000000 2840.932129 0.000000 0.992424 0.000000 0.122862 0.648769 0.648769 0.648769
1820.134155 0.000000 2834.949219 0.000000 0.816462 0.000000 -0.577400 0.974306 0.974306 0.974306
1816.648315 0.000000 2855.397705 0.000000 0.983670 0.000000 0.179979 0.625365 0.625365 0.625365
1812.890503 0.000000 2859.746094 0.000000 0.929662 0.000000 -0.368412 0.868138 0.868138 0.868138
1811.911499 0.000000 2847.804199 0.000000 0.784509 0.000000 -0.620117 0.998081 0.998081 0.998081
1818.187988 0.000000 2838.799805 0.000000 0.973086 0.000000 -0.230442 0.794684 0.794684 0.794684
1811.450073 0.000000 2840.450439 0.000000 0.965261 0.000000 0.261287 0.586814 0.586814 0.586814
1808.750854 0.000000 2833.607422 0.000000 0.472968 0.000000 -0.881079 1.129584 1.129584 1.129584
1842.167603 0.000000 2833.463867 0.000000 0.218297 0.000000 0.975882 0.159444 0.159444 0.159444
1810.434692 0.000000 2841.084961 0.000000 0.268278 0.000000 -0.963342 1.256259 1.256259 1.256259
1833.347168 0.000000 2832.834229 0.000000 0.861633 0.000000 -0.507532 0.933498 0.933498 0.933498
1813.668213 0.000000 2858.219238 0.000000 0.512657 0.000000 -0.858594 1.160126 1.160126 1.160126
1836.822876 0.000000 2856.193115 0.000000 0.069397 0.000000 0.997589 0.054564 0.054564 0.054564
1833.157593 0.000000 2837.713379 0.000000 0.578645 0.000000 -0.815580 1.098347 1.098347 1.098347
1840.680176 0.000000 2837.893311 0.000000 0.978978 0.000000 0.203964 0.618874 0.618874 0.618874
1795.500488 0.000000 2842.377930 0.000000 0.476782 0.000000 0.879022 0.274019 0.274019 0.274019
1823.825195 0.000000 2836.795654 0.000000 0.210101 0.000000 0.977680 0.094331 0.094331 0.094331
1799.619507 0.000000 2864.699219 0.000000 0.992362 0.000000 -0.123359 0.750358 0.750358 0.750358
1810.004883 0.000000 2875.585205 0.000000 0.602189 0.000000 0.798354 0.318685 0.318685 0.318685
1817.031128 0.000000 2848.181152 0.000000 0.520098 0.000000 -0.854106 1.150886 1.150886 1.150886
1817.824219 0.000000 2844.056396 0.000000 0.665072 0.000000 0.746779 0.324239 0.324239 0.324239
1810.476318 0.000000 2847.317871 0.000000 0.427784 0.000000 0.903881 0.196988 0.196988 0.196988
1813.159546 0.000000 2843.820557 0.000000 0.801259 0.000000 -0.598317 0.985829 0.985829 0.985829
1847.684692 0.000000 2868.102539 0.000000 0.428012 0.000000 0.903773 0.232599 0.232599 0.232599
1814.033691 0.000000 2842.034668 0.000000 0.417036 0.000000 0.908890 0.191704 0.191704 0.191704
1812.918823 0.000000 2854.978516 0.000000 0.951867 0.000000 0.306510 0.561174 0.561174 0.561174
1848.178833 0.000000 2873.485596 0.000000 0.982072 0.000000 0.188505 0.623113 0.623113 0.623113
1846.541504 0.000000 2869.329834 0.000000 0.669875 0.000000 -0.742474 1.046565 1.046565 1.046565
1811.793945 0.000000 2852.776123 0.000000 0.927189 0.000000 0.374594 0.532921 0.532921 0.532921
1811.733643 0.000000 2846.386719 0.000000 0.509867 0.000000 0.860253 0.238428 0.238428 0.238428
1831.353760 0.000000 2827.874023 0.000000 0.993240 0.000000 0.116083 0.648152 0.648152 0.648152
1813.127563 0.000000 2846.940674 0.000000 0.997056 0.000000 -0.076681 0.734205 0.734205 0.734205
1812.568237 0.000000 2846.234375 0.000000 0.495137 0.000000 0.868815 0.230835 0.230835 0.230835
1820.418457 0.000000 2858.511230 0.000000 0.987528 0.000000 0.157444 0.629544 0.629544 0.629544
1813.258179 0.000000 2842.430908 0.000000 0.170160 0.000000 -0.985416 1.323800 1.323800 1.323800
1808.784546 0.000000 2857.583984 0.000000 0.653013 0.000000 0.757347 0.317094 0.317094 0.317094
1822.070312 0.000000 2836.846191 0.000000 0.112551 0.000000 0.993646 0.050263 0.050263 0.050263
1808.030640 0.000000 2856.100098 0.000000 0.410695 0.000000 0.911773 0.188600 0.188600 0.188600
1837.465942 0.000000 2828.766357 0.000000 0.999689 0.000000 0.024935 0.689279 0.689279 0.689279
1826.149536 0.000000 2849.109131 0.000000 0.971358 0.000000 -0.237622 0.803561 0.803561 0.803561
1813.549194 0.000000 2845.289795 0.000000 0.702852 0.000000 0.711337 0.347326 0.347326 0.347326
1809.310059 0.000000 2853.503662 0.000000 0.922819 0.000000 0.385233 0.523769 0.523769 0.523769
1808.060547 0.000000 2847.819336 0.000000 0.979970 0.000000 -0.199145 0.789343 0.789343 0.789343
1808.257812 0.000000 2846.098633 0.000000 0.246873 0.000000 0.969048 0.111164 0.111164 0.111164
1812.821533 0.000000 2847.694336 0.000000 0.332298 0.000000 -0.943174 1.249046 1.249046 1.249046
1811.697754 0.000000 2876.475830 0.000000 0.588091 0.000000 0.808795 0.290047 0.290047 0.290047
1821.690063 0.000000 2859.495117 0.000000 0.126831 0.000000 0.991924 0.056673 0.056673 0.056673
1813.961792 0.000000 2846.833496 0.000000 0.178027 0.000000 -0.984026 1.320240 1.320240 1.320240
1824.632812 0.000000 2839.963623 0.000000 0.356134 0.000000 -0.934435 1.237732 1.237732 1.237732
1820.787109 0.000000 2859.382324 0.000000 0.527230 0.000000 0.849723 0.247477 0.247477 0.247477
1876.739502 0.000000 2874.358887 0.000000 0.082503 0.000000 -0.996591 0.770220 0.770220 0.770220
1878.746948 0.000000 2846.744385 0.000000 0.636278 0.000000 -0.771460 0.827808 0.827808 0.827808
1884.140503 0.000000 2822.977295 0.000000 0.048144 0.000000 0.998840 0.226355 0.226355 0.226355
1867.155151 0.000000 2816.099365 0.000000 0.958916 0.000000 0.283689 0.652749 0.652749 0.652749
1896.095093 0.000000 2877.253174 0.000000 0.689082 0.000000 0.724683 0.483268 0.483268 0.483268
1863.940430 0.000000 2844.636963 0.000000 0.282660 0.000000 -0.959220 1.074798 1.074798 1.074798
1872.214355 0.000000 2860.670654 0.000000 0.001802 0.000000 -0.999998 0.826130 0.826130 0.826130
1898.758667 0.000000 2823.259033 0.000000 0.902162 0.000000 -0.431398 0.701559 0.701559 0.701559
1889.562744 0.000000 2836.224365 0.000000 0.783801 0.000000 0.621013 0.619205 0.619205 0.619205
1893.121460 0.000000 2848.442871 0.000000 0.139473 0.000000 -0.990226 1.095088 1.095088 1.095088
1856.145996 0.000000 2818.605713 0.000000 0.398296 0.000000 -0.917257 0.937415 0.937415 0.937415
1882.743164 0.000000 2857.117920 0.000000 0.531987 0.000000 0.846752 0.412338 0.412338 0.412338
1887.088135 0.000000 2871.246338 0.000000 0.031613 0.000000 0.999500 0.525160 0.525160 0.525160
1901.416870 0.000000 2867.767822 0.000000 0.960520 0.000000 0.278212 0.592591 0.592591 0.592591
1891.269287 0.000000 2815.875000 0.000000 0.468887 0.000000 -0.883258 1.089798 1.089798 1.089798
1865.448730 0.000000 2825.557861 0.000000 0.360868 0.000000 -0.932617 0.853292 0.853292 0.853292
1867.145996 0.000000 2853.120605 0.000000 0.706313 0.000000 -0.707900 0.704123 0.704123 0.704123
1856.004028 0.000000 2840.191162 0.000000 0.699408 0.000000 0.714723 0.662430 0.662430 0.662430
1856.487427 0.000000 2849.478271 0.000000 0.492024 0.000000 0.870582 0.351084 0.351084 0.351084
1880.788818 0.000000 2837.644775 0.000000 0.389171 0.000000 0.921166 0.366415 0.366415 0.366415
1879.444336 0.000000 2865.728027 0.000000 0.955029 0.000000 -0.296513 0.729987 0.729987 0.729987
1901.662720 0.000000 2858.613037 0.000000 0.716857 0.000000 0.697220 0.673034 0.673034 0.673034
1875.412354 0.000000 2824.336182 0.000000 0.651180 0.000000 0.758924 0.686448 0.686448 0.686448
1905.532227 0.000000 2828.794189 0.000000 0.820400 0.000000 -0.571790 0.714892 0.714892 0.714892
1897.315063 0.000000 2831.724609 0.000000 0.662545 0.000000 -0.749022 0.859784 0.859784 0.859784
1901.911255 0.000000 2845.598877 0.000000 0.016810 0.000000 -0.999859 0.849365 0.849365 0.849365
1871.979370 0.000000 2841.900146 0.000000 0.381981 0.000000 -0.924170 0.846271 0.846271 0.846271
1856.274414 0.000000 2866.429199 0.000000 0.647409 0.000000 0.762143 0.466769 0.466769 0.466769
1869.201172 0.000000 2871.760498 0.000000 0.877266 0.000000 0.480004 0.687751 0.687751 0.687751
1886.707275 0.000000 2843.571777 0.000000 0.852131 0.000000 -0.523329 0.796249 0.796249 0.796249
1891.296143 0.000000 2826.457275 0.000000 0.033250 0.000000 0.999447 0.522659 0.522659 0.522659
1895.701294 0.000000 2840.896240 0.000000 0.139322 0.000000 -0.990247 1.005101 1.005101 1.005101
1884.546021 0.000000 2830.623291 0.000000 0.449175 0.000000 0.893444 0.253939 0.253939 0.253939
1903.323486 0.000000 2816.740723 0.000000 0.127245 0.000000 0.991871 0.056859 0.056859 0.056859
1884.277710 0.000000 2878.285889 0.000000 0.019062 0.000000 0.999818 0.214591 0.214591 0.214591
1886.489258 0.000000 2851.121338 0.000000 0.936593 0.000000 0.350418 0.633054 0.633054 0.633054
1886.472290 0.000000 2863.979736 0.000000 0.959697 0.000000 -0.281035 0.814503 0.814503 0.814503
1895.620728 0.000000 2854.751709 0.000000 0.770165 0.000000 -0.637845 0.708462 0.708462 0.708462
1894.725464 0.000000 2867.700928 0.000000 0.889291 0.000000 -0.457341 0.855230 0.855230 0.855230
1864.030396 0.000000 2858.804932 0.000000 0.977065 0.000000 0.212940 0.624250 0.624250 0.624250
1900.989258 0.000000 2851.702148 0.000000 0.343326 0.000000 -0.939216 0.746918 0.746918 0.746918
1885.278076 0.000000 2817.036133 0.000000 0.841804 0.000000 -0.539783 0.942134 0.942134 0.942134
1862.561890 0.000000 2820.000000 0.000000 0.966238 0.000000 0.257651 0.681328 0.681328 0.681328
1906.949219 0.000000 2869.877930 0.000000 0.913972 0.000000 0.405778 0.652537 0.652537 0.652537
1872.366333 0.000000 2819.067139 0.000000 0.848119 0.000000 -0.529806 0.754645 0.754645 0.754645
1873.854858 0.000000 2867.756592 0.000000 0.715286 0.000000 -0.698832 0.760850 0.760850 0.760850
1897.208374 0.000000 2817.383789 0.000000 0.756698 0.000000 -0.653764 0.749810 0.749810 0.749810
1861.026245 0.000000 2853.344727 0.000000 0.861258 0.000000 -0.508168 0.840666 0.840666 0.840666
1866.135254 0.000000 2877.010498 0.000000 0.798049 0.000000 -0.602593 0.917007 0.917007 0.917007
1900.720215 0.000000 2873.534180 0.000000 0.999721 0.000000 0.023613 0.696203 0.696203 0.696203
1890.024414 0.000000 2876.465576 0.000000 0.262821 0.000000 -0.964845 0.718243 0.718243 0.718243
1872.146240 0.000000 2877.453857 0.000000 0.195764 0.000000 -0.980651 0.997694 0.997694 0.997694
1881.478027 0.000000 2871.104248 0.000000 0.974024 0.000000 -0.226444 0.710778 0.710778 0.710778
1877.838257 0.000000 2859.935303 0.000000 0.374615 0.000000 -0.927180 1.098219 1.098219 1.098219
1898.382202 0.000000 2863.147217 0.000000 0.716730 0.000000 0.697351 0.640662 0.640662 0.640662
1893.200562 0.000000 2821.056641 0.000000 0.829823 0.000000 0.558027 0.690689 0.690689 0.690689
1879.255005 0.000000 2820.615479 0.000000 0.788820 0.000000 0.614624 0.579699 0.579699 0.579699
1861.351196 0.000000 2879.250244 0.000000 0.137864 0.000000 0.990451 0.579837 0.579837 0.579837
1877.276001 0.000000 2841.576660 0.000000 0.879109 0.000000 0.476621 0.554140 0.554140 0.554140
1881.180664 0.000000 2852.043213 0.000000 0.480123 0.000000 -0.877201 0.885122 0.885122 0.885122
1861.134521 0.000000 2839.638916 0.000000 0.991439 0.000000 0.130574 0.646909 0.646909 0.646909
1870.512939 0.000000 2826.477539 0.000000 0.429060 0.000000 0.903276 0.656657 0.656657 0.656657
1866.945190 0.000000 2840.383545 0.000000 0.336815 0.000000 -0.941571 0.854422 0.854422 0.854422
1898.980835 0.000000 2837.092285 0.000000 0.275642 0.000000 -0.961260 0.839938 0.839938 0.839938
1858.536011 0.000000 2844.854736 0.000000 0.893933 0.000000 -0.448201 0.894926 0.894926 0.894926
1903.626587 0.000000 2824.186768 0.000000 0.885956 0.000000 -0.463770 0.767421 0.767421 0.767421
1860.031006 0.000000 2862.673584 0.000000 0.986455 0.000000 -0.164034 0.702304 0.702304 0.702304
1892.062500 0.000000 2831.862549 0.000000 0.205598 0.000000 -0.978637 0.966920 0.966920 0.966920
1902.346436 0.000000 2832.643311 0.000000 0.999786 0.000000 0.020695 0.699457 0.699457 0.699457
1900.407104 0.000000 2827.970947 0.000000 0.870085 0.000000 -0.492902 0.787372 0.787372 0.787372
1863.940063 0.000000 2849.495850 0.000000 0.911419 0.000000 0.411480 0.604397 0.604397 0.604397
1904.016113 0.000000 2863.511475 0.000000 0.984940 0.000000 -0.172897 0.713362 0.713362 0.713362
1867.876831 0.000000 2820.918701 0.000000 0.345204 0.000000 0.938528 0.682967 0.682967 0.682967
1881.962891 0.000000 2843.151855 0.000000 0.999845 0.000000 -0.017632 0.705732 0.705732 0.705732
1885.343506 0.000000 2838.945801 0.000000 0.146855 0.000000 -0.989158 1.234818 1.234818 1.234818
1896.932251 0.000000 2845.467285 0.000000 0.404016 0.000000 -0.914752 1.214660 1.214660 1.214660
1888.468628 0.000000 2821.357666 0.000000 0.993044 0.000000 -0.117743 0.723099 0.723099 0.723099
1894.260010 0.000000 2835.986084 0.000000 0.935698 0.000000 0.352801 0.657782 0.657782 0.657782
1883.342163 0.000000 2847.562744 0.000000 0.813596 0.000000 -0.581430 0.775905 0.775905 0.775905
1880.062744 0.000000 2825.236084 0.000000 0.487012 0.000000 0.873396 0.612760 0.612760 0.612760
1890.206787 0.000000 2867.307373 0.000000 0.475164 0.000000 -0.879897 0.934973 0.934973 0.934973
1857.073486 0.000000 2871.858398 0.000000 0.286116 0.000000 0.958195 0.628384 0.628384 0.628384
1882.026611 0.000000 2861.697998 0.000000 0.399967 0.000000 -0.916530 1.174084 1.174084 1.174084
1868.379517 0.000000 2844.946289 0.000000 0.221522 0.000000 -0.975155 0.937828 0.937828 0.937828
1901.194336 0.000000 2841.182617 0.000000 0.419924 0.000000 -0.907559 0.769572 0.769572 0.769572
1886.499878 0.000000 2859.506592 0.000000 0.774383 0.000000 -0.632717 0.783804 0.783804 0.783804
1886.850708 0.000000 2826.724854 0.000000 0.843886 0.000000 -0.536523 0.901894 0.901894 0.901894
1875.547119 0.000000 2863.650391 0.000000 0.138882 0.000000 0.990309 0.342271 0.342271 0.342271
1881.058838 0.000000 2833.264893 0.000000 0.867471 0.000000 0.497488 0.650862 0.650862 0.650862
1867.831909 0.000000 2860.966553 0.000000 0.459623 0.000000 -0.888114 0.885319 0.885319 0.885319
1884.441895 0.000000 2867.722168 0.000000 0.436127 0.000000 -0.899885 1.077591 1.077591 1.077591
1888.859863 0.000000 2847.571777 0.000000 0.433451 0.000000 -0.901177 0.764734 0.764734 0.764734
1885.399292 0.000000 2834.726562 0.000000 0.413408 0.000000 -0.910546 1.200072 1.200072 1.200072
1891.787231 0.000000 2852.453125 0.000000 0.819401 0.000000 -0.573221 0.751205 0.751205 0.751205
1859.942383 0.000000 2816.566162 0.000000 0.139711 0.000000 0.990192 0.379982 0.379982 0.379982
1897.187378 0.000000 2849.745605 0.000000 0.067004 0.000000 0.997753 0.037765 0.037765 0.037765
1908.282471 0.000000 2865.858154 0.000000 0.530498 0.000000 0.847686 0.675250 0.675250 0.675250
1897.466675 0.000000 2870.872559 0.000000 0.012380 0.000000 -0.999923 0.841620 0.841620 0.841620
1900.314453 0.000000 2878.077881 0.000000 0.289222 0.000000 -0.957262 0.755808 0.755808 0.755808
1878.782471 0.000000 2855.851807 0.000000 0.998998 0.000000 -0.044757 0.701017 0.701017 0.701017
1901.297119 0.000000 2820.238525 0.000000 0.264819 0.000000 0.964298 0.511032 0.511032 0.511032
1881.231689 0.000000 2816.975098 0.000000 0.822955 0.000000 0.568107 0.571181 0.571181 0.571181
1873.150146 0.000000 2872.628662 0.000000 0.831553 0.000000 0.555445 0.520928 0.520928 0.520928
1888.435913 0.000000 2830.716064 0.000000 0.324907 0.000000 0.945746 0.411816 0.411816 0.411816
1878.256836 0.000000 2878.020020 0.000000 0.592316 0.000000 -0.805706 1.091303 1.091303 1.091303
1899.575317 0.000000 2855.391113 0.000000 0.757869 0.000000 -0.652407 0.729810 0.729810 0.729810
1884.483765 0.000000 2874.009277 0.000000 0.983327 0.000000 -0.181847 0.723329 0.723329 0.723329
1874.525879 0.000000 2857.671143 0.000000 0.595722 0.000000 0.803191 0.657624 0.657624 0.657624
1860.190186 0.000000 2848.329590 0.000000 0.996654 0.000000 -0.081733 0.724881 0.724881 0.724881
1871.815430 0.000000 2822.868408 0.000000 0.132940 0.000000 0.991124 0.139805 0.139805 0.139805
1867.373901 0.000000 2856.893311 0.000000 0.715554 0.000000 0.698557 0.558088 0.558088 0.558088
1885.869141 0.000000 2854.885010 0.000000 0.853445 0.000000 0.521184 0.545747 0.545747 0.545747
1859.054321 0.000000 2821.183838 0.000000 0.997982 0.000000 -0.063491 0.708438 0.708438 0.708438
1905.202271 0.000000 2859.818115 0.000000 0.964546 0.000000 0.263916 0.688798 0.688798 0.688798
1903.405151 0.000000 2870.848877 0.000000 0.244975 0.000000 -0.969529 0.774003 0.774003 0.774003
1883.102173 0.000000 2827.205078 0.000000 0.738907 0.000000 0.673808 0.521694 0.521694 0.521694
1861.042114 0.000000 2856.986816 0.000000 0.899861 0.000000 -0.436176 0.750481 0.750481 0.750481
1889.518555 0.000000 2862.265625 0.000000 0.183520 0.000000 0.983016 0.578872 0.578872 0.578872
1864.211060 0.000000 2855.238037 0.000000 0.557798 0.000000 0.829977 0.522056 0.522056 0.522056
1876.137207 0.000000 2818.943115 0.000000 0.945993 0.000000 0.324188 0.565566 0.565566 0.565566
1869.394775 0.000000 2875.332520 0.000000 0.494100 0.000000 0.869405 0.519489 0.519489 0.519489
1895.003662 0.000000 2864.010498 0.000000 0.995087 0.000000 -0.099001 0.724435 0.724435 0.724435
1863.857422 0.000000 2816.650391 0.000000 0.941045 0.000000 0.338282 0.584813 0.584813 0.584813
1864.679321 0.000000 2873.959229 0.000000 0.984718 0.000000 0.174157 0.692964 0.692964 0.692964
1898.130615 0.000000 2866.837158 0.000000 0.846442 0.000000 0.532481 0.557709 0.557709 0.557709
1905.048706 0.000000 2866.869141 0.000000 0.421689 0.000000 -0.906741 1.021467 1.021467 1.021467
1900.089355 0.000000 2815.465332 0.000000 0.865073 0.000000 -0.501646 0.891018 0.891018 0.891018
1861.661255 0.000000 2823.207764 0.000000 0.849031 0.000000 -0.528344 0.732102 0.732102 0.732102
1882.799561 0.000000 2819.859619 0.000000 0.560556 0.000000 -0.828116 0.981356 0.981356 0.981356
1893.947510 0.000000 2817.826416 0.000000 0.712158 0.000000 -0.702019 0.928483 0.928483 0.928483
1863.356445 0.000000 2861.960938 0.000000 0.991455 0.000000 -0.130449 0.738180 0.738180 0.738180
1887.976929 0.000000 2879.061768 0.000000 0.577725 0.000000 0.816232 0.606553 0.606553 0.606553
1904.830322 0.000000 2821.064453 0.000000 0.888041 0.000000 0.459765 0.673284 0.673284 0.673284
1882.719360 0.000000 2864.813721 0.000000 0.988222 0.000000 0.153030 0.673957 0.673957 0.673957
1897.015503 0.000000 2874.244873 0.000000 0.803342 0.000000 0.595519 0.535009 0.535009 0.535009
1856.305298 0.000000 2815.462402 0.000000 0.089406 0.000000 -0.995995 1.264325 1.264325 1.264325
1890.754028 0.000000 2819.018311 0.000000 0.562793 0.000000 -0.826598 1.009484 1.009484 1.009484
1900.138184 0.000000 2848.384766 0.000000 0.597782 0.000000 -0.801659 0.755262 0.755262 0.755262
1889.781860 0.000000 2844.479492 0.000000 0.993954 0.000000 -0.109799 0.704230 0.704230 0.704230
1858.738037 0.000000 2841.730469 0.000000 0.897958 0.000000 0.440081 0.592492 0.592492 0.592492
1863.026489 0.000000 2876.609131 0.000000 0.164726 0.000000 -0.986339 0.803148 0.803148 0.803148
1899.482788 0.000000 2833.989502 0.000000 0.898657 0.000000 -0.438651 0.895219 0.895219 0.895219
1871.232300 0.000000 2869.431152 0.000000 0.877389 0.000000 0.479780 0.681636 0.681636 0.681636
1855.848267 0.000000 2846.387939 0.000000 0.177716 0.000000 -0.984082 1.108722 1.108722 1.108722
1893.362915 0.000000 2829.044922 0.000000 0.967835 0.000000 -0.251586 0.709778 0.709778 0.709778
1863.775757 0.000000 2841.434326 0.000000 0.020033 0.000000 -0.999799 1.228467 1.228467 1.228467
1891.925415 0.000000 2864.286865 0.000000 0.202827 0.000000 0.979215 0.599697 0.599697 0.599697
1901.160522 0.000000 2861.706543 0.000000 0.142443 0.000000 0.989803 0.505365 0.505365 0.505365
1875.246460 0.000000 2877.158203 0.000000 0.542758 0.000000 -0.839889 0.813261 0.813261 0.813261
1886.633911 0.000000 2876.282227 0.000000 0.369070 0.000000 -0.929402 0.839661 0.839661 0.839661
1868.259277 0.000000 2824.179932 0.000000 0.051167 0.000000 -0.998690 1.215194 1.215194 1.215194
1858.235840 0.000000 2852.009521 0.000000 0.971662 0.000000 -0.236376 0.714179 0.714179 0.714179
1901.068604 0.000000 2864.750977 0.000000 0.092886 0.000000 0.995677 0.165414 0.165414 0.165414
1888.349121 0.000000 2817.117920 0.000000 0.999876 0.000000 0.015738 0.696397 0.696397 0.696397
1898.350830 0.000000 2842.748779 0.000000 0.180307 0.000000 -0.983610 1.319207 1.319207 1.319207
1878.761353 0.000000 2835.350098 0.000000 0.541026 0.000000 0.841006 0.356022 0.356022 0.356022
1880.292847 0.000000 2840.626465 0.000000 0.008513 0.000000 0.999964 0.082970 0.082970 0.082970
1872.784668 0.000000 2864.895020 0.000000 0.902533 0.000000 -0.430620 0.824478 0.824478 0.824478
1869.801270 0.000000 2858.693848 0.000000 0.997498 0.000000 -0.070691 0.730910 0.730910 0.730910
1858.581665 0.000000 2855.254639 0.000000 0.467652 0.000000 0.883913 0.641265 0.641265 0.641265
1888.718506 0.000000 2853.230225 0.000000 0.788575 0.000000 0.614939 0.616664 0.616664 0.616664
1861.219727 0.000000 2843.417480 0.000000 0.862916 0.000000 -0.505348 0.842580 0.842580 0.842580
1861.828979 0.000000 2836.752930 0.000000 0.862932 0.000000 -0.505320 0.799059 0.799059 0.799059
1867.652588 0.000000 2827.596924 0.000000 0.735828 0.000000 -0.677168 0.967808 0.967808 0.967808
1878.855957 0.000000 2862.786133 0.000000 0.265065 0.000000 -0.964231 1.152978 1.152978 1.152978
1898.190918 0.000000 2852.646484 0.000000 0.838622 0.000000 0.544714 0.597317 0.597317 0.597317
1874.514038 0.000000 2821.355469 0.000000 0.112993 0.000000 -0.993596 1.166140 1.166140 1.166140
1887.292603 0.000000 2868.277100 0.000000 0.494949 0.000000 -0.868922 0.939231 0.939231 0.939231
1865.435303 0.000000 2819.292969 0.000000 0.198849 0.000000 -0.980030 0.786229 0.786229 0.786229
1880.603271 0.000000 2848.983643 0.000000 0.996794 0.000000 0.080006 0.671727 0.671727 0.671727
1879.088013 0.000000 2843.847412 0.000000 0.984850 0.000000 0.173407 0.652790 0.652790 0.652790
1874.610718 0.000000 2840.203369 0.000000 0.959785 0.000000 0.280738 0.682595 0.682595 0.682595
1895.203979 0.000000 2851.869385 0.000000 0.413157 0.000000 -0.910660 1.034129 1.034129 1.034129
1878.018799 0.000000 2838.514160 0.000000 0.959799 0.000000 0.280688 0.645307 0.645307 0.645307
1881.577393 0.000000 2829.846191 0.000000 0.476875 0.000000 -0.878971 0.756291 0.756291 0.756291
1884.067383 0.000000 2852.643799 0.000000 0.964933 0.000000 0.262496 0.624804 0.624804 0.624804
1871.744751 0.000000 2845.442139 0.000000 0.894021 0.000000 -0.448024 0.784432 0.784432 0.784432
1864.381104 0.000000 2838.620850 0.000000 0.009240 0.000000 -0.999957 0.806429 0.806429 0.806429
1864.914551 0.000000 2828.404541 0.000000 0.404396 0.000000 -0.914584 0.750439 0.750439 0.750439
1900.400391 0.000000 2870.580566 0.000000 0.758541 0.000000 0.651625 0.523877 0.523877 0.523877
1885.917847 0.000000 2819.966553 0.000000 0.756583 0.000000 -0.653897 0.819572 0.819572 0.819572
1886.166260 0.000000 2846.633057 0.000000 0.272729 0.000000 0.962091 0.408155 0.408155 0.408155
1863.787720 0.000000 2852.405762 0.000000 0.940625 0.000000 0.339449 0.590451 0.590451 0.590451
1889.821045 0.000000 2850.331055 0.000000 0.534458 0.000000 0.845195 0.304069 0.304069 0.304069
1903.243652 0.000000 2827.087402 0.000000 0.132679 0.000000 -0.991159 1.310548 1.310548 1.310548
1880.158447 0.000000 2858.321777 0.000000 0.857010 0.000000 0.515299 0.475782 0.475782 0.475782
1875.007446 0.000000 2860.876953 0.000000 0.243733 0.000000 -0.969842 1.026390 1.026390 1.026390
1884.481079 0.000000 2841.613525 0.000000 0.089928 0.000000 0.995948 0.200568 0.200568 0.200568
1860.458008 0.000000 2859.833496 0.000000 0.999974 0.000000 0.007159 0.699387 0.699387 0.699387
1887.274902 0.000000 2823.904541 0.000000 0.581665 0.000000 0.813428 0.497450 0.497450 0.497450
1896.249390 0.000000 2837.993896 0.000000 0.985323 0.000000 0.170700 0.693105 0.693105 0.693105
1901.619629 0.000000 2835.871094 0.000000 0.030299 0.000000 -0.999541 1.087668 1.087668 1.087668
1857.407837 0.000000 2869.032227 0.000000 0.654017 0.000000 -0.756480 0.899404 0.899404 0.899404
1889.656738 0.000000 2833.347168 0.000000 0.613783 0.000000 0.789475 0.580734 0.580734 0.580734
1894.745483 0.000000 2833.161377 0.000000 0.209365 0.000000 0.977838 0.181925 0.181925 0.181925
1898.680420 0.000000 2839.929443 0.000000 0.279506 0.000000 0.960144 0.596498 0.596498 0.596498
1869.473022 0.000000 2878.176514 0.000000 0.986333 0.000000 -0.164766 0.724009 0.724009 0.724009
1866.290771 0.000000 2843.149170 0.000000 0.950425 0.000000 0.310955 0.576222 0.576222 0.576222
1896.950928 0.000000 2835.254639 0.000000 0.119497 0.000000 0.992835 0.377958 0.377958 0.377958
1883.504028 0.000000 2836.731689 0.000000 0.059591 0.000000 -0.998223 1.373429 1.373429 1.373429
1881.299438 0.000000 2854.793701 0.000000 0.800034 0.000000 0.599955 0.616789 0.616789 0.616789
1900.012817 0.000000 2830.847656 0.000000 0.938767 0.000000 0.344553 0.582586 0.582586 0.582586
1858.382568 0.000000 2838.613281 0.000000 0.411608 0.000000 0.911361 0.489607 0.489607 0.489607
1902.862671 0.000000 2829.947266 0.000000 0.878922 0.000000 0.476965 0.621799 0.621799 0.621799
1875.898071 0.000000 2871.778320 0.000000 0.997645 0.000000 0.068582 0.690284 0.690284 0.690284
1884.120117 0.000000 2844.841309 0.000000 0.967924 0.000000 0.251242 0.608573 0.608573 0.608573
1881.284180 0.000000 2845.781494 0.000000 0.052692 0.000000 0.998611 0.286136 0.286136 0.286136
1861.518677 0.000000 2850.693115 0.000000 0.854249 0.000000 0.519865 0.559557 0.559557 0.559557
1895.203613 0.000000 2815.366455 0.000000 0.884198 0.000000 0.467111 0.527579 0.527579 0.527579
1868.952637 0.000000 2842.378418 0.000000 0.351801 0.000000 -0.936075 1.203811 1.203811 1.203811
1882.724243 0.000000 2839.559326 0.000000 0.999869 0.000000 0.016209 0.692776 0.692776 0.692776
1861.702881 0.000000 2846.049561 0.000000 0.310225 0.000000 0.950663 0.171280 0.171280 0.171280
1884.048340 0.000000 2870.332764 0.000000 0.747617 0.000000 0.664130 0.441058 0.441058 0.441058
1865.572998 0.000000 2846.726562 0.000000 0.970292 0.000000 0.241935 0.688043 0.688043 0.688043
1870.061768 0.000000 2862.354248 0.000000 0.997303 0.000000 0.073393 0.696149 0.696149 0.696149
1873.105225 0.000000 2825.602051 0.000000 0.984691 0.000000 0.174311 0.686222 0.686222 0.686222
1857.739380 0.000000 2864.210205 0.000000 0.193385 0.000000 0.981123 0.589370 0.589370 0.589370
1891.925171 0.000000 2834.670166 0.000000 0.202779 0.000000 0.979225 0.616411 0.616411 0.616411
1890.591187 0.000000 2829.309814 0.000000 0.147986 0.000000 0.988989 0.424107 0.424107 0.424107
1884.949951 0.000000 2861.615967 0.000000 0.058491 0.000000 -0.998288 1.342206 1.342206 1.342206
1899.084595 0.000000 2875.800049 0.000000 0.879956 0.000000 0.475055 0.552068 0.552068 0.552068
1881.585693 0.000000 2878.412598 0.000000 0.765327 0.000000 -0.643642 0.930957 0.930957 0.930957
1884.083374 0.000000 2850.028564 0.000000 0.752290 0.000000 0.658832 0.502655 0.502655 0.502655
1899.716064 0.000000 2818.022705 0.000000 0.741608 0.000000 0.670833 0.651168 0.651168 0.651168
1898.036255 0.000000 2829.032227 0.000000 0.645846 0.000000 -0.763468 0.781976 0.781976 0.781976
1878.833984 0.000000 2818.027588 0.000000 0.310638 0.000000 -0.950528 1.208799 1.208799 1.208799
1891.313599 0.000000 2846.556152 0.000000 0.389576 0.000000 -0.920995 0.771602 0.771602 0.771602
1886.496582 0.000000 2832.458008 0.000000 0.803475 0.000000 0.595338 0.416940 0.416940 0.416940
1886.890625 0.000000 2836.774658 0.000000 0.268176 0.000000 -0.963370 1.210892 1.210892 1.210892
1871.989380 0.000000 2874.941162 0.000000 0.212347 0.000000 -0.977194 0.984539 0.984539 0.984539
1870.321411 0.000000 2820.573975 0.000000 0.891223 0.000000 -0.453565 0.760057 0.760057 0.760057
1858.740234 0.000000 2866.549316 0.000000 0.999994 0.000000 -0.003500 0.700257 0.700257 0.700257
1894.570435 0.000000 2846.387451 0.000000 0.423221 0.000000 0.906026 0.511766 0.511766 0.511766
1895.341797 0.000000 2843.373291 0.000000 0.982556 0.000000 0.185968 0.658811 0.658811 0.658811
1883.950317 0.000000 2859.313721 0.000000 0.666936 0.000000 -0.745115 0.876305 0.876305 0.876305
1899.370361 0.000000 2845.960449 0.000000 0.107087 0.000000 0.994250 0.047813 0.047813 0.047813
1884.741455 0.000000 2825.416016 0.000000 0.421695 0.000000 0.906738 0.217803 0.217803 0.217803
1883.169922 0.000000 2815.433350 0.000000 0.324398 0.000000 0.945921 0.604619 0.604619 0.604619
1901.673218 0.000000 2875.819336 0.000000 0.435574 0.000000 -0.900153 0.792003 0.792003 0.792003
1886.485107 0.000000 2829.133789 0.000000 0.803002 0.000000 0.595976 0.415471 0.415471 0.415471
1878.896240 0.000000 2832.101074 0.000000 0.897621 0.000000 0.440769 0.635387 0.635387 0.635387
1860.306519 0.000000 2819.095703 0.000000 0.300995 0.000000 0.953626 0.293213 0.293213 0.293213
1876.957275 0.000000 2857.668701 0.000000 0.994794 0.000000 0.101903 0.690010 0.690010 0.690010
1889.331543 0.000000 2825.122803 0.000000 0.993995 0.000000 0.109428 0.686203 0.686203 0.686203
1892.527344 0.000000 2866.704346 0.000000 0.983268 0.000000 0.182163 0.624129 0.624129 0.624129
1885.289062 0.000000 2857.235107 0.000000 0.487205 0.000000 -0.873287 1.030328 1.030328 1.030328
1909.956787 0.000000 2867.659180 0.000000 0.366996 0.000000 0.930222 0.570520 0.570520 0.570520
1873.719116 0.000000 2870.261719 0.000000 0.778934 0.000000 -0.627106 0.932175 0.932175 0.932175
1897.697876 0.000000 2879.243652 0.000000 0.438093 0.000000 0.898930 0.295810 0.295810 0.295810
1874.180786 0.000000 2817.474365 0.000000 0.908811 0.000000 -0.417208 0.733845 0.733845 0.733845
1857.529785 0.000000 2878.373779 0.000000 0.388958 0.000000 0.921256 0.597653 0.597653 0.597653
1858.063354 0.000000 2847.239502 0.000000 0.993956 0.000000 0.109780 0.670972 0.670972 0.670972
1865.365601 0.000000 2860.711670 0.000000 0.470083 0.000000 -0.882622 0.974029 0.974029 0.974029
1883.949585 0.000000 2832.891113 0.000000 0.723622 0.000000 0.690197 0.440408 0.440408 0.440408
1894.736206 0.000000 2875.031006 0.000000 0.622335 0.000000 0.782751 0.646579 0.646579 0.646579
1876.979126 0.000000 2821.179932 0.000000 0.498474 0.000000 0.866905 0.509353 0.509353 0.509353
1891.226562 0.000000 2878.558594 0.000000 0.201807 0.000000 0.979425 0.520751 0.520751 0.520751
1867.009766 0.000000 2874.862549 0.000000 0.043814 0.000000 -0.999040 1.014884 1.014884 1.014884
1873.397583 0.000000 2862.621826 0.000000 0.997689 0.000000 0.067942 0.685028 0.685028 0.685028
1900.414551 0.000000 2843.720947 0.000000 0.741796 0.000000 -0.670625 0.774505 0.774505 0.774505
1903.475830 0.000000 2819.217529 0.000000 0.324630 0.000000 0.945841 0.147336 0.147336 0.147336
1883.118774 0.000000 2876.209717 0.000000 0.813667 0.000000 -0.581332 0.773721 0.773721 0.773721
1882.336670 0.000000 2824.923584 0.000000 0.728211 0.000000 -0.685353 0.921689 0.921689 0.921689
1882.269409 0.000000 2873.415527 0.000000 0.851786 0.000000 0.523889 0.632545 0.632545 0.632545
1887.709106 0.000000 2834.575195 0.000000 0.337390 0.000000 -0.941365 1.210196 1.210196 1.210196
1886.771973 0.000000 2848.862061 0.000000 0.689964 0.000000 -0.723844 0.832955 0.832955 0.832955
1874.376587 0.000000 2874.708496 0.000000 0.975134 0.000000 0.221617 0.663290 0.663290 0.663290
1887.258423 0.000000 2861.805908 0.000000 0.830286 0.000000 -0.557338 0.806412 0.806412 0.806412
1896.777344 0.000000 2868.625244 0.000000 0.587041 0.000000 -0.809557 0.769244 0.769244 0.769244
1886.218262 0.000000 2866.229980 0.000000 0.681225 0.000000 -0.732074 0.847846 0.847846 0.847846
1889.078125 0.000000 2827.391602 0.000000 0.259479 0.000000 0.965749 0.267873 0.267873 0.267873
1864.352173 0.000000 2878.410889 0.000000 0.797851 0.000000 0.602855 0.653636 0.653636 0.653636
1887.583374 0.000000 2857.534180 0.000000 0.711246 0.000000 0.702943 0.634610 0.634610 0.634610
1886.627197 0.000000 2840.869873 0.000000 0.094374 0.000000 -0.995537 0.865115 0.865115 0.865115
1903.036011 0.000000 2865.775391 0.000000 0.690076 0.000000 -0.723737 0.848486 0.848486 0.848486
1903.582031 0.000000 2861.287842 0.000000 0.971358 0.000000 0.237622 0.600213 0.600213 0.600213
1866.745605 0.000000 2858.987305 0.000000 0.387812 0.000000 -0.921738 1.181541 1.181541 1.181541
1881.493286 0.000000 2835.551514 0.000000 0.363593 0.000000 -0.931558 0.978606 0.978606 0.978606
1898.943726 0.000000 2868.928467 0.000000 0.083610 0.000000 -0.996499 1.069031 1.069031 1.069031
1903.467407 0.000000 2868.543701 0.000000 0.375006 0.000000 -0.927022 0.811959 0.811959 0.811959
1897.973511 0.000000 2847.699951 0.000000 0.951487 0.000000 0.307688 0.560623 0.560623 0.560623
1895.306152 0.000000 2848.614014 0.000000 0.944209 0.000000 0.329348 0.591495 0.591495 0.591495
1893.280518 0.000000 2850.808105 0.000000 0.843716 0.000000 0.536790 0.526710 0.526710 0.526710
1898.726807 0.000000 2872.681396 0.000000 0.650206 0.000000 -0.759758 1.058919 1.058919 1.058919
1883.538696 0.000000 2854.774658 0.000000 0.118197 0.000000 0.992990 0.123862 0.123862 0.123862
1858.338745 0.000000 2818.231445 0.000000 0.930684 0.000000 0.365824 0.567791 0.567791 0.567791
1880.782715 0.000000 2819.097412 0.000000 0.597423 0.000000 0.801926 0.347126 0.347126 0.347126
1880.061279 0.000000 2860.697998 0.000000 0.045572 0.000000 -0.998961 1.190439 1.190439 1.190439
1896.953857 0.000000 2864.896973 0.000000 0.276887 0.000000 -0.960902 0.997635 0.997635 0.997635
1907.051636 0.000000 2867.657959 0.000000 0.999708 0.000000 -0.024182 0.708791 0.708791 0.708791
1899.218628 0.000000 2850.489258 0.000000 0.927519 0.000000 -0.373776 0.782343 0.782343 0.782343
1893.845581 0.000000 2853.475342 0.000000 0.985284 0.000000 0.170923 0.685892 0.685892 0.685892
1877.585449 0.000000 2864.626953 0.000000 0.759338 0.000000 0.650697 0.613328 0.613328 0.613328
1858.802856 0.000000 2849.986572 0.000000 0.997193 0.000000 -0.074869 0.719513 0.719513 0.719513
1870.978027 0.000000 2872.995117 0.000000 0.437041 0.000000 0.899441 0.524081 0.524081 0.524081
1862.074463 0.000000 2863.691895 0.000000 0.960463 0.000000 -0.278407 0.723667 0.723667 0.723667
1863.554443 0.000000 2847.431152 0.000000 0.661733 0.000000 -0.749739 0.817028 0.817028 0.817028
1876.932251 0.000000 2861.863281 0.000000 0.100284 0.000000 -0.994959 1.262731 1.262731 1.262731
1865.271118 0.000000 2857.055420 0.000000 0.945101 0.000000 0.326777 0.627862 0.627862 0.627862
1883.303833 0.000000 2817.789551 0.000000 0.980928 0.000000 -0.194372 0.757774 0.757774 0.757774
1855.809937 0.000000 2851.959229 0.000000 0.864504 0.000000 0.502627 0.644780 0.644780 0.644780
1873.079346 0.000000 2843.782227 0.000000 0.947130 0.000000 0.320851 0.632644 0.632644 0.632644
1861.776733 0.000000 2817.545410 0.000000 0.992945 0.000000 0.118578 0.680890 0.680890 0.680890
1870.278320 0.000000 2843.951172 0.000000 0.189050 0.000000 0.981968 0.157139 0.157139 0.157139
1886.589966 0.000000 2815.385010 0.000000 0.830757 0.000000 0.556635 0.536999 0.536999 0.536999
1886.229858 0.000000 2822.014160 0.000000 0.958504 0.000000 -0.285079 0.761635 0.761635 0.761635
1888.139038 0.000000 2819.165283 0.000000 0.569507 0.000000 -0.821986 1.081087 1.081087 1.081087
1890.692505 0.000000 2848.483398 0.000000 0.918175 0.000000 0.396174 0.589660 0.589660 0.589660
1869.791260 0.000000 2822.525146 0.000000 0.484346 0.000000 0.874877 0.441252 0.441252 0.441252
1881.863647 0.000000 2859.500488 0.000000 0.526534 0.000000 -0.850154 1.120919 1.120919 1.120919
1891.179443 0.000000 2821.011719 0.000000 0.539644 0.000000 0.841893 0.605557 0.605557 0.605557
1874.739380 0.000000 2865.679688 0.000000 0.097642 0.000000 -0.995222 1.075831 1.075831 1.075831
1905.000977 0.000000 2817.918457 0.000000 0.668130 0.000000 0.744044 0.598818 0.598818 0.598818
1884.554565 0.000000 2828.566650 0.000000 0.977076 0.000000 -0.212890 0.795603 0.795603 0.795603
1862.494385 0.000000 2860.132324 0.000000 0.211128 0.000000 0.977459 0.303653 0.303653 0.303653
1893.250488 0.000000 2815.953369 0.000000 0.032921 0.000000 -0.999458 1.358451 1.358451 1.358451
1862.106689 0.000000 2855.165527 0.000000 0.664943 0.000000 -0.746894 1.003618 1.003618 1.003618
1870.538452 0.000000 2824.381836 0.000000 0.365959 0.000000 0.930631 0.447069 0.447069 0.447069
1894.142090 0.000000 2831.004883 0.000000 0.982614 0.000000 -0.185659 0.735572 0.735572 0.735572
1863.266602 0.000000 2856.979736 0.000000 0.275481 0.000000 -0.961307 1.133414 1.133414 1.133414
1866.936646 0.000000 2822.710938 0.000000 0.698264 0.000000 0.715841 0.620527 0.620527 0.620527
1880.016357 0.000000 2877.130371 0.000000 0.355205 0.000000 -0.934788 0.809746 0.809746 0.809746
1884.414062 0.000000 2863.626709 0.000000 0.915316 0.000000 0.402736 0.515283 0.515283 0.515283
1885.247070 0.000000 2871.906250 0.000000 0.598302 0.000000 0.801271 0.368657 0.368657 0.368657
1882.090210 0.000000 2850.289062 0.000000 0.951953 0.000000 0.306245 0.595566 0.595566 0.595566
1871.305176 0.000000 2879.286621 0.000000 0.967214 0.000000 -0.253964 0.758785 0.758785 0.758785
1901.638184 0.000000 2818.321289 0.000000 0.508939 0.000000 -0.860803 1.027967 1.027967 1.027967
1899.067749 0.000000 2865.108887 0.000000 0.656812 0.000000 -0.754054 0.949299 0.949299 0.949299
1873.663818 0.000000 2823.486572 0.000000 0.998513 0.000000 -0.054518 0.715156 0.715156 0.715156
1859.844238 0.000000 2846.445801 0.000000 0.473006 0.000000 0.881059 0.415506 0.415506 0.415506
1905.028687 0.000000 2869.812256 0.000000 0.103534 0.000000 -0.994626 0.820500 0.820500 0.820500
1869.235352 0.000000 2856.379883 0.000000 0.757092 0.000000 -0.653309 0.809488 0.809488 0.809488
1868.061035 0.000000 2876.859375 0.000000 0.995038 0.000000 0.099494 0.658375 0.658375 0.658375
1882.340698 0.000000 2831.630615 0.000000 0.643929 0.000000 0.765085 0.410735 0.410735 0.410735
1886.811768 0.000000 2853.033691 0.000000 0.994651 0.000000 -0.103297 0.709223 0.709223 0.709223
1894.316895 0.000000 2865.823486 0.000000 0.326981 0.000000 -0.945031 1.004978 1.004978 1.004978
1884.332275 0.000000 2865.816650 0.000000 0.993983 0.000000 -0.109535 0.748911 0.748911 0.748911
1861.137817 0.000000 2821.341309 0.000000 0.894562 0.000000 0.446943 0.580159 0.580159 0.580159
1858.002686 0.000000 2816.342529 0.000000 0.500729 0.000000 -0.865604 0.934060 0.934060 0.934060
1883.252808 0.000000 2834.771729 0.000000 0.933416 0.000000 0.358797 0.542875 0.542875 0.542875
1876.987793 0.000000 2876.308350 0.000000 0.881141 0.000000 -0.472853 0.778326 0.778326 0.778326
1872.671021 0.000000 2820.906006 0.000000 0.989194 0.000000 -0.146612 0.747314 0.747314 0.747314
1862.068726 0.000000 2848.877441 0.000000 0.933885 0.000000 0.357574 0.617564 0.617564 0.617564
1871.982056 0.000000 2871.148682 0.000000 0.452527 0.000000 -0.891751 0.878973 0.878973 0.878973
1890.223389 0.000000 2831.373535 0.000000 0.853635 0.000000 -0.520871 0.925958 0.925958 0.925958
1902.954956 0.000000 2821.196045 0.000000 0.776188 0.000000 0.630501 0.550975 0.550975 0.550975
1885.826172 0.000000 2869.603516 0.000000 0.989020 0.000000 -0.147785 0.750806 0.750806 0.750806
1861.656616 0.000000 2841.464600 0.000000 0.801103 0.000000 0.598527 0.486942 0.486942 0.486942
1884.385376 0.000000 2821.105225 0.000000 0.341962 0.000000 -0.939714 0.832381 0.832381 0.832381
1903.497803 0.000000 2859.001709 0.000000 0.001544 0.000000 0.999999 0.431245 0.431245 0.431245
1898.094604 0.000000 2877.395752 0.000000 0.508857 0.000000 0.860851 0.361130 0.361130 0.361130
1905.408569 0.000000 2864.973145 0.000000 0.376577 0.000000 0.926385 0.588201 0.588201 0.588201
1865.647095 0.000000 2817.316895 0.000000 0.621806 0.000000 0.783171 0.368226 0.368226 0.368226
1865.217407 0.000000 2853.600098 0.000000 0.993724 0.000000 -0.111862 0.709599 0.709599 0.709599
1868.995117 0.000000 2815.406982 0.000000 0.995669 0.000000 0.092970 0.670224 0.670224 0.670224
1859.575928 0.000000 2878.733154 0.000000 0.359208 0.000000 -0.933258 0.861931 0.861931 0.861931
1892.074463 0.000000 2817.697998 0.000000 0.273495 0.000000 0.961873 0.320156 0.320156 0.320156
1901.976562 0.000000 2869.641113 0.000000 0.357726 0.000000 0.933827 0.329383 0.329383 0.329383
1880.989624 0.000000 2856.593262 0.000000 0.354718 0.000000 0.934973 0.343173 0.343173 0.343173
1875.840820 0.000000 2859.125000 0.000000 0.657847 0.000000 -0.753152 0.860964 0.860964 0.860964
1866.014404 0.000000 2844.952393 0.000000 0.778618 0.000000 0.627498 0.594495 0.594495 0.594495
1863.740234 0.000000 2818.525391 0.000000 0.841572 0.000000 0.540144 0.605267 0.605267 0.605267
1874.233887 0.000000 2819.424072 0.000000 0.244752 0.000000 0.969586 0.320671 0.320671 0.320671
1896.233398 0.000000 2866.577148 0.000000 0.019888 0.000000 -0.999802 1.128234 1.128234 1.128234
1888.339966 0.000000 2851.428955 0.000000 0.977124 0.000000 -0.212672 0.784268 0.784268 0.784268
1864.706543 0.000000 2875.819580 0.000000 0.702157 0.000000 -0.712022 0.857860 0.857860 0.857860
1881.937378 0.000000 2841.357422 0.000000 0.996600 0.000000 -0.082389 0.732577 0.732577 0.732577
1881.119629 0.000000 2820.857910 0.000000 0.962797 0.000000 -0.270224 0.733951 0.733951 0.733951
1873.554443 0.000000 2876.355225 0.000000 0.575998 0.000000 -0.817451 0.907376 0.907376 0.907376
1911.531982 0.000000 2878.041504 0.000000 0.127528 0.000000 0.991835 0.236021 0.236021 0.236021
1885.014893 0.000000 2848.460205 0.000000 0.975119 0.000000 0.221681 0.617573 0.617573 0.617573
1890.156738 0.000000 2817.334961 0.000000 0.161847 0.000000 0.986816 0.101975 0.101975 0.101975
1898.242310 0.000000 2815.915039 0.000000 0.054603 0.000000 0.998508 0.225717 0.225717 0.225717
1880.522583 0.000000 2831.308838 0.000000 0.920110 0.000000 0.391660 0.664836 0.664836 0.664836
1899.921631 0.000000 2866.685547 0.000000 0.311210 0.000000 0.950341 0.382153 0.382153 0.382153
1896.570679 0.000000 2833.405273 0.000000 0.870791 0.000000 0.491654 0.503286 0.503286 0.503286
1875.883301 0.000000 2822.591064 0.000000 0.559262 0.000000 -0.828991 0.799059 0.799059 0.799059
1896.607178 0.000000 2872.495850 0.000000 0.995041 0.000000 0.099470 0.683807 0.683807 0.683807
1868.504517 0.000000 2826.005371 0.000000 0.982468 0.000000 -0.186430 0.722940 0.722940 0.722940
1902.111938 0.000000 2863.275635 0.000000 0.948222 0.000000 -0.317610 0.770604 0.770604 0.770604
1883.007935 0.000000 2868.861328 0.000000 0.665044 0.000000 0.746804 0.616003 0.616003 0.616003
1856.782593 0.000000 2844.802979 0.000000 0.722521 0.000000 -0.691349 0.820062 0.820062 0.820062
1870.502686 0.000000 2876.760986 0.000000 0.371070 0.000000 -0.928605 1.226426 1.226426 1.226426
1900.131226 0.000000 2863.270508 0.000000 0.045121 0.000000 0.998982 0.470705 0.470705 0.470705
1896.294800 0.000000 2847.115479 0.000000 0.545836 0.000000 0.837892 0.257303 0.257303 0.257303
1901.492676 0.000000 2816.542480 0.000000 0.699329 0.000000 0.714800 0.403575 0.403575 0.403575
1896.961914 0.000000 2839.597656 0.000000 0.878599 0.000000 0.477560 0.607772 0.607772 0.607772
1886.521606 0.000000 2818.311035 0.000000 0.803483 0.000000 -0.595327 0.788037 0.788037 0.788037
1862.429321 0.000000 2838.441406 0.000000 0.321183 0.000000 -0.947017 1.032572 1.032572 1.032572
1876.423584 0.000000 2817.167236 0.000000 0.296634 0.000000 0.954991 0.535810 0.535810 0.535810
1882.471802 0.000000 2853.381348 0.000000 0.769359 0.000000 -0.638817 0.982164 0.982164 0.982164
1892.494995 0.000000 2819.413574 0.000000 0.786905 0.000000 -0.617074 0.763920 0.763920 0.763920
1865.067627 0.000000 2840.242920 0.000000 0.962770 0.000000 -0.270322 0.733007 0.733007 0.733007
1860.064819 0.000000 2851.800293 0.000000 0.739792 0.000000 -0.672836 0.889597 0.889597 0.889597
1880.327026 0.000000 2842.441406 0.000000 0.596529 0.000000 0.802592 0.397174 0.397174 0.397174
1883.448120 0.000000 2872.107910 0.000000 0.180664 0.000000 0.983545 0.530066 0.530066 0.530066
1862.157593 0.000000 2858.350830 0.000000 0.954041 0.000000 -0.299677 0.795739 0.795739 0.795739
1862.940186 0.000000 2842.995605 0.000000 0.164495 0.000000 -0.986378 1.245302 1.245302 1.245302
1878.545898 0.000000 2840.270264 0.000000 0.765362 0.000000 0.643600 0.517937 0.517937 0.517937
1891.799805 0.000000 2849.924805 0.000000 0.159125 0.000000 -0.987258 1.082203 1.082203 1.082203
1878.171021 0.000000 2833.734131 0.000000 0.952782 0.000000 -0.303656 0.743673 0.743673 0.743673
1901.236084 0.000000 2834.120605 0.000000 0.729796 0.000000 0.683665 0.510563 0.510563 0.510563
1859.477051 0.000000 2840.088135 0.000000 0.009670 0.000000 -0.999953 1.068307 1.068307 1.068307
1860.341187 0.000000 2855.048584 0.000000 0.997452 0.000000 -0.071346 0.717970 0.717970 0.717970
1877.830078 0.000000 2819.659424 0.000000 0.993554 0.000000 0.113357 0.653743 0.653743 0.653743
1899.698608 0.000000 2853.562988 0.000000 0.079397 0.000000 -0.996843 0.965832 0.965832 0.965832
1882.893433 0.000000 2866.819580 0.000000 0.096001 0.000000 -0.995381 0.849470 0.849470 0.849470
1897.476440 0.000000 2841.239014 0.000000 0.777725 0.000000 -0.628605 1.002923 1.002923 1.002923
1891.848633 0.000000 2828.133057 0.000000 0.737189 0.000000 0.675687 0.556086 0.556086 0.556086
1884.827515 0.000000 2875.929443 0.000000 0.079724 0.000000 -0.996817 0.890211 0.890211 0.890211
1867.217041 0.000000 2878.333008 0.000000 0.484689 0.000000 0.874686 0.595795 0.595795 0.595795
1902.084473 0.000000 2860.260742 0.000000 0.092031 0.000000 0.995756 0.084999 0.084999 0.084999
1866.666016 0.000000 2829.081299 0.000000 0.937277 0.000000 -0.348586 0.737957 0.737957 0.737957
1888.274170 0.000000 2828.963623 0.000000 0.186902 0.000000 -0.982378 1.214723 1.214723 1.214723
1879.198853 0.000000 2837.008789 0.000000 0.997483 0.000000 0.070905 0.683382 0.683382 0.683382
1900.470459 0.000000 2832.498779 0.000000 0.276882 0.000000 0.960904 0.447460 0.447460 0.447460
1888.423950 0.000000 2849.358398 0.000000 0.787221 0.000000 -0.616671 0.817289 0.817289 0.817289
1875.535156 0.000000 2870.135254 0.000000 0.053554 0.000000 -0.998565 0.914769 0.914769 0.914769
1884.535400 0.000000 2818.934082 0.000000 0.737195 0.000000 0.675680 0.575535 0.575535 0.575535
1898.667480 0.000000 2844.401367 0.000000 0.963469 0.000000 -0.267821 0.820825 0.820825 0.820825
1885.173096 0.000000 2836.989502 0.000000 0.087082 0.000000 -0.996201 1.330032 1.330032 1.330032
1899.460449 0.000000 2841.458984 0.000000 0.835907 0.000000 0.548871 0.495911 0.495911 0.495911
1861.500732 0.000000 2815.858643 0.000000 0.088147 0.000000 0.996108 0.427960 0.427960 0.427960
1892.957031 0.000000 2833.330322 0.000000 0.911415 0.000000 -0.411489 0.861566 0.861566 0.861566
1884.988892 0.000000 2843.291504 0.000000 0.550694 0.000000 -0.834707 1.088331 1.088331 1.088331
1899.871704 0.000000 2835.654053 0.000000 0.215363 0.000000 -0.976534 1.173152 1.173152 1.173152
1897.268433 0.000000 2875.888184 0.000000 0.759834 0.000000 -0.650117 0.883051 0.883051 0.883051
1885.623047 0.000000 2823.711914 0.000000 0.585181 0.000000 -0.810903 0.994177 0.994177 0.994177
1862.741577 0.000000 2840.122070 0.000000 0.993799 0.000000 -0.111196 0.737972 0.737972 0.737972
1880.408936 0.000000 2847.304932 0.000000 0.613210 0.000000 0.789920 0.345098 0.345098 0.345098
1855.812012 0.000000 2868.588867 0.000000 0.943449 0.000000 -0.331516 0.821058 0.821058 0.821058
1902.224731 0.000000 2828.407715 0.000000 0.989354 0.000000 0.145526 0.677030 0.677030 0.677030
1885.904175 0.000000 2877.781006 0.000000 0.691692 0.000000 0.722193 0.432054 0.432054 0.432054
1896.259888 0.000000 2853.142822 0.000000 0.835456 0.000000 -0.549557 0.857604 0.857604 0.857604
1874.756470 0.000000 2873.082031 0.000000 0.960633 0.000000 -0.277820 0.779210 0.779210 0.779210
1882.788086 0.000000 2821.603271 0.000000 0.962883 0.000000 -0.269921 0.728658 0.728658 0.728658
1859.535034 0.000000 2843.258301 0.000000 0.948472 0.000000 -0.316862 0.791280 0.791280 0.791280
1895.573730 0.000000 2817.042480 0.000000 0.236891 0.000000 0.971536 0.560372 0.560372 0.560372
1896.933350 0.000000 2851.520752 0.000000 0.414415 0.000000 -0.910088 1.117656 1.117656 1.117656
1889.382690 0.000000 2815.834229 0.000000 0.994502 0.000000 -0.104716 0.740151 0.740151 0.740151
1860.494507 0.000000 2844.921387 0.000000 0.418425 0.000000 -0.908251 0.877168 0.877168 0.877168
1885.841064 0.000000 2844.989258 0.000000 0.930810 0.000000 0.365504 0.565297 0.565297 0.565297
1879.730957 0.000000 2839.033691 0.000000 0.686193 0.000000 0.727419 0.543415 0.543415 0.543415
1895.665039 0.000000 2831.640137 0.000000 0.401771 0.000000 -0.915740 0.920459 0.920459 0.920459
1888.319214 0.000000 2837.535400 0.000000 0.983061 0.000000 0.183278 0.677774 0.677774 0.677774
1902.601318 0.000000 2825.582520 0.000000 0.198135 0.000000 -0.980175 0.891723 0.891723 0.891723
1879.704224 0.000000 2845.339844 0.000000 0.999615 0.000000 0.027757 0.695440 0.695440 0.695440
1873.371460 0.000000 2878.579346 0.000000 0.963447 0.000000 0.267898 0.633645 0.633645 0.633645
1876.673218 0.000000 2878.338623 0.000000 0.832535 0.000000 -0.553972 0.953436 0.953436 0.953436
1894.833008 0.000000 2850.296143 0.000000 0.322367 0.000000 0.946615 0.337361 0.337361 0.337361
1864.562500 0.000000 2842.905273 0.000000 0.988847 0.000000 -0.148937 0.757998 0.757998 0.757998
1883.207153 0.000000 2829.651367 0.000000 0.920524 0.000000 0.390687 0.596888 0.596888 0.596888
1866.068115 0.000000 2827.252930 0.000000 0.886368 0.000000 -0.462982 0.873289 0.873289 0.873289
1864.993896 0.000000 2815.454102 0.000000 0.958553 0.000000 -0.284915 0.828751 0.828751 0.828751
1895.362793 0.000000 2834.662842 0.000000 0.999250 0.000000 -0.038711 0.704534 0.704534 0.704534
1862.724976 0.000000 2853.629395 0.000000 0.988888 0.000000 0.148661 0.652802 0.652802 0.652802
1878.493042 0.000000 2858.450928 0.000000 0.996798 0.000000 -0.079956 0.723639 0.723639 0.723639
1893.139893 0.000000 2868.204102 0.000000 0.672189 0.000000 0.740379 0.589280 0.589280 0.589280
1888.105957 0.000000 2832.896729 0.000000 0.548189 0.000000 0.836354 0.570163 0.570163 0.570163
1901.648804 0.000000 2831.103271 0.000000 0.845416 0.000000 0.534108 0.511926 0.511926 0.511926
1892.099487 0.000000 2830.214844 0.000000 0.999159 0.000000 0.040993 0.691974 0.691974 0.691974
1901.095215 0.000000 2829.562988 0.000000 0.304363 0.000000 0.952556 0.528039 0.528039 0.528039
1867.045654 0.000000 2825.286133 0.000000 0.566196 0.000000 -0.824271 1.038651 1.038651 1.038651
1885.178833 0.000000 2827.104248 0.000000 0.712489 0.000000 -0.701683 1.016693 1.016693 1.016693
1889.478516 0.000000 2820.032227 0.000000 0.964946 0.000000 0.262449 0.648022 0.648022 0.648022
1894.138306 0.000000 2840.596436 0.000000 0.577107 0.000000 0.816669 0.496258 0.496258 0.496258
1884.580566 0.000000 2846.403564 0.000000 0.722599 0.000000 0.691268 0.423897 0.423897 0.423897
1898.936523 0.000000 2832.041016 0.000000 0.759552 0.000000 0.650447 0.395553 0.395553 0.395553
1887.490112 0.000000 2865.204590 0.000000 0.986115 0.000000 0.166063 0.657432 0.657432 0.657432
1878.853638 0.000000 2841.831299 0.000000 0.120333 0.000000 -0.992734 1.077610 1.077610 1.077610
1856.584839 0.000000 2817.077881 0.000000 0.715957 0.000000 0.698145 0.379922 0.379922 0.379922
1882.846313 0.000000 2863.138184 0.000000 0.713102 0.000000 -0.701060 0.880570 0.880570 0.880570
1883.442871 0.000000 2860.879150 0.000000 0.675873 0.000000 0.737019 0.361137 0.361137 0.361137
1876.303589 0.000000 2840.306641 0.000000 0.125583 0.000000 -0.992083 1.124208 1.124208 1.124208
1886.906738 0.000000 2838.571533 0.000000 0.663847 0.000000 0.747869 0.547927 0.547927 0.547927
1870.353149 0.000000 2841.609375 0.000000 0.408018 0.000000 0.912974 0.557246 0.557246 0.557246
1882.354614 0.000000 2837.885010 0.000000 0.215152 0.000000 0.976581 0.096635 0.096635 0.096635
1901.464355 0.000000 2826.781494 0.000000 0.285915 0.000000 -0.958255 0.917122 0.917122 0.917122
1856.497314 0.000000 2847.866943 0.000000 0.999564 0.000000 0.029521 0.687668 0.687668 0.687668
1905.624146 0.000000 2819.666504 0.000000 0.096707 0.000000 0.995313 0.432114 0.432114 0.432114
1867.339233 0.000000 2841.921387 0.000000 0.087771 0.000000 -0.996141 0.886589 0.886589 0.886589
1891.302856 0.000000 2833.217285 0.000000 0.409872 0.000000 0.912143 0.421017 0.421017 0.421017
1886.066895 0.000000 2830.948486 0.000000 0.827491 0.000000 0.561479 0.443702 0.443702 0.443702
1880.477295 0.000000 2862.234131 0.000000 0.711304 0.000000 -0.702884 0.821231 0.821231 0.821231
1886.289185 0.000000 2825.169434 0.000000 0.880333 0.000000 -0.474356 0.818329 0.818329 0.818329
1898.422974 0.000000 2830.560059 0.000000 0.099279 0.000000 -0.995060 1.283688 1.283688 1.283688
1880.120361 0.000000 2834.593750 0.000000 0.550980 0.000000 -0.834518 0.929467 0.929467 0.929467
1887.788330 0.000000 2869.790771 0.000000 0.683353 0.000000 -0.730088 0.885940 0.885940 0.885940
1899.162354 0.000000 2874.207275 0.000000 0.373339 0.000000 -0.927695 1.055075 1.055075 1.055075
1906.707275 0.000000 2866.052734 0.000000 0.251715 0.000000 -0.967801 1.178488 1.178488 1.178488
1897.017212 0.000000 2843.810791 0.000000 0.631761 0.000000 -0.775163 1.095265 1.095265 1.095265
1896.679077 0.000000 2815.906982 0.000000 0.453062 0.000000 -0.891479 1.001972 1.001972 1.001972
1865.755249 0.000000 2841.650146 0.000000 0.048059 0.000000 -0.998845 0.883614 0.883614 0.883614
1868.222534 0.000000 2858.331299 0.000000 0.998058 0.000000 0.062296 0.672766 0.672766 0.672766
1862.056396 0.000000 2852.175049 0.000000 0.872327 0.000000 -0.488924 0.861590 0.861590 0.861590
1884.827271 0.000000 2815.516357 0.000000 0.849325 0.000000 0.527871 0.612537 0.612537 0.612537
1894.668823 0.000000 2844.796631 0.000000 0.146655 0.000000 0.989188 0.473603 0.473603 0.473603
1903.832153 0.000000 2828.671143 0.000000 0.137467 0.000000 0.990506 0.474631 0.474631 0.474631
1880.000000 0.000000 2821.943115 0.000000 0.196956 0.000000 -0.980412 0.870303 0.870303 0.870303
1881.838623 0.000000 2847.906738 0.000000 0.611090 0.000000 -0.791561 1.055946 1.055946 1.055946
1889.967163 0.000000 2821.936035 0.000000 0.351218 0.000000 -0.936294 0.937209 0.937209 0.937209
1862.362061 0.000000 2844.614258 0.000000 0.159543 0.000000 -0.987191 1.111670 1.111670 1.111670
1883.850464 0.000000 2838.231689 0.000000 0.787777 0.000000 0.615960 0.404276 0.404276 0.404276
1885.973877 0.000000 2874.772949 0.000000 0.935654 0.000000 0.352919 0.653986 0.653986 0.653986
1884.202393 0.000000 2839.959473 0.000000 0.907720 0.000000 -0.419577 0.862683 0.862683 0.862683
1892.899048 0.000000 2878.260986 0.000000 0.054142 0.000000 -0.998533 0.965043 0.965043 0.965043
1868.636719 0.000000 2840.856934 0.000000 0.915677 0.000000 -0.401914 0.755656 0.755656 0.755656
1900.465210 0.000000 2869.033203 0.000000 0.823211 0.000000 -0.567736 0.885699 0.885699 0.885699
1880.787231 0.000000 2844.227539 0.000000 0.997441 0.000000 0.071494 0.680492 0.680492 0.680492
1883.006226 0.000000 2851.550049 0.000000 0.944626 0.000000 0.328149 0.587816 0.587816 0.587816
1870.453857 0.000000 2870.806641 0.000000 0.541554 0.000000 -0.840666 0.862283 0.862283 0.862283
1885.600952 0.000000 2849.865234 0.000000 0.347768 0.000000 0.937581 0.251757 0.251757 0.251757
1857.525269 0.000000 2867.483154 0.000000 0.533226 0.000000 -0.845973 0.971385 0.971385 0.971385
1863.065918 0.000000 2850.708496 0.000000 0.239252 0.000000 -0.970958 1.092568 1.092568 1.092568
1896.422729 0.000000 2842.311035 0.000000 0.572963 0.000000 -0.819581 1.128111 1.128111 1.128111
1894.644653 0.000000 2842.052002 0.000000 0.295560 0.000000 0.955324 0.420185 0.420185 0.420185
1883.438354 0.000000 2843.434570 0.000000 0.743477 0.000000 -0.668762 0.802414 0.802414 0.802414
1878.650879 0.000000 2861.230225 0.000000 0.941254 0.000000 0.337700 0.597661 0.597661 0.597661
1884.422729 0.000000 2856.024414 0.000000 0.939108 0.000000 0.343622 0.590886 0.590886 0.590886
1875.658813 0.000000 2875.593018 0.000000 0.830888 0.000000 0.556440 0.603063 0.603063 0.603063
1867.764526 0.000000 2843.519043 0.000000 0.156782 0.000000 -0.987633 1.253274 1.253274 1.253274
1882.955200 0.000000 2849.020752 0.000000 0.261093 0.000000 0.965314 0.391732 0.391732 0.391732
1863.193115 0.000000 2845.979736 0.000000 0.939634 0.000000 -0.342180 0.801923 0.801923 0.801923
1882.640381 0.000000 2823.443115 0.000000 0.593350 0.000000 0.804945 0.543039 0.543039 0.543039
1887.830322 0.000000 2825.411133 0.000000 0.469159 0.000000 0.883114 0.440839 0.440839 0.440839
1893.485107 0.000000 2864.574951 0.000000 0.270926 0.000000 -0.962600 0.928830 0.928830 0.928830
1898.065674 0.000000 2833.337158 0.000000 0.877717 0.000000 -0.479180 0.914832 0.914832 0.914832
1904.785889 0.000000 2827.438965 0.000000 0.660708 0.000000 -0.750643 0.817217 0.817217 0.817217
1885.042725 0.000000 2851.489502 0.000000 0.721673 0.000000 0.692234 0.490222 0.490222 0.490222
1885.346558 0.000000 2853.443115 0.000000 0.568501 0.000000 0.822683 0.426485 0.426485 0.426485
1898.560425 0.000000 2849.102295 0.000000 0.938827 0.000000 -0.344390 0.789093 0.789093 0.789093
1900.167725 0.000000 2872.102783 0.000000 0.999774 0.000000 0.021253 0.696583 0.696583 0.696583
1898.984131 0.000000 2871.193604 0.000000 0.482744 0.000000 0.875762 0.358761 0.358761 0.358761
1902.060547 0.000000 2824.072266 0.000000 0.252103 0.000000 0.967700 0.516022 0.516022 0.516022
1860.957031 0.000000 2838.071289 0.000000 0.637613 0.000000 0.770357 0.343456 0.343456 0.343456
1868.922241 0.000000 2859.936523 0.000000 0.912483 0.000000 0.409114 0.515856 0.515856 0.515856
1874.197754 0.000000 2864.252441 0.000000 0.866341 0.000000 -0.499453 0.833433 0.833433 0.833433
1882.517090 0.000000 2833.448486 0.000000 0.761810 0.000000 -0.647800 0.940144 0.940144 0.940144
1857.814697 0.000000 2848.678955 0.000000 0.106457 0.000000 0.994317 0.216405 0.216405 0.216405
1898.403931 0.000000 2835.747559 0.000000 0.924751 0.000000 -0.380573 0.836457 0.836457 0.836457
1870.055786 0.000000 2845.451416 0.000000 0.985205 0.000000 0.171378 0.668698 0.668698 0.668698
1899.501221 0.000000 2851.952881 0.000000 0.969638 0.000000 -0.244544 0.753104 0.753104 0.753104
1862.921753 0.000000 2815.343262 0.000000 0.942082 0.000000 0.335381 0.551773 0.551773 0.551773
1860.271240 0.000000 2849.915527 0.000000 0.874164 0.000000 0.485630 0.545806 0.545806 0.545806
1881.326538 0.000000 2839.012207 0.000000 0.993651 0.000000 -0.112507 0.743347 0.743347 0.743347
1858.935669 0.000000 2819.668457 0.000000 0.913076 0.000000 -0.407789 0.848276 0.848276 0.848276
1875.669434 0.000000 2820.337402 0.000000 0.746705 0.000000 -0.665155 0.932725 0.932725 0.932725
1902.582397 0.000000 2815.378174 0.000000 0.970987 0.000000 -0.239131 0.758657 0.758657 0.758657
1880.673462 0.000000 2853.459229 0.000000 0.225445 0.000000 -0.974256 0.932422 0.932422 0.932422
1895.702515 0.000000 2878.676025 0.000000 0.158657 0.000000 0.987334 0.436068 0.436068 0.436068
1874.380981 0.000000 2871.636719 0.000000 0.132013 0.000000 -0.991248 0.903611 0.903611 0.903611
1885.911255 0.000000 2867.762207 0.000000 0.355084 0.000000 -0.934834 1.107368 1.107368 1.107368
1885.875977 0.000000 2842.170166 0.000000 0.734766 0.000000 0.678321 0.406875 0.406875 0.406875
1860.280151 0.000000 2841.966797 0.000000 0.804155 0.000000 -0.594419 0.911358 0.911358 0.911358
1859.089233 0.000000 2815.392090 0.000000 0.929868 0.000000 0.367894 0.584123 0.584123 0.584123
1861.379150 0.000000 2847.452148 0.000000 0.869116 0.000000 -0.494608 0.917905 0.917905 0.917905
1885.147583 0.000000 2860.116455 0.000000 0.664205 0.000000 -0.747551 1.058571 1.058571 1.058571
1863.944336 0.000000 2860.323486 0.000000 0.936555 0.000000 0.350522 0.595482 0.595482 0.595482
1886.837280 0.000000 2816.802734 0.000000 0.226446 0.000000 -0.974024 1.138684 1.138684 1.138684
1901.642456 0.000000 2866.153809 0.000000 0.996744 0.000000 0.080626 0.669250 0.669250 0.669250
1871.573853 0.000000 2843.271973 0.000000 0.093681 0.000000 -0.995602 1.280757 1.280757 1.280757
1902.787964 0.000000 2867.233887 0.000000 0.328943 0.000000 0.944350 0.468951 0.468951 0.468951
1876.366577 0.000000 2860.439697 0.000000 0.809770 0.000000 -0.586748 0.939980 0.939980 0.939980
1878.367798 0.000000 2821.712158 0.000000 0.960382 0.000000 -0.278686 0.751330 0.751330 0.751330
1901.902466 0.000000 2871.137451 0.000000 0.737597 0.000000 0.675241 0.516043 0.516043 0.516043
1887.498535 0.000000 2847.077148 0.000000 0.877374 0.000000 0.479808 0.587183 0.587183 0.587183
1883.691528 0.000000 2824.377441 0.000000 0.108474 0.000000 -0.994099 1.129266 1.129266 1.129266
1877.442505 0.000000 2818.293213 0.000000 0.571722 0.000000 0.820448 0.308207 0.308207 0.308207
1885.241333 0.000000 2858.701904 0.000000 0.920191 0.000000 0.391469 0.543950 0.543950 0.543950
1885.331665 0.000000 2833.323242 0.000000 0.963874 0.000000 0.266358 0.602939 0.602939 0.602939
1882.025146 0.000000 2818.385254 0.000000 0.182329 0.000000 0.983238 0.299929 0.299929 0.299929
1874.860840 0.000000 2862.341797 0.000000 0.999802 0.000000 0.019876 0.695033 0.695033 0.695033
1877.115356 0.000000 2863.282227 0.000000 0.967934 0.000000 -0.251204 0.776326 0.776326 0.776326
1865.429810 0.000000 2858.477295 0.000000 0.623084 0.000000 -0.782155 1.017046 1.017046 1.017046
1885.371460 0.000000 2864.848633 0.000000 0.880340 0.000000 0.474344 0.479759 0.479759 0.479759
1882.496948 0.000000 2855.738770 0.000000 0.991548 0.000000 -0.129738 0.751613 0.751613 0.751613
1886.101807 0.000000 2862.610352 0.000000 0.768618 0.000000 -0.639709 0.978997 0.978997 0.978997
1887.929688 0.000000 2815.722900 0.000000 0.144227 0.000000 -0.989545 1.093762 1.093762 1.093762
1868.439819 0.000000 2822.223389 0.000000 0.952108 0.000000 0.305761 0.624517 0.624517 0.624517
1887.601685 0.000000 2822.499756 0.000000 0.999126 0.000000 0.041793 0.691087 0.691087 0.691087
1885.102173 0.000000 2831.960205 0.000000 0.831109 0.000000 0.556110 0.461944 0.461944 0.461944
1898.902466 0.000000 2878.548828 0.000000 0.999995 0.000000 0.003268 0.699280 0.699280 0.699280
1896.798828 0.000000 2848.428467 0.000000 0.417076 0.000000 0.908872 0.197703 0.197703 0.197703
1889.348755 0.000000 2818.497559 0.000000 0.672309 0.000000 -0.740270 1.029183 1.029183 1.029183
1884.017456 0.000000 2857.760498 0.000000 0.161926 0.000000 -0.986803 1.138035 1.138035 1.138035
1891.092773 0.000000 2851.203369 0.000000 0.977493 0.000000 0.210967 0.632763 0.632763 0.632763
1871.647827 0.000000 2825.598877 0.000000 0.890124 0.000000 -0.455719 0.800058 0.800058 0.800058
1881.739014 0.000000 2858.114990 0.000000 0.361061 0.000000 0.932542 0.202411 0.202411 0.202411
1857.213745 0.000000 2846.139648 0.000000 0.501522 0.000000 0.865145 0.263349 0.263349 0.263349
1883.418091 0.000000 2825.810303 0.000000 0.978351 0.000000 -0.206954 0.761203 0.761203 0.761203
1891.573486 0.000000 2867.687012 0.000000 0.772763 0.000000 0.634695 0.549792 0.549792 0.549792
1900.229248 0.000000 2819.408203 0.000000 0.617472 0.000000 -0.786593 0.986349 0.986349 0.986349
1902.877930 0.000000 2864.420898 0.000000 0.704841 0.000000 0.709365 0.555295 0.555295 0.555295
1880.053101 0.000000 2835.964355 0.000000 0.851536 0.000000 -0.524296 0.828275 0.828275 0.828275
1882.568604 0.000000 2816.641113 0.000000 0.200935 0.000000 -0.979605 1.104170 1.104170 1.104170
1886.613525 0.000000 2835.447021 0.000000 0.642702 0.000000 0.766116 0.336991 0.336991 0.336991
1897.062500 0.000000 2830.314209 0.000000 0.838294 0.000000 -0.545219 0.808836 0.808836 0.808836
1884.519897 0.000000 2835.749512 0.000000 0.613359 0.000000 0.789804 0.302211 0.302211 0.302211
1883.185669 0.000000 2840.849609 0.000000 0.835601 0.000000 -0.549337 0.872778 0.872778 0.872778
1882.815918 0.000000 2870.911377 0.000000 0.998002 0.000000 -0.063188 0.714807 0.714807 0.714807
1873.166748 0.000000 2822.162354 0.000000 0.469098 0.000000 0.883146 0.399203 0.399203 0.399203
1898.063965 0.000000 2846.291748 0.000000 0.982158 0.000000 -0.188060 0.763479 0.763479 0.763479
1873.024658 0.000000 2874.069824 0.000000 0.974815 0.000000 -0.223014 0.788434 0.788434 0.788434
1883.952026 0.000000 2816.554932 0.000000 0.659386 0.000000 -0.751804 0.951275 0.951275 0.951275
1879.310425 0.000000 2859.549072 0.000000 0.762834 0.000000 0.646594 0.492342 0.492342 0.492342
1886.251465 0.000000 2860.896240 0.000000 0.851515 0.000000 0.524330 0.600652 0.600652 0.600652
1887.258301 0.000000 2828.008789 0.000000 0.199003 0.000000 0.979999 0.089278 0.089278 0.089278
1887.266968 0.000000 2842.342041 0.000000 0.377044 0.000000 0.926195 0.493052 0.493052 0.493052
1859.812866 0.000000 2838.783447 0.000000 0.826258 0.000000 -0.563292 0.809798 0.809798 0.809798
1886.541016 0.000000 2833.935059 0.000000 0.998083 0.000000 0.061896 0.672507 0.672507 0.672507
1859.777222 0.000000 2817.882324 0.000000 0.939629 0.000000 -0.342194 0.778124 0.778124 0.778124
1880.229614 0.000000 2817.888428 0.000000 0.882238 0.000000 -0.470803 0.804513 0.804513 0.804513
1878.348511 0.000000 2845.102783 0.000000 0.589177 0.000000 -0.808004 0.854541 0.854541 0.854541
1870.800903 0.000000 2878.057129 0.000000 0.764343 0.000000 -0.644809 0.860431 0.860431 0.860431
1879.448730 0.000000 2819.203857 0.000000 0.799795 0.000000 -0.600273 0.961039 0.961039 0.961039
1889.965576 0.000000 2826.286621 0.000000 0.576650 0.000000 -0.816991 1.015818 1.015818 1.015818
1884.609375 0.000000 2869.036133 0.000000 0.989809 0.000000 -0.142400 0.748942 0.748942 0.748942
1904.920410 0.000000 2861.114014 0.000000 0.602252 0.000000 -0.798306 0.868022 0.868022 0.868022
1860.188843 0.000000 2820.413574 0.000000 0.998373 0.000000 0.057023 0.685244 0.685244 0.685244
1864.327393 0.000000 2877.084473 0.000000 0.643283 0.000000 -0.765628 0.936208 0.936208 0.936208
1861.633179 0.000000 2818.921143 0.000000 0.453973 0.000000 0.891016 0.346425 0.346425 0.346425
1895.622559 0.000000 2865.271240 0.000000 0.300284 0.000000 0.953850 0.388094 0.388094 0.388094
1870.722778 0.000000 2875.340332 0.000000 0.966679 0.000000 0.255993 0.645711 0.645711 0.645711
1874.967651 0.000000 2878.493652 0.000000 0.724218 0.000000 0.689571 0.480594 0.480594 0.480594
1889.343140 0.000000 2829.717041 0.000000 0.986821 0.000000 -0.161815 0.760499 0.760499 0.760499
1869.535034 0.000000 2825.206299 0.000000 0.303947 0.000000 0.952689 0.272155 0.272155 0.272155
1887.588257 0.000000 2831.700928 0.000000 0.827889 0.000000 0.560892 0.444007 0.444007 0.444007
1885.369263 0.000000 2840.516846 0.000000 0.972433 0.000000 0.233181 0.620621 0.620621 0.620621
1879.534302 0.000000 2878.789795 0.000000 0.653267 0.000000 -0.757128 1.058741 1.058741 1.058741
1893.715210 0.000000 2832.246094 0.000000 0.571757 0.000000 -0.820423 1.066553 1.066553 1.066553
1864.494019 0.000000 2845.991455 0.000000 0.991362 0.000000 -0.131152 0.730112 0.730112 0.730112
1887.548828 0.000000 2850.419922 0.000000 0.997186 0.000000 0.074970 0.685968 0.685968 0.685968
1887.229248 0.000000 2830.308594 0.000000 0.983816 0.000000 -0.179182 0.777450 0.777450 0.777450
1894.130371 0.000000 2849.234863 0.000000 0.469779 0.000000 -0.882784 1.049735 1.049735 1.049735
1896.126709 0.000000 2850.515381 0.000000 0.346943 0.000000 0.937886 0.255684 0.255684 0.255684
1857.405029 0.000000 2819.104980 0.000000 0.053885 0.000000 -0.998547 1.010153 1.010153 1.010153
1902.888916 0.000000 2818.056641 0.000000 0.647276 0.000000 0.762256 0.313728 0.313728 0.313728
1898.284302 0.000000 2851.375244 0.000000 0.031623 0.000000 0.999500 0.369151 0.369151 0.369151
1902.482056 0.000000 2862.003418 0.000000 0.433441 0.000000 -0.901182 0.945205 0.945205 0.945205
1863.986206 0.000000 2853.990479 0.000000 0.747303 0.000000 -0.664484 0.929897 0.929897 0.929897
1883.741089 0.000000 2862.218018 0.000000 0.299548 0.000000 0.954081 0.405611 0.405611 0.405611
1865.709961 0.000000 2875.013184 0.000000 0.355886 0.000000 0.934529 0.459549 0.459549 0.459549
1898.094116 0.000000 2874.910645 0.000000 0.198611 0.000000 -0.980078 1.109662 1.109662 1.109662
1864.695312 0.000000 2861.854736 0.000000 0.694903 0.000000 -0.719103 0.903356 0.903356 0.903356
1871.665039 0.000000 2876.191406 0.000000 0.708015 0.000000 0.706197 0.353314 0.353314 0.353314
1882.262939 0.000000 2836.629150 0.000000 0.781317 0.000000 0.624134 0.399633 0.399633 0.399633
1862.585693 0.000000 2816.548340 0.000000 0.993524 0.000000 0.113621 0.661992 0.661992 0.661992
1884.328735 0.000000 2834.084961 0.000000 0.710485 0.000000 0.703712 0.358955 0.358955 0.358955
1884.072021 0.000000 2877.053467 0.000000 0.996026 0.000000 0.089058 0.670390 0.670390 0.670390
1869.031494 0.000000 2843.757324 0.000000 0.999211 0.000000 0.039718 0.683476 0.683476 0.683476
1865.134155 0.000000 2844.038818 0.000000 0.885378 0.000000 -0.464872 0.810687 0.810687 0.810687
1882.967407 0.000000 2858.502197 0.000000 0.005890 0.000000 0.999983 0.371823 0.371823 0.371823
1877.126831 0.000000 2858.915039 0.000000 0.999796 0.000000 0.020184 0.693227 0.693227 0.693227
1898.012329 0.000000 2868.098145 0.000000 0.668939 0.000000 0.743318 0.492040 0.492040 0.492040
1897.056641 0.000000 2878.206543 0.000000 0.396135 0.000000 0.918192 0.279107 0.279107 0.279107
1860.639648 0.000000 2840.791016 0.000000 0.983856 0.000000 -0.178962 0.759745 0.759745 0.759745
1883.655396 0.000000 2831.690430 0.000000 0.651483 0.000000 0.758663 0.414027 0.414027 0.414027
1887.082642 0.000000 2844.824463 0.000000 0.701438 0.000000 0.712730 0.525301 0.525301 0.525301
1858.990356 0.000000 2848.128662 0.000000 0.872708 0.000000 0.488243 0.567181 0.567181 0.567181
1899.770020 0.000000 2842.642578 0.000000 0.460392 0.000000 0.887716 0.213207 0.213207 0.213207
1885.303833 0.000000 2829.634766 0.000000 0.739190 0.000000 -0.673497 1.029292 1.029292 1.029292
1911.801758 0.000000 2879.279541 0.000000 0.943797 0.000000 0.330526 0.591680 0.591680 0.591680
1867.058228 0.000000 2826.525879 0.000000 0.878439 0.000000 0.477855 0.520643 0.520643 0.520643
1863.920166 0.000000 2839.817139 0.000000 0.768380 0.000000 -0.639994 0.885693 0.885693 0.885693
1899.207153 0.000000 2847.548584 0.000000 0.973268 0.000000 -0.229671 0.777757 0.777757 0.777757
1869.462036 0.000000 2823.749756 0.000000 0.634036 0.000000 -0.773304 0.914745 0.914745 0.914745
1899.832764 0.000000 2867.970703 0.000000 0.938706 0.000000 0.344720 0.610818 0.610818 0.610818
1866.970703 0.000000 2876.078613 0.000000 0.599944 0.000000 -0.800042 1.011164 1.011164 1.011164
1883.341675 0.000000 2828.403320 0.000000 0.943603 0.000000 0.331080 0.613311 0.613311 0.613311
1888.038574 0.000000 2826.618652 0.000000 0.347071 0.000000 -0.937839 1.101752 1.101752 1.101752
1881.282715 0.000000 2860.589355 0.000000 0.928470 0.000000 0.371408 0.577640 0.577640 0.577640
1858.477173 0.000000 2846.060547 0.000000 0.784202 0.000000 -0.620506 0.876641 0.876641 0.876641
1902.260376 0.000000 2819.402588 0.000000 0.370139 0.000000 0.928976 0.168966 0.168966 0.168966
1880.768555 0.000000 2850.178223 0.000000 0.102743 0.000000 0.994708 0.335737 0.335737 0.335737
1893.766846 0.000000 2866.895996 0.000000 0.253604 0.000000 -0.967308 1.244391 1.244391 1.244391
1889.561157 0.000000 2828.528564 0.000000 0.240453 0.000000 -0.970661 1.194315 1.194315 1.194315
1910.403442 0.000000 2878.506836 0.000000 0.966014 0.000000 -0.258491 0.784074 0.784074 0.784074
1885.955566 0.000000 2870.794922 0.000000 0.098029 0.000000 -0.995184 1.224996 1.224996 1.224996
1898.046387 0.000000 2864.302979 0.000000 0.972056 0.000000 0.234751 0.630844 0.630844 0.630844
1862.105591 0.000000 2856.400391 0.000000 0.995486 0.000000 0.094907 0.668107 0.668107 0.668107
1885.969116 0.000000 2852.202881 0.000000 0.723077 0.000000 -0.690768 0.915884 0.915884 0.915884
1895.927734 0.000000 2867.811279 0.000000 0.500765 0.000000 0.865583 0.358066 0.358066 0.358066
1900.453369 0.000000 2817.079346 0.000000 0.970045 0.000000 -0.242925 0.791339 0.791339 0.791339
1899.261230 0.000000 2877.123535 0.000000 0.658734 0.000000 -0.752376 0.978321 0.978321 0.978321
1865.034546 0.000000 2859.582275 0.000000 0.405491 0.000000 -0.914099 1.107122 1.107122 1.107122
1892.990967 0.000000 2849.606445 0.000000 0.131531 0.000000 -0.991312 1.097302 1.097302 1.097302
1867.759766 0.000000 2859.639648 0.000000 0.398331 0.000000 -0.917242 1.176843 1.176843 1.176843
1886.015137 0.000000 2827.936523 0.000000 0.760554 0.000000 0.649275 0.448081 0.448081 0.448081
1883.981567 0.000000 2819.978027 0.000000 0.997179 0.000000 -0.075057 0.721663 0.721663 0.721663
1881.399536 0.000000 2840.216064 0.000000 0.650239 0.000000 -0.759730 1.040805 1.040805 1.040805
1858.890381 0.000000 2817.121338 0.000000 0.795942 0.000000 0.605373 0.554549 0.554549 0.554549
1873.210815 0.000000 2875.227539 0.000000 0.903902 0.000000 0.427740 0.526206 0.526206 0.526206
1884.694702 0.000000 2854.561523 0.000000 0.050893 0.000000 -0.998704 1.127635 1.127635 1.127635
1897.967529 0.000000 2865.606689 0.000000 0.696725 0.000000 -0.717338 0.884539 0.884539 0.884539
1869.223022 0.000000 2876.588135 0.000000 0.012244 0.000000 0.999925 0.049036 0.049036 0.049036
1880.585815 0.000000 2859.554199 0.000000 0.591983 0.000000 0.805950 0.311800 0.311800 0.311800
1898.050293 0.000000 2834.614746 0.000000 0.173750 0.000000 -0.984790 1.187981 1.187981 1.187981
1863.187378 0.000000 2855.812256 0.000000 0.881877 0.000000 -0.471480 0.876750 0.876750 0.876750
1897.045898 0.000000 2867.429688 0.000000 0.695135 0.000000 -0.718879 0.921499 0.921499 0.921499
1885.036621 0.000000 2822.113770 0.000000 0.992197 0.000000 -0.124682 0.738886 0.738886 0.738886
1865.985352 0.000000 2816.195068 0.000000 0.507808 0.000000 0.861470 0.317189 0.317189 0.317189
1881.833618 0.000000 2834.401855 0.000000 0.964540 0.000000 0.263936 0.637918 0.637918 0.637918
1870.021729 0.000000 2842.825195 0.000000 0.988355 0.000000 -0.152165 0.760065 0.760065 0.760065
1885.466431 0.000000 2878.839844 0.000000 0.437213 0.000000 -0.899358 1.049823 1.049823 1.049823
1861.284546 0.000000 2820.058105 0.000000 0.937498 0.000000 0.347991 0.608071 0.608071 0.608071
1899.336670 0.000000 2870.087402 0.000000 0.999066 0.000000 0.043220 0.686174 0.686174 0.686174
1870.730469 0.000000 2823.243408 0.000000 0.799713 0.000000 -0.600382 0.950966 0.950966 0.950966
1900.205933 0.000000 2865.548096 0.000000 0.474196 0.000000 -0.880419 1.089513 1.089513 1.089513
1873.062744 0.000000 2863.743408 0.000000 0.935805 0.000000 -0.352517 0.779327 0.779327 0.779327
1903.713379 0.000000 2826.010986 0.000000 0.605454 0.000000 0.795880 0.309115 0.309115 0.309115
1883.223633 0.000000 2878.833984 0.000000 0.097932 0.000000 0.995193 0.177543 0.177543 0.177543
1864.282471 0.000000 2857.643555 0.000000 0.182122 0.000000 -0.983276 1.000705 1.000705 1.000705
1882.298218 0.000000 2871.982666 0.000000 0.888915 0.000000 0.458073 0.588573 0.588573 0.588573
1864.272949 0.000000 2856.416016 0.000000 0.153688 0.000000 -0.988119 1.006955 1.006955 1.006955
1886.018921 0.000000 2847.796631 0.000000 0.300780 0.000000 0.953693 0.414756 0.414756 0.414756
1885.941772 0.000000 2837.929932 0.000000 0.406044 0.000000 0.913853 0.210502 0.210502 0.210502
1881.744629 0.000000 2849.105713 0.000000 0.981457 0.000000 -0.191685 0.768088 0.768088 0.768088
1862.972168 0.000000 2817.665283 0.000000 0.157211 0.000000 -0.987565 1.171620 1.171620 1.171620
1885.104614 0.000000 2866.781982 0.000000 0.088885 0.000000 0.996042 0.200215 0.200215 0.200215
1856.375244 0.000000 2867.569580 0.000000 0.810017 0.000000 0.586407 0.531360 0.531360 0.531360
1857.578857 0.000000 2849.856445 0.000000 0.689550 0.000000 0.724238 0.432486 0.432486 0.432486
1873.761719 0.000000 2820.457764 0.000000 0.831203 0.000000 0.555969 0.510434 0.510434 0.510434
1876.068481 0.000000 2862.618408 0.000000 0.976331 0.000000 -0.216283 0.765529 0.765529 0.765529
1870.162964 0.000000 2879.246582 0.000000 0.985519 0.000000 0.169562 0.660993 0.660993 0.660993
1890.913330 0.000000 2830.429443 0.000000 0.488965 0.000000 -0.872304 1.137132 1.137132 1.137132
1872.215454 0.000000 2878.610596 0.000000 0.915904 0.000000 -0.401396 0.801055 0.801055 0.801055
1899.852051 0.000000 2849.500244 0.000000 0.170949 0.000000 -0.985280 1.054507 1.054507 1.054507
1873.269653 0.000000 2871.434814 0.000000 0.219908 0.000000 0.975521 0.237906 0.237906 0.237906
1872.034058 0.000000 2872.513916 0.000000 0.901738 0.000000 -0.432283 0.835931 0.835931 0.835931
1872.242676 0.000000 2870.004883 0.000000 0.890093 0.000000 -0.455779 0.862100 0.862100 0.862100
1892.286499 0.000000 2816.539307 0.000000 0.793149 0.000000 -0.609027 0.892255 0.892255 0.892255
1863.145874 0.000000 2848.522949 0.000000 0.911222 0.000000 0.411915 0.604289 0.604289 0.604289
1865.253296 0.000000 2877.770752 0.000000 0.503043 0.000000 -0.864261 0.982707 0.982707 0.982707
1885.670654 0.000000 2826.086426 0.000000 0.394564 0.000000 0.918868 0.225545 0.225545 0.225545
1885.519165 0.000000 2856.128906 0.000000 0.754985 0.000000 -0.655742 0.922466 0.922466 0.922466
1887.226440 0.000000 2862.962646 0.000000 0.755756 0.000000 0.654853 0.413017 0.413017 0.413017
1880.509399 0.000000 2878.169922 0.000000 0.670231 0.000000 0.742152 0.423784 0.423784 0.423784
1883.368896 0.000000 2818.918945 0.000000 0.833463 0.000000 0.552576 0.531184 0.531184 0.531184
1882.379883 0.000000 2860.515869 0.000000 0.435600 0.000000 -0.900140 1.158044 1.158044 1.158044
1895.101318 0.000000 2866.606689 0.000000 0.903989 0.000000 0.427557 0.555624 0.555624 0.555624
1892.187866 0.000000 2851.310547 0.000000 0.768256 0.000000 -0.640143 0.912453 0.912453 0.912453
1881.061401 0.000000 2836.568604 0.000000 0.987693 0.000000 -0.156402 0.744736 0.744736 0.744736
1857.536011 0.000000 2815.332520 0.000000 0.419643 0.000000 -0.907689 1.133450 1.133450 1.133450
1862.995483 0.000000 2859.123047 0.000000 0.089346 0.000000 -0.996001 1.165975 1.165975 1.165975
1861.870605 0.000000 2842.553223 0.000000 0.953420 0.000000 -0.301645 0.782465 0.782465 0.782465
1879.930176 0.000000 2863.260254 0.000000 0.331128 0.000000 0.943586 0.271097 0.271097 0.271097
1881.637451 0.000000 2819.819092 0.000000 0.888822 0.000000 -0.458253 0.880522 0.880522 0.880522
1863.107544 0.000000 2854.660645 0.000000 0.447484 0.000000 0.894292 0.301533 0.301533 0.301533
1901.341797 0.000000 2815.465088 0.000000 0.589949 0.000000 0.807440 0.358385 0.358385 0.358385
1896.104980 0.000000 2849.428223 0.000000 0.925538 0.000000 0.378654 0.528978 0.528978 0.528978
1860.855591 0.000000 2818.166016 0.000000 0.168779 0.000000 0.985654 0.249435 0.249435 0.249435
1894.137695 0.000000 2851.531006 0.000000 0.543611 0.000000 -0.839337 0.990697 0.990697 0.990697
1884.319946 0.000000 2826.425781 0.000000 0.994554 0.000000 0.104224 0.657484 0.657484 0.657484
1892.081421 0.000000 2848.884277 0.000000 0.954255 0.000000 -0.298994 0.783840 0.783840 0.783840
1860.072144 0.000000 2821.556152 0.000000 0.498457 0.000000 0.866914 0.428690 0.428690 0.428690
1883.878296 0.000000 2853.750977 0.000000 0.400603 0.000000 0.916252 0.228224 0.228224 0.228224
1885.626587 0.000000 2876.724854 0.000000 0.164589 0.000000 0.986362 0.233331 0.233331 0.233331
1884.155762 0.000000 2827.557861 0.000000 0.229325 0.000000 0.973350 0.154609 0.154609 0.154609
1877.635986 0.000000 2878.923584 0.000000 0.569865 0.000000 0.821738 0.283690 0.283690 0.283690
1884.456909 0.000000 2817.843018 0.000000 0.228729 0.000000 -0.973490 1.269059 1.269059 1.269059
1882.537598 0.000000 2830.550781 0.000000 0.669241 0.000000 0.743046 0.421879 0.421879 0.421879
1903.907349 0.000000 2817.663818 0.000000 0.904613 0.000000 -0.426234 0.896224 0.896224 0.896224
1892.233398 0.000000 2815.372559 0.000000 0.808738 0.000000 -0.588169 0.969223 0.969223 0.969223
1899.704102 0.000000 2873.170166 0.000000 0.995344 0.000000 0.096388 0.659847 0.659847 0.659847
1878.243164 0.000000 2863.771240 0.000000 0.616613 0.000000 -0.787267 1.015205 1.015205 1.015205
1888.704346 0.000000 2850.377197 0.000000 0.992414 0.000000 0.122938 0.651537 0.651537 0.651537
1861.748047 0.000000 2854.126221 0.000000 0.994870 0.000000 0.101161 0.674499 0.674499 0.674499
1882.344482 0.000000 2854.477295 0.000000 0.685867 0.000000 -0.727727 1.023312 1.023312 1.023312
1891.261597 0.000000 2816.990967 0.000000 0.461778 0.000000 0.886995 0.236779 0.236779 0.236779
1906.055176 0.000000 2867.241455 0.000000 0.999777 0.000000 -0.021121 0.707678 0.707678 0.707678
1895.746338 0.000000 2832.709473 0.000000 0.892313 0.000000 0.451416 0.521570 0.521570 0.521570
1889.450073 0.000000 2851.331543 0.000000 0.696556 0.000000 -0.717502 1.014647 1.014647 1.014647
1890.777710 0.000000 2849.627441 0.000000 0.708122 0.000000 0.706090 0.487644 0.487644 0.487644
1885.047241 0.000000 2862.749023 0.000000 0.498195 0.000000 -0.867065 1.167595 1.167595 1.167595
1862.730591 0.000000 2841.735107 0.000000 0.926647 0.000000 0.375932 0.568663 0.568663 0.568663
1877.569336 0.000000 2860.987305 0.000000 0.481121 0.000000 0.876654 0.290924 0.290924 0.290924
1873.671265 0.000000 2865.479004 0.000000 0.592976 0.000000 -0.805220 0.961731 0.961731 0.961731
1879.055908 0.000000 2834.321777 0.000000 0.735590 0.000000 0.677427 0.443771 0.443771 0.443771
1897.981323 0.000000 2845.221680 0.000000 0.468145 0.000000 0.883652 0.217108 0.217108 0.217108
1877.850708 0.000000 2862.451172 0.000000 0.323285 0.000000 -0.946302 1.073205 1.073205 1.073205
1859.445435 0.000000 2849.105469 0.000000 0.428950 0.000000 0.903328 0.406419 0.406419 0.406419
1884.537231 0.000000 2847.465332 0.000000 0.943087 0.000000 -0.332546 0.822634 0.822634 0.822634
1859.557983 0.000000 2844.400391 0.000000 0.447598 0.000000 0.894235 0.235820 0.235820 0.235820
1862.517334 0.000000 2861.218750 0.000000 0.816616 0.000000 -0.577182 0.879565 0.879565 0.879565
1885.737305 0.000000 2816.075195 0.000000 0.619664 0.000000 -0.784867 1.083251 1.083251 1.083251
1858.547241 0.000000 2843.664307 0.000000 0.247249 0.000000 -0.968952 1.073974 1.073974 1.073974
1900.766724 0.000000 2835.092285 0.000000 0.144029 0.000000 0.989573 0.341078 0.341078 0.341078
1859.433350 0.000000 2845.470215 0.000000 0.797818 0.000000 0.602898 0.428581 0.428581 0.428581
1882.199219 0.000000 2852.341797 0.000000 0.855147 0.000000 0.518385 0.478099 0.478099 0.478099
1861.043701 0.000000 2849.170410 0.000000 0.307586 0.000000 0.951520 0.317425 0.317425 0.317425
1885.711060 0.000000 2836.049805 0.000000 0.968888 0.000000 -0.247500 0.806208 0.806208 0.806208
1884.148193 0.000000 2842.666260 0.000000 0.935766 0.000000 0.352622 0.558300 0.558300 0.558300
1884.037598 0.000000 2851.159180 0.000000 0.884378 0.000000 0.466772 0.566755 0.566755 0.566755
1882.943848 0.000000 2835.843750 0.000000 0.953141 0.000000 0.302526 0.568409 0.568409 0.568409
1899.704468 0.000000 2844.500488 0.000000 0.839630 0.000000 0.543159 0.444119 0.444119 0.444119
1898.199341 0.000000 2876.364746 0.000000 0.250874 0.000000 -0.968020 1.130463 1.130463 1.130463
1880.912720 0.000000 2841.579590 0.000000 0.996833 0.000000 -0.079529 0.731444 0.731444 0.731444
1884.832764 0.000000 2824.381836 0.000000 0.596620 0.000000 -0.802524 1.095579 1.095579 1.095579
1875.944336 0.000000 2821.338379 0.000000 0.555184 0.000000 -0.831727 1.014119 1.014119 1.014119
1867.910767 0.000000 2815.330566 0.000000 0.653616 0.000000 -0.756827 1.082552 1.082552 1.082552
1864.966064 0.000000 2816.512207 0.000000 0.850657 0.000000 -0.525722 0.904121 0.904121 0.904121
1899.506348 0.000000 2832.942139 0.000000 0.332983 0.000000 0.942933 0.170644 0.170644 0.170644
1884.231201 0.000000 2871.420898 0.000000 0.422324 0.000000 0.906445 0.295440 0.295440 0.295440
1879.335571 0.000000 2842.781250 0.000000 0.397985 0.000000 -0.917392 1.014616 1.014616 1.014616
1863.216675 0.000000 2858.041748 0.000000 0.542403 0.000000 -0.840119 1.013779 1.013779 1.013779
1897.088013 0.000000 2876.938477 0.000000 0.483964 0.000000 0.875088 0.415075 0.415075 0.415075
1893.202393 0.000000 2817.039062 0.000000 0.917951 0.000000 0.396694 0.580239 0.580239 0.580239
1899.125854 0.000000 2843.494141 0.000000 0.284382 0.000000 -0.958711 1.271496 1.271496 1.271496
1855.779785 0.000000 2848.594727 0.000000 0.993083 0.000000 -0.117413 0.740721 0.740721 0.740721
1897.385742 0.000000 2853.326660 0.000000 0.164257 0.000000 0.986418 0.319206 0.319206 0.319206
1898.452271 0.000000 2841.656494 0.000000 0.954973 0.000000 0.296694 0.594189 0.594189 0.594189
1899.036621 0.000000 2834.920410 0.000000 0.974911 0.000000 -0.222594 0.778457 0.778457 0.778457
1907.480591 0.000000 2866.710205 0.000000 0.884273 0.000000 -0.466971 0.876610 0.876610 0.876610
1884.847656 0.000000 2838.039062 0.000000 0.502051 0.000000 -0.864838 1.092574 1.092574 1.092574
1863.944946 0.000000 2815.573730 0.000000 0.125883 0.000000 -0.992045 1.326081 1.326081 1.326081
1902.354126 0.000000 2817.108398 0.000000 0.858667 0.000000 0.512535 0.460189 0.460189 0.460189
1880.062012 0.000000 2843.508545 0.000000 0.993260 0.000000 0.115911 0.662238 0.662238 0.662238
1885.067139 0.000000 2870.296387 0.000000 0.996282 0.000000 -0.086156 0.730753 0.730753 0.730753
1882.887085 0.000000 2832.500977 0.000000 0.990860 0.000000 0.134891 0.653892 0.653892 0.653892
1891.766724 0.000000 2818.683594 0.000000 0.638995 0.000000 0.769211 0.420869 0.420869 0.420869
1890.998413 0.000000 2818.011963 0.000000 0.399552 0.000000 -0.916711 1.068876 1.068876 1.068876
1871.070679 0.000000 2842.388428 0.000000 0.540513 0.000000 0.841336 0.306892 0.306892 0.306892
1879.567383 0.000000 2861.782227 0.000000 0.008003 0.000000 -0.999968 1.164289 1.164289 1.164289
1873.930298 0.000000 2873.649170 0.000000 0.918864 0.000000 -0.394575 0.823336 0.823336 0.823336
1866.145874 0.000000 2824.796143 0.000000 0.185616 0.000000 0.982622 0.216235 0.216235 0.216235
1884.203491 0.000000 2829.629883 0.000000 0.896140 0.000000 -0.443772 0.904904 0.904904 0.904904
1880.566650 0.000000 2839.669678 0.000000 0.049313 0.000000 -0.998783 1.284954 1.284954 1.284954
1874.566772 0.000000 2818.444092 0.000000 0.268514 0.000000 0.963276 0.327717 0.327717 0.327717
1897.465088 0.000000 2842.240234 0.000000 0.656980 0.000000 0.753908 0.319433 0.319433 0.319433
1890.396118 0.000000 2815.368408 0.000000 0.270847 0.000000 0.962622 0.233249 0.233249 0.233249
1875.237915 0.000000 2819.424805 0.000000 0.981018 0.000000 -0.193915 0.755931 0.755931 0.755931
1897.079956 0.000000 2846.481934 0.000000 0.518260 0.000000 -0.855223 1.157212 1.157212 1.157212
1863.860352 0.000000 2843.644775 0.000000 0.741093 0.000000 -0.671403 0.985580 0.985580 0.985580
1867.085815 0.000000 2877.322510 0.000000 0.881390 0.000000 -0.472390 0.865084 0.865084 0.865084
1885.769043 0.000000 2843.970947 0.000000 0.481367 0.000000 -0.876519 1.120174 1.120174 1.120174
1900.941284 0.000000 2866.876953 0.000000 0.929149 0.000000 -0.369705 0.844271 0.844271 0.844271
1862.968872 0.000000 2851.729248 0.000000 0.759717 0.000000 -0.650254 0.909078 0.909078 0.909078
1896.682129 0.000000 2840.633545 0.000000 0.293510 0.000000 -0.955956 1.267247 1.267247 1.267247
1894.180908 0.000000 2815.587891 0.000000 0.964967 0.000000 -0.262372 0.794181 0.794181 0.794181
1883.091064 0.000000 2850.145752 0.000000 0.116886 0.000000 -0.993145 1.187750 1.187750 1.187750
1888.938477 0.000000 2826.042236 0.000000 0.765627 0.000000 -0.643284 0.930802 0.930802 0.930802
1885.530396 0.000000 2863.638672 0.000000 0.675176 0.000000 0.737657 0.330305 0.330305 0.330305
1860.373047 0.000000 2847.343750 0.000000 0.061775 0.000000 -0.998090 1.335534 1.335534 1.335534
1884.944092 0.000000 2877.561279 0.000000 0.267736 0.000000 0.963492 0.268429 0.268429 0.268429
1898.378540 0.000000 2870.320312 0.000000 0.308322 0.000000 -0.951282 1.102116 1.102116 1.102116
1880.893188 0.000000 2857.577148 0.000000 0.863689 0.000000 0.504025 0.543985 0.543985 0.543985
1884.979492 0.000000 2845.492676 0.000000 0.170890 0.000000 -0.985290 1.203666 1.203666 1.203666
1901.209473 0.000000 2819.238770 0.000000 0.999745 0.000000 0.022602 0.692850 0.692850 0.692850
1900.016479 0.000000 2864.581543 0.000000 0.924745 0.000000 -0.380588 0.841239 0.841239 0.841239
1861.791992 0.000000 2840.419434 0.000000 0.968228 0.000000 0.250069 0.616076 0.616076 0.616076
1902.276123 0.000000 2827.397705 0.000000 0.603529 0.000000 -0.797341 1.091911 1.091911 1.091911
1859.261475 0.000000 2818.741211 0.000000 0.703959 0.000000 0.710241 0.421177 0.421177 0.421177
1895.563110 0.000000 2833.702393 0.000000 0.538995 0.000000 0.842309 0.318435 0.318435 0.318435
1862.188354 0.000000 2843.626221 0.000000 0.414755 0.000000 -0.909933 1.143490 1.143490 1.143490
1891.552124 0.000000 2819.685303 0.000000 0.924148 0.000000 0.382035 0.575321 0.575321 0.575321
1890.371338 0.000000 2816.382080 0.000000 0.909602 0.000000 0.415480 0.518044 0.518044 0.518044
1887.347168 0.000000 2837.662842 0.000000 0.326337 0.000000 -0.945253 1.186935 1.186935 1.186935
1878.472046 0.000000 2818.919922 0.000000 0.859189 0.000000 0.511659 0.482233 0.482233 0.482233
1862.312988 0.000000 2857.375977 0.000000 0.808905 0.000000 -0.587939 0.910887 0.910887 0.910887
1868.753784 0.000000 2877.541260 0.000000 0.302013 0.000000 -0.953304 1.227935 1.227935 1.227935
1856.958008 0.000000 2816.161133 0.000000 0.855592 0.000000 -0.517650 0.925355 0.925355 0.925355
1883.605957 0.000000 2839.186279 0.000000 0.979879 0.000000 0.199590 0.610455 0.610455 0.610455
1887.169189 0.000000 2833.200195 0.000000 0.997901 0.000000 -0.064754 0.728764 0.728764 0.728764
1897.680420 0.000000 2840.288818 0.000000 0.821947 0.000000 0.569564 0.429957 0.429957 0.429957
1857.943481 0.000000 2817.347412 0.000000 0.324135 0.000000 -0.946011 1.213869 1.213869 1.213869
1900.643188 0.000000 2818.410400 0.000000 0.988361 0.000000 -0.152129 0.748308 0.748308 0.748308
1888.244019 0.000000 2827.882568 0.000000 0.081548 0.000000 -0.996669 1.191859 1.191859 1.191859
1883.524170 0.000000 2830.571777 0.000000 0.880856 0.000000 0.473384 0.536261 0.536261 0.536261
1860.800537 0.000000 2846.395752 0.000000 0.957116 0.000000 -0.289705 0.823789 0.823789 0.823789
1880.987183 0.000000 2843.213867 0.000000 0.886397 0.000000 -0.462926 0.856445 0.856445 0.856445
1897.652954 0.000000 2848.841553 0.000000 0.474744 0.000000 0.880124 0.226085 0.226085 0.226085
1866.200439 0.000000 2826.146240 0.000000 0.308110 0.000000 -0.951351 1.152735 1.152735 1.152735
1865.472534 0.000000 2842.649902 0.000000 0.817279 0.000000 -0.576243 0.938258 0.938258 0.938258
1884.456543 0.000000 2860.799316 0.000000 0.787614 0.000000 0.616169 0.418079 0.418079 0.418079
1886.129395 0.000000 2817.426270 0.000000 0.904705 0.000000 0.426039 0.556173 0.556173 0.556173
1898.049194 0.000000 2832.337402 0.000000 0.596303 0.000000 -0.802759 1.100632 1.100632 1.100632
1898.239258 0.000000 2873.982910 0.000000 0.430093 0.000000 0.902785 0.231585 0.231585 0.231585
1902.625732 0.000000 2861.076416 0.000000 0.271037 0.000000 -0.962569 1.239174 1.239174 1.239174
1863.715210 0.000000 2842.394287 0.000000 0.962764 0.000000 0.270342 0.593795 0.593795 0.593795
1881.576538 0.000000 2842.283447 0.000000 0.938631 0.000000 -0.344922 0.814468 0.814468 0.814468
1866.306030 0.000000 2877.937256 0.000000 0.960129 0.000000 0.279558 0.604931 0.604931 0.604931
1899.857910 0.000000 2831.782471 0.000000 0.365121 0.000000 0.930960 0.225135 0.225135 0.225135
1897.391846 0.000000 2850.692383 0.000000 0.794101 0.000000 -0.607786 0.938603 0.938603 0.938603
1887.394531 0.000000 2829.383789 0.000000 0.900376 0.000000 0.435112 0.499392 0.499392 0.499392
1867.975952 0.000000 2825.087402 0.000000 0.486006 0.000000 -0.873956 1.071635 1.071635 1.071635
1898.009155 0.000000 2843.627197 0.000000 0.836032 0.000000 -0.548681 0.958818 0.958818 0.958818
1884.788208 0.000000 2849.372070 0.000000 0.417888 0.000000 0.908499 0.279755 0.279755 0.279755
1903.046265 0.000000 2860.214355 0.000000 0.603480 0.000000 0.797378 0.316127 0.316127 0.316127
1868.034180 0.000000 2842.607910 0.000000 0.562249 0.000000 0.826968 0.295017 0.295017 0.295017
1871.388062 0.000000 2823.982178 0.000000 0.991617 0.000000 -0.129214 0.750497 0.750497 0.750497
1881.012695 0.000000 2858.723145 0.000000 0.177194 0.000000 0.984176 0.123191 0.123191 0.123191
1896.607544 0.000000 2832.318359 0.000000 0.746062 0.000000 -0.665876 0.978876 0.978876 0.978876
1896.259644 0.000000 2843.259277 0.000000 0.109151 0.000000 0.994025 0.048738 0.048738 0.048738
1856.835327 0.000000 2847.014404 0.000000 0.945940 0.000000 -0.324342 0.837964 0.837964 0.837964
1891.625244 0.000000 2831.026123 0.000000 0.416514 0.000000 -0.909129 1.170660 1.170660 1.170660
1892.086304 0.000000 2833.707520 0.000000 0.489214 0.000000 0.872164 0.296318 0.296318 0.296318
1893.365112 0.000000 2866.034668 0.000000 0.672432 0.000000 -0.740159 1.045137 1.045137 1.045137
1880.529175 0.000000 2838.535156 0.000000 0.995759 0.000000 -0.092001 0.735421 0.735421 0.735421
1883.409912 0.000000 2833.732422 0.000000 0.999901 0.000000 0.014074 0.695204 0.695204 0.695204
1884.283081 0.000000 2837.301270 0.000000 0.952790 0.000000 0.303631 0.568991 0.568991 0.568991
1884.328003 0.000000 2843.933838 0.000000 0.630314 0.000000 0.776340 0.350503 0.350503 0.350503
1865.958740 0.000000 2859.492188 0.000000 0.706725 0.000000 0.707489 0.422554 0.422554 0.422554
1864.068726 0.000000 2817.636719 0.000000 0.755504 0.000000 -0.655144 0.963418 0.963418 0.963418
1899.464722 0.000000 2840.510742 0.000000 0.666829 0.000000 0.745210 0.404639 0.404639 0.404639
1885.039551 0.000000 2844.528809 0.000000 0.584637 0.000000 -0.811295 1.040693 1.040693 1.040693
1878.753662 0.000000 2819.803955 0.000000 0.334132 0.000000 0.942526 0.201264 0.201264 0.201264
1901.352295 0.000000 2817.433594 0.000000 0.546489 0.000000 0.837466 0.330508 0.330508 0.330508
1902.488403 0.000000 2826.476807 0.000000 0.465493 0.000000 0.885052 0.238559 0.238559 0.238559
1885.456909 0.000000 2828.742920 0.000000 0.882035 0.000000 0.471185 0.481357 0.481357 0.481357
1877.060669 0.000000 2819.112549 0.000000 0.376764 0.000000 -0.926309 1.182311 1.182311 1.182311
1898.187500 0.000000 2831.446777 0.000000 0.996453 0.000000 0.084155 0.666576 0.666576 0.666576
1886.243286 0.000000 2830.013428 0.000000 0.845501 0.000000 -0.533974 0.942163 0.942163 0.942163
1883.085449 0.000000 2852.657959 0.000000 0.662939 0.000000 -0.748673 1.044504 1.044504 1.044504
1892.805542 0.000000 2832.424805 0.000000 0.627697 0.000000 0.778458 0.360094 0.360094 0.360094
1900.652588 0.000000 2816.191650 0.000000 0.541543 0.000000 -0.840673 1.071686 1.071686 1.071686
1885.843384 0.000000 2861.745850 0.000000 0.083375 0.000000 0.996518 0.068389 0.068389 0.068389
1885.818115 0.000000 2848.975342 0.000000 0.553297 0.000000 -0.832984 1.063017 1.063017 1.063017
1882.375610 0.000000 2835.132568 0.000000 0.535759 0.000000 0.844371 0.269534 0.269534 0.269534
1881.060669 0.000000 2846.659912 0.000000 0.910642 0.000000 -0.413196 0.866002 0.866002 0.866002
1885.345947 0.000000 2847.020264 0.000000 0.979828 0.000000 -0.199843 0.772783 0.772783 0.772783
1881.175171 0.000000 2818.020752 0.000000 0.535339 0.000000 -0.844638 1.081458 1.081458 1.081458
1876.542236 0.000000 2818.079590 0.000000 0.780650 0.000000 0.624968 0.425112 0.425112 0.425112
1866.494263 0.000000 2842.196533 0.000000 0.891196 0.000000 0.453618 0.515693 0.515693 0.515693
1871.064819 0.000000 2822.377930 0.000000 0.998027 0.000000 0.062791 0.675514 0.675514 0.675514
1867.138306 0.000000 2842.800293 0.000000 0.712620 0.000000 -0.701550 1.004387 1.004387 1.004387
1885.405762 0.000000 2865.876465 0.000000 0.496014 0.000000 0.868315 0.231285 0.231285 0.231285
1893.860474 0.000000 2833.330811 0.000000 0.622052 0.000000 0.782976 0.357339 0.357339 0.357339
1868.985962 0.000000 2859.053955 0.000000 0.256119 0.000000 -0.966645 1.273116 1.273116 1.273116
1860.218262 0.000000 2839.566895 0.000000 0.267107 0.000000 -0.963667 1.227236 1.227236 1.227236
1896.024902 0.000000 2847.953857 0.000000 0.878183 0.000000 -0.478325 0.922258 0.922258 0.922258
1903.972412 0.000000 2827.782959 0.000000 0.789306 0.000000 -0.614000 0.980752 0.980752 0.980752
1883.033081 0.000000 2861.661865 0.000000 0.983662 0.000000 0.180023 0.625979 0.625979 0.625979
1883.006592 0.000000 2838.487793 0.000000 0.923811 0.000000 -0.382850 0.875080 0.875080 0.875080
1901.933105 0.000000 2867.022705 0.000000 0.657159 0.000000 0.753752 0.374743 0.374743 0.374743
1885.842407 0.000000 2843.060303 0.000000 0.028424 0.000000 -0.999596 1.306469 1.306469 1.306469
1871.235718 0.000000 2877.265869 0.000000 0.085355 0.000000 -0.996351 1.356725 1.356725 1.356725
1899.120972 0.000000 2831.155518 0.000000 0.683215 0.000000 -0.730218 1.024756 1.024756 1.024756
1857.377075 0.000000 2847.804199 0.000000 0.983764 0.000000 -0.179465 0.775366 0.775366 0.775366
1885.011597 0.000000 2842.339600 0.000000 0.129250 0.000000 -0.991612 1.266683 1.266683 1.266683
1884.126343 0.000000 2834.949219 0.000000 0.686449 0.000000 0.727178 0.344278 0.344278 0.344278
1897.090210 0.000000 2847.587646 0.000000 0.383030 0.000000 0.923736 0.175167 0.175167 0.175167
1869.717163 0.000000 2877.325928 0.000000 0.276598 0.000000 -0.960986 1.239025 1.239025 1.239025
1882.180176 0.000000 2838.799805 0.000000 0.357023 0.000000 0.934096 0.162692 0.162692 0.162692
1869.780518 0.000000 2859.708496 0.000000 0.193272 0.000000 0.981145 0.098700 0.098700 0.098700
1899.284790 0.000000 2830.293457 0.000000 0.075877 0.000000 0.997117 0.106992 0.106992 0.106992
1897.259277 0.000000 2844.659668 0.000000 0.585030 0.000000 -0.811012 1.121516 1.121516 1.121516
1883.185059 0.000000 2837.546387 0.000000 0.888499 0.000000 0.458879 0.487552 0.487552 0.487552
1887.817383 0.000000 2836.795654 0.000000 0.931040 0.000000 0.364917 0.553120 0.553120 0.553120
1873.997070 0.000000 2875.585205 0.000000 0.075328 0.000000 -0.997159 1.288000 1.288000 1.288000
1886.757690 0.000000 2831.502686 0.000000 0.999972 0.000000 0.007472 0.696788 0.696788 0.696788
1896.375244 0.000000 2841.423828 0.000000 0.778831 0.000000 0.627234 0.397862 0.397862 0.397862
1898.906616 0.000000 2845.217773 0.000000 0.732821 0.000000 0.680421 0.366515 0.366515 0.366515
1902.219116 0.000000 2816.143066 0.000000 0.999540 0.000000 0.030343 0.686476 0.686476 0.686476
1887.298584 0.000000 2835.986328 0.000000 0.759560 0.000000 0.650437 0.405459 0.405459 0.405459
1898.637085 0.000000 2833.954102 0.000000 0.440632 0.000000 0.897688 0.220873 0.220873 0.220873
1878.662109 0.000000 2878.780029 0.000000 0.293346 0.000000 0.956006 0.168273 0.168273 0.168273
1899.275269 0.000000 2872.026367 0.000000 0.729631 0.000000 -0.683841 1.013198 1.013198 1.013198
1893.041504 0.000000 2867.361328 0.000000 0.018151 0.000000 0.999835 0.056930 0.056930 0.056930
1885.485718 0.000000 2824.929443 0.000000 0.843912 0.000000 -0.536481 0.940470 0.940470 0.940470
1903.919922 0.000000 2818.514160 0.000000 0.993354 0.000000 -0.115100 0.751406 0.751406 0.751406
1887.839844 0.000000 2833.667480 0.000000 0.891431 0.000000 -0.453156 0.908761 0.908761 0.908761
1886.137939 0.000000 2833.205811 0.000000 0.951195 0.000000 -0.308589 0.839251 0.839251 0.839251
1897.299316 0.000000 2843.032471 0.000000 0.878519 0.000000 -0.477708 0.921945 0.921945 0.921945
1884.698486 0.000000 2864.405029 0.000000 0.802587 0.000000 0.596535 0.415161 0.415161 0.415161
1899.024536 0.000000 2842.267090 0.000000 0.089014 0.000000 -0.996030 1.360280 1.360280 1.360280
1846.834473 0.000000 2880.049072 0.000000 0.968316 0.000000 0.249729 0.667800 0.667800 0.667800
1803.162964 0.000000 2880.083740 0.000000 0.311191 0.000000 -0.950347 0.921400 0.921400 0.921400
1792.153809 0.000000 2882.590088 0.000000 0.650413 0.000000 -0.759581 0.709046 0.709046 0.709046
1827.277100 0.000000 2879.859375 0.000000 0.782493 0.000000 0.622659 0.697651 0.697651 0.697651
1801.456543 0.000000 2889.542236 0.000000 0.995630 0.000000 0.093382 0.672707 0.672707 0.672707
1813.355713 0.000000 2879.650879 0.000000 0.999991 0.000000 0.004248 0.699852 0.699852 0.699852
1792.495239 0.000000 2913.462646 0.000000 0.738092 0.000000 -0.674700 0.918718 0.918718 0.918718
1816.796631 0.000000 2901.629150 0.000000 0.896905 0.000000 0.442223 0.638360 0.638360 0.638360
1811.420166 0.000000 2888.320557 0.000000 0.960216 0.000000 0.279260 0.691097 0.691097 0.691097
1807.987183 0.000000 2905.884521 0.000000 0.900142 0.000000 0.435596 0.525932 0.525932 0.525932
1800.582764 0.000000 2899.625000 0.000000 0.993707 0.000000 -0.112010 0.706277 0.706277 0.706277
1839.331299 0.000000 2880.725098 0.000000 0.436546 0.000000 0.899682 0.351900 0.351900 0.351900
1808.374146 0.000000 2883.051514 0.000000 0.991521 0.000000 -0.129948 0.701139 0.701139 0.701139
1833.216187 0.000000 2881.368164 0.000000 0.226806 0.000000 -0.973940 0.899347 0.899347 0.899347
1853.428711 0.000000 2880.103516 0.000000 0.811645 0.000000 0.584151 0.437261 0.437261 0.437261
1803.639160 0.000000 2894.725586 0.000000 0.945169 0.000000 0.326581 0.689535 0.689535 0.689535
1829.208374 0.000000 2885.041016 0.000000 0.964494 0.000000 0.264104 0.671508 0.671508 0.671508
1813.283813 0.000000 2905.561035 0.000000 0.385311 0.000000 -0.922787 0.722592 0.722592 0.722592
1802.953003 0.000000 2904.367920 0.000000 0.120078 0.000000 -0.992764 0.750695 0.750695 0.750695
1798.605835 0.000000 2894.200439 0.000000 0.201202 0.000000 0.979550 0.381989 0.381989 0.381989
1811.657104 0.000000 2900.775635 0.000000 0.465813 0.000000 0.884883 0.388679 0.388679 0.388679
1803.884644 0.000000 2884.903076 0.000000 0.999909 0.000000 0.013479 0.699435 0.699435 0.699435
1794.126221 0.000000 2899.875244 0.000000 0.639440 0.000000 0.768841 0.370474 0.370474 0.370474
1824.476440 0.000000 2885.342041 0.000000 0.817515 0.000000 -0.575908 0.873748 0.873748 0.873748
1816.070557 0.000000 2889.220459 0.000000 0.107034 0.000000 0.994255 0.362385 0.362385 0.362385
1817.066650 0.000000 2897.249268 0.000000 0.563533 0.000000 -0.826094 0.766257 0.766257 0.766257
1843.000732 0.000000 2882.746094 0.000000 0.316130 0.000000 -0.948716 0.765490 0.765490 0.765490
1809.311035 0.000000 2879.302734 0.000000 0.128453 0.000000 0.991716 0.251441 0.251441 0.251441
1796.197998 0.000000 2912.313965 0.000000 0.841275 0.000000 0.540608 0.682033 0.682033 0.682033
1807.823242 0.000000 2886.852783 0.000000 0.972682 0.000000 0.232142 0.629170 0.629170 0.629170
1812.561523 0.000000 2897.140381 0.000000 0.786141 0.000000 -0.618047 0.719794 0.719794 0.719794
1797.269775 0.000000 2897.619141 0.000000 0.988573 0.000000 -0.150744 0.741782 0.741782 0.741782
1808.389893 0.000000 2902.317139 0.000000 0.913439 0.000000 0.406975 0.539587 0.539587 0.539587
1850.158691 0.000000 2881.265137 0.000000 0.991321 0.000000 -0.131462 0.722119 0.722119 0.722119
1799.865234 0.000000 2880.634766 0.000000 0.487789 0.000000 0.872962 0.653635 0.653635 0.653635
1791.805908 0.000000 2885.980713 0.000000 0.903349 0.000000 -0.428906 0.814651 0.814651 0.814651
1836.097168 0.000000 2879.449707 0.000000 0.461593 0.000000 0.887092 0.408286 0.408286 0.408286
1797.669067 0.000000 2887.192139 0.000000 0.787633 0.000000 0.616145 0.668677 0.668677 0.668677
1826.761841 0.000000 2883.002686 0.000000 0.865357 0.000000 -0.501156 0.766050 0.766050 0.766050
1801.002075 0.000000 2886.196777 0.000000 0.133610 0.000000 0.991034 0.579477 0.579477 0.579477
1800.928589 0.000000 2896.494873 0.000000 0.904803 0.000000 -0.425831 0.796860 0.796860 0.796860
1806.188721 0.000000 2880.864990 0.000000 0.821372 0.000000 -0.570393 0.824108 0.824108 0.824108
1826.979492 0.000000 2887.183105 0.000000 0.971440 0.000000 0.237284 0.672787 0.672787 0.672787
1804.267090 0.000000 2888.164307 0.000000 0.164147 0.000000 -0.986436 0.847416 0.847416 0.847416
1843.722046 0.000000 2879.733643 0.000000 0.511384 0.000000 0.859352 0.358476 0.358476 0.358476
1794.243652 0.000000 2915.993896 0.000000 0.987024 0.000000 0.160570 0.670126 0.670126 0.670126
1853.660400 0.000000 2883.453857 0.000000 0.986183 0.000000 -0.165660 0.730248 0.730248 0.730248
1814.769165 0.000000 2899.334473 0.000000 0.077283 0.000000 -0.997009 1.148904 1.148904 1.148904
1797.836792 0.000000 2900.737305 0.000000 0.950605 0.000000 -0.310404 0.729233 0.729233 0.729233
1803.660400 0.000000 2891.581299 0.000000 0.978739 0.000000 0.205111 0.676895 0.676895 0.676895
1813.158813 0.000000 2890.922607 0.000000 0.052149 0.000000 0.998639 0.623036 0.623036 0.623036
1805.824097 0.000000 2903.859863 0.000000 0.952675 0.000000 0.303991 0.681107 0.681107 0.681107
1810.618530 0.000000 2904.187744 0.000000 0.654354 0.000000 0.756189 0.616084 0.616084 0.616084
1814.026611 0.000000 2902.498535 0.000000 0.707085 0.000000 -0.707129 0.759022 0.759022 0.759022
1800.922363 0.000000 2892.388916 0.000000 0.231777 0.000000 0.972769 0.522439 0.522439 0.522439
1817.376831 0.000000 2886.610840 0.000000 0.979056 0.000000 -0.203593 0.712541 0.712541 0.712541
1814.109619 0.000000 2887.220703 0.000000 0.990741 0.000000 -0.135767 0.719040 0.719040 0.719040
1796.014648 0.000000 2895.190918 0.000000 0.231599 0.000000 -0.972811 0.798139 0.798139 0.798139
1831.211426 0.000000 2879.350830 0.000000 0.989407 0.000000 -0.145168 0.723168 0.723168 0.723168
1804.960449 0.000000 2906.362793 0.000000 0.830198 0.000000 0.557468 0.658664 0.658664 0.658664
1835.723877 0.000000 2882.007080 0.000000 0.473901 0.000000 -0.880578 0.807290 0.807290 0.807290
1806.329224 0.000000 2884.558350 0.000000 0.990257 0.000000 -0.139254 0.713184 0.713184 0.713184
1794.553955 0.000000 2897.434570 0.000000 0.230991 0.000000 0.972956 0.543371 0.543371 0.543371
1816.232178 0.000000 2891.766846 0.000000 0.888210 0.000000 0.459437 0.659957 0.659957 0.659957
1804.060547 0.000000 2882.338623 0.000000 0.126619 0.000000 0.991951 0.588978 0.588978 0.588978
1814.904053 0.000000 2896.085449 0.000000 0.372844 0.000000 0.927894 0.594053 0.594053 0.594053
1850.204102 0.000000 2883.593994 0.000000 0.995318 0.000000 -0.096657 0.705752 0.705752 0.705752
1839.483643 0.000000 2883.201904 0.000000 0.924422 0.000000 -0.381372 0.731455 0.731455 0.731455
1799.292236 0.000000 2888.769531 0.000000 0.108947 0.000000 0.994048 0.158483 0.158483 0.158483
1841.469482 0.000000 2879.956299 0.000000 0.478548 0.000000 -0.878061 1.050261 1.050261 1.050261
1810.901001 0.000000 2898.644287 0.000000 0.934488 0.000000 0.355994 0.671376 0.671376 0.671376
1817.501099 0.000000 2899.535889 0.000000 0.193380 0.000000 -0.981124 1.043916 1.043916 1.043916
1849.128052 0.000000 2879.367432 0.000000 0.966214 0.000000 0.257740 0.665833 0.665833 0.665833
1794.810669 0.000000 2913.970947 0.000000 0.268943 0.000000 -0.963156 0.904231 0.904231 0.904231
1791.817749 0.000000 2915.943604 0.000000 0.083021 0.000000 0.996548 0.432216 0.432216 0.432216
1852.117065 0.000000 2882.055664 0.000000 0.729760 0.000000 0.683704 0.563175 0.563175 0.563175
1796.278198 0.000000 2888.955322 0.000000 0.776547 0.000000 0.630059 0.620189 0.620189 0.620189
1806.286133 0.000000 2907.935547 0.000000 0.112321 0.000000 -0.993672 0.906420 0.906420 0.906420
1801.529785 0.000000 2894.385986 0.000000 0.157512 0.000000 0.987517 0.485225 0.485225 0.485225
1822.237671 0.000000 2885.998535 0.000000 0.790957 0.000000 0.611871 0.655125 0.655125 0.655125
1824.146851 0.000000 2883.149658 0.000000 0.994454 0.000000 0.105174 0.690241 0.690241 0.690241
1855.067383 0.000000 2881.847168 0.000000 0.694151 0.000000 -0.719830 0.883961 0.883961 0.883961
1805.799072 0.000000 2886.509521 0.000000 0.343562 0.000000 -0.939130 1.126441 1.126441 1.126441
1795.812988 0.000000 2901.111084 0.000000 0.405976 0.000000 -0.913884 0.836988 0.836988 0.836988
1827.187256 0.000000 2884.996094 0.000000 0.926758 0.000000 -0.375660 0.838640 0.838640 0.838640
1841.008789 0.000000 2881.902832 0.000000 0.734558 0.000000 -0.678546 0.883768 0.883768 0.883768
1806.546265 0.000000 2888.366211 0.000000 0.995593 0.000000 0.093781 0.688511 0.688511 0.688511
1799.274658 0.000000 2897.892090 0.000000 0.892851 0.000000 -0.450353 0.882874 0.882874 0.882874
1847.827881 0.000000 2881.857422 0.000000 0.948746 0.000000 -0.316039 0.741021 0.741021 0.741021
1799.772461 0.000000 2890.742920 0.000000 0.370605 0.000000 0.928791 0.554287 0.554287 0.554287
1802.944458 0.000000 2886.695312 0.000000 0.824545 0.000000 -0.565796 0.772519 0.772519 0.772519
1811.200073 0.000000 2879.768066 0.000000 0.954214 0.000000 0.299124 0.651160 0.651160 0.651160
1795.855225 0.000000 2898.940918 0.000000 0.207562 0.000000 0.978222 0.188362 0.188362 0.188362
1837.645996 0.000000 2882.305664 0.000000 0.992277 0.000000 0.124040 0.689351 0.689351 0.689351
1812.783813 0.000000 2899.159180 0.000000 0.903535 0.000000 -0.428513 0.775843 0.775843 0.775843
1809.671631 0.000000 2887.470947 0.000000 0.396183 0.000000 -0.918171 0.793528 0.793528 0.793528
1808.289917 0.000000 2881.135986 0.000000 0.595275 0.000000 -0.803522 0.781541 0.781541 0.781541
1812.008911 0.000000 2902.640625 0.000000 0.548616 0.000000 0.836075 0.566770 0.566770 0.566770
1813.223999 0.000000 2889.002441 0.000000 0.238674 0.000000 0.971100 0.423452 0.423452 0.423452
1798.877441 0.000000 2896.044434 0.000000 0.881111 0.000000 -0.472909 0.892829 0.892829 0.892829
1801.654907 0.000000 2881.301270 0.000000 0.098447 0.000000 0.995142 0.504469 0.504469 0.504469
1805.002930 0.000000 2879.391357 0.000000 0.143093 0.000000 -0.989709 1.148950 1.148950 1.148950
1810.203613 0.000000 2901.986816 0.000000 0.497510 0.000000 0.867458 0.399046 0.399046 0.399046
1834.250122 0.000000 2879.899414 0.000000 0.686318 0.000000 0.727301 0.482250 0.482250 0.482250
1808.709351 0.000000 2904.092285 0.000000 0.783703 0.000000 -0.621135 0.833518 0.833518 0.833518
1804.512329 0.000000 2889.989746 0.000000 0.517198 0.000000 -0.855866 0.807709 0.807709 0.807709
1813.470703 0.000000 2900.804688 0.000000 0.942151 0.000000 0.335190 0.557834 0.557834 0.557834
1837.500488 0.000000 2880.526855 0.000000 0.987713 0.000000 0.156280 0.650089 0.650089 0.650089
1815.855103 0.000000 2887.438721 0.000000 0.619205 0.000000 -0.785229 0.826255 0.826255 0.826255
1809.687866 0.000000 2905.660889 0.000000 0.363373 0.000000 -0.931644 0.938852 0.938852 0.938852
1814.905151 0.000000 2890.614990 0.000000 0.745211 0.000000 0.666829 0.586468 0.586468 0.586468
1845.188354 0.000000 2880.626953 0.000000 0.967993 0.000000 0.250978 0.652119 0.652119 0.652119
1815.206665 0.000000 2900.993164 0.000000 0.902980 0.000000 0.429683 0.568050 0.568050 0.568050
1792.327271 0.000000 2899.539551 0.000000 0.096407 0.000000 -0.995342 0.872616 0.872616 0.872616
1798.943237 0.000000 2899.550293 0.000000 0.550261 0.000000 -0.834993 0.834692 0.834692 0.834692
1802.075928 0.000000 2891.237305 0.000000 0.345577 0.000000 -0.938390 0.836221 0.836221 0.836221
1801.001709 0.000000 2879.438477 0.000000 0.422833 0.000000 0.906208 0.248068 0.248068 0.248068
1842.834961 0.000000 2881.109375 0.000000 0.373436 0.000000 0.927656 0.403092 0.403092 0.403092
1825.486328 0.000000 2884.016602 0.000000 0.928940 0.000000 0.370230 0.592629 0.592629 0.592629
1800.058472 0.000000 2894.986328 0.000000 0.836968 0.000000 -0.547252 0.788043 0.788043 0.788043
1806.360962 0.000000 2905.593750 0.000000 0.873054 0.000000 -0.487623 0.896725 0.896725 0.896725
1816.128174 0.000000 2898.578125 0.000000 0.504430 0.000000 0.863453 0.439581 0.439581 0.439581
1832.686890 0.000000 2879.891357 0.000000 0.902591 0.000000 0.430499 0.522672 0.522672 0.522672
1810.158081 0.000000 2900.365479 0.000000 0.828076 0.000000 -0.560616 0.870566 0.870566 0.870566
1807.474365 0.000000 2879.764648 0.000000 0.989401 0.000000 0.145211 0.642699 0.642699 0.642699
1799.962158 0.000000 2887.304199 0.000000 0.997517 0.000000 -0.070429 0.713920 0.713920 0.713920
1825.974976 0.000000 2885.920410 0.000000 0.646137 0.000000 0.763222 0.454181 0.454181 0.454181
1793.031738 0.000000 2914.908203 0.000000 0.734922 0.000000 0.678152 0.478596 0.478596 0.478596
1804.644531 0.000000 2904.841309 0.000000 0.606901 0.000000 0.794777 0.500930 0.500930 0.500930
1807.331177 0.000000 2903.429688 0.000000 0.984485 0.000000 0.175467 0.659312 0.659312 0.659312
1797.345215 0.000000 2896.093018 0.000000 0.087367 0.000000 -0.996176 1.109571 1.109571 1.109571
1804.696411 0.000000 2880.861328 0.000000 0.419590 0.000000 -0.907714 0.980365 0.980365 0.980365
1797.337891 0.000000 2899.290039 0.000000 0.813023 0.000000 -0.582232 0.897665 0.897665 0.897665
1840.130249 0.000000 2879.327148 0.000000 0.315673 0.000000 -0.948868 1.108377 1.108377 1.108377
1793.822510 0.000000 2912.663330 0.000000 0.919084 0.000000 0.394062 0.580373 0.580373 0.580373
1798.929565 0.000000 2879.327637 0.000000 0.264303 0.000000 -0.964440 0.941431 0.941431 0.941431
1853.543701 0.000000 2881.706055 0.000000 0.855024 0.000000 -0.518588 0.929620 0.929620 0.929620
1838.590210 0.000000 2879.362549 0.000000 0.171564 0.000000 0.985173 0.304107 0.304107 0.304107
1844.149780 0.000000 2881.783447 0.000000 0.214965 0.000000 -0.976622 0.955579 0.955579 0.955579
1814.832397 0.000000 2888.462646 0.000000 0.254282 0.000000 0.967130 0.139828 0.139828 0.139828
1817.181763 0.000000 2888.066406 0.000000 0.798122 0.000000 0.602496 0.550836 0.550836 0.550836
1852.012695 0.000000 2880.683105 0.000000 0.873329 0.000000 0.487131 0.485709 0.485709 0.485709
1804.447632 0.000000 2886.207764 0.000000 0.028275 0.000000 0.999600 0.160864 0.160864 0.160864
1816.060913 0.000000 2899.948730 0.000000 0.980580 0.000000 0.196121 0.650669 0.650669 0.650669
1812.025146 0.000000 2889.649170 0.000000 0.579493 0.000000 -0.814977 0.898124 0.898124 0.898124
1791.839722 0.000000 2884.066650 0.000000 0.303116 0.000000 0.952954 0.373377 0.373377 0.373377
1835.358032 0.000000 2880.679199 0.000000 0.668485 0.000000 0.743725 0.411283 0.411283 0.411283
1809.730347 0.000000 2903.238525 0.000000 0.681517 0.000000 0.731802 0.385800 0.385800 0.385800
1834.415161 0.000000 2881.986328 0.000000 0.951564 0.000000 -0.307450 0.807590 0.807590 0.807590
1845.567993 0.000000 2879.350586 0.000000 0.172628 0.000000 -0.984987 1.264078 1.264078 1.264078
1805.230713 0.000000 2885.141357 0.000000 0.169361 0.000000 -0.985554 0.952112 0.952112 0.952112
1807.293091 0.000000 2904.706299 0.000000 0.970098 0.000000 0.242714 0.605314 0.605314 0.605314
1800.523926 0.000000 2888.556396 0.000000 0.257728 0.000000 0.966218 0.317644 0.317644 0.317644
1855.408447 0.000000 2880.631348 0.000000 0.210704 0.000000 -0.977550 1.011006 1.011006 1.011006
1798.860596 0.000000 2889.923340 0.000000 0.889063 0.000000 0.457785 0.523832 0.523832 0.523832
1807.193359 0.000000 2881.663330 0.000000 0.820730 0.000000 -0.571316 0.824338 0.824338 0.824338
1805.469849 0.000000 2887.734131 0.000000 0.560406 0.000000 -0.828218 1.041100 1.041100 1.041100
1800.976196 0.000000 2890.644775 0.000000 0.291708 0.000000 -0.956507 1.156697 1.156697 1.156697
1798.803955 0.000000 2887.672119 0.000000 0.824853 0.000000 0.565347 0.581345 0.581345 0.581345
1814.261719 0.000000 2889.608643 0.000000 0.095087 0.000000 0.995469 0.070803 0.070803 0.070803
1836.461182 0.000000 2881.063721 0.000000 0.206523 0.000000 0.978442 0.266555 0.266555 0.266555
1847.991089 0.000000 2879.691895 0.000000 0.792515 0.000000 -0.609853 0.961333 0.961333 0.961333
1799.791992 0.000000 2896.783691 0.000000 0.793605 0.000000 0.608433 0.443953 0.443953 0.443953
1812.861450 0.000000 2901.835205 0.000000 0.291321 0.000000 -0.956625 1.230383 1.230383 1.230383
1798.391602 0.000000 2897.108398 0.000000 0.850743 0.000000 -0.525582 0.916633 0.916633 0.916633
1817.841431 0.000000 2898.386230 0.000000 0.850191 0.000000 0.526475 0.561441 0.561441 0.561441
1806.738281 0.000000 2887.227783 0.000000 0.497126 0.000000 -0.867678 1.017604 1.017604 1.017604
1793.586670 0.000000 2913.840820 0.000000 0.667808 0.000000 0.744334 0.452050 0.452050 0.452050
1840.634399 0.000000 2880.775391 0.000000 0.725257 0.000000 0.688478 0.512880 0.512880 0.512880
1800.393433 0.000000 2897.746094 0.000000 0.573610 0.000000 -0.819128 0.911363 0.911363 0.911363
1794.576172 0.000000 2898.787842 0.000000 0.015024 0.000000 -0.999887 1.284551 1.284551 1.284551
1800.244141 0.000000 2889.688477 0.000000 0.985564 0.000000 0.169301 0.650351 0.650351 0.650351
1810.898682 0.000000 2903.023682 0.000000 0.001603 0.000000 0.999999 0.189933 0.189933 0.189933
1842.623779 0.000000 2880.024902 0.000000 0.364612 0.000000 -0.931159 0.999281 0.999281 0.999281
1842.140137 0.000000 2881.986816 0.000000 0.170383 0.000000 0.985378 0.350239 0.350239 0.350239
1806.065674 0.000000 2879.715576 0.000000 0.908031 0.000000 -0.418904 0.869959 0.869959 0.869959
1837.349609 0.000000 2879.449463 0.000000 0.972554 0.000000 0.232679 0.637211 0.637211 0.637211
1826.619263 0.000000 2884.073486 0.000000 0.001756 0.000000 0.999998 0.135142 0.135142 0.135142
1811.284546 0.000000 2901.787598 0.000000 0.978025 0.000000 -0.208490 0.760196 0.760196 0.760196
1839.915161 0.000000 2881.648193 0.000000 0.973131 0.000000 -0.230253 0.772273 0.772273 0.772273
1815.063721 0.000000 2898.306152 0.000000 0.449469 0.000000 -0.893296 1.032033 1.032033 1.032033
1808.487427 0.000000 2879.991455 0.000000 0.854689 0.000000 -0.519141 0.869796 0.869796 0.869796
1800.049683 0.000000 2891.792969 0.000000 0.081395 0.000000 -0.996682 1.233553 1.233553 1.233553
1803.918579 0.000000 2879.314941 0.000000 0.265615 0.000000 0.964079 0.240394 0.240394 0.240394
1812.508545 0.000000 2900.179688 0.000000 0.039518 0.000000 -0.999219 1.336892 1.336892 1.336892
1824.429932 0.000000 2884.214600 0.000000 0.754373 0.000000 -0.656446 0.902734 0.902734 0.902734
1791.787598 0.000000 2912.579102 0.000000 0.724353 0.000000 0.689429 0.395570 0.395570 0.395570
1838.361938 0.000000 2881.092773 0.000000 0.818296 0.000000 0.574797 0.509514 0.509514 0.509514
1834.217163 0.000000 2880.954590 0.000000 0.974652 0.000000 -0.223726 0.777681 0.777681 0.777681
1814.276123 0.000000 2901.475586 0.000000 0.139385 0.000000 0.990238 0.274879 0.274879 0.274879
1827.121582 0.000000 2885.997803 0.000000 0.977674 0.000000 0.210130 0.623785 0.623785 0.623785
1796.686279 0.000000 2898.376709 0.000000 0.923199 0.000000 0.384323 0.574533 0.574533 0.574533
1852.945557 0.000000 2880.940186 0.000000 0.538809 0.000000 -0.842428 1.121915 1.121915 1.121915
1811.703125 0.000000 2903.548340 0.000000 0.978877 0.000000 -0.204448 0.766928 0.766928 0.766928
1808.261719 0.000000 2903.267334 0.000000 0.990533 0.000000 -0.137274 0.752704 0.752704 0.752704
1844.690552 0.000000 2879.740723 0.000000 0.999912 0.000000 -0.013299 0.705369 0.705369 0.705369
1815.235718 0.000000 2889.653564 0.000000 0.958815 0.000000 0.284032 0.577195 0.577195 0.577195
1910.826660 0.000000 2880.049072 0.000000 0.094133 0.000000 -0.995560 1.231552 1.231552 1.231552
1898.758667 0.000000 2887.243408 0.000000 0.778359 0.000000 0.627820 0.696441 0.696441 0.696441
1856.145996 0.000000 2882.590088 0.000000 0.113499 0.000000 0.993538 0.412266 0.412266 0.412266
1891.269287 0.000000 2879.859375 0.000000 0.817851 0.000000 -0.575429 0.780362 0.780362 0.780362
1877.347900 0.000000 2879.650879 0.000000 0.980511 0.000000 0.196463 0.614641 0.614641 0.614641
1903.323486 0.000000 2880.725098 0.000000 0.960796 0.000000 -0.277258 0.714729 0.714729 0.714729
1885.278076 0.000000 2881.020508 0.000000 0.761470 0.000000 0.648200 0.640843 0.640843 0.640843
1862.561890 0.000000 2883.984375 0.000000 0.527898 0.000000 0.849308 0.659216 0.659216 0.659216
1872.366333 0.000000 2883.051514 0.000000 0.370588 0.000000 0.928797 0.573020 0.573020 0.573020
1897.208374 0.000000 2881.368164 0.000000 0.333704 0.000000 -0.942678 1.022578 1.022578 1.022578
1893.200562 0.000000 2885.041016 0.000000 0.353554 0.000000 -0.935414 0.761294 0.761294 0.761294
1859.942383 0.000000 2880.550537 0.000000 0.999441 0.000000 -0.033437 0.713735 0.713735 0.713735
1901.297119 0.000000 2884.222900 0.000000 0.777820 0.000000 0.628487 0.577670 0.577670 0.577670
1881.231689 0.000000 2880.959473 0.000000 0.765084 0.000000 0.643931 0.517825 0.517825 0.517825
1911.678467 0.000000 2883.851074 0.000000 0.451014 0.000000 0.892517 0.555445 0.555445 0.555445
1873.303223 0.000000 2879.302734 0.000000 0.998137 0.000000 0.061014 0.685063 0.685063 0.685063
1914.150879 0.000000 2881.265137 0.000000 0.051851 0.000000 0.998655 0.617712 0.617712 0.617712
1863.857422 0.000000 2880.634766 0.000000 0.074755 0.000000 -0.997202 0.822874 0.822874 0.822874
1900.089355 0.000000 2879.449707 0.000000 0.556180 0.000000 -0.831062 0.742860 0.742860 0.742860
1882.799561 0.000000 2883.843994 0.000000 0.396580 0.000000 0.918000 0.647156 0.647156 0.647156
1893.947510 0.000000 2881.810791 0.000000 0.729870 0.000000 -0.683586 0.952546 0.952546 0.952546
1904.830322 0.000000 2885.048828 0.000000 0.830954 0.000000 0.556341 0.673193 0.673193 0.673193
1856.305298 0.000000 2879.446777 0.000000 0.421255 0.000000 -0.906942 0.799260 0.799260 0.799260
1890.754028 0.000000 2883.002686 0.000000 0.023749 0.000000 -0.999718 1.040652 1.040652 1.040652
1870.180908 0.000000 2880.864990 0.000000 0.957828 0.000000 0.287343 0.638370 0.638370 0.638370
1888.349121 0.000000 2881.102295 0.000000 0.049872 0.000000 -0.998756 0.989712 0.989712 0.989712
1895.203613 0.000000 2879.350830 0.000000 0.642077 0.000000 -0.766640 0.863354 0.863354 0.863354
1899.716064 0.000000 2882.007080 0.000000 0.944802 0.000000 0.327642 0.681333 0.681333 0.681333
1883.169922 0.000000 2879.417725 0.000000 0.111150 0.000000 0.993804 0.182258 0.182258 0.182258
1860.306519 0.000000 2883.080078 0.000000 0.826022 0.000000 -0.563638 0.802549 0.802549 0.802549
1874.180786 0.000000 2881.458740 0.000000 0.121038 0.000000 0.992648 0.299777 0.299777 0.299777
1903.475830 0.000000 2883.201904 0.000000 0.511944 0.000000 0.859019 0.477879 0.477879 0.477879
1879.622559 0.000000 2879.453369 0.000000 0.706270 0.000000 0.707942 0.371467 0.371467 0.371467
1913.120239 0.000000 2879.367432 0.000000 0.988010 0.000000 -0.154389 0.715170 0.715170 0.715170
1858.338745 0.000000 2882.215820 0.000000 0.903683 0.000000 0.428202 0.628855 0.628855 0.628855
1883.303833 0.000000 2881.773926 0.000000 0.240096 0.000000 -0.970749 1.001778 1.001778 1.001778
1861.776733 0.000000 2881.529785 0.000000 0.976734 0.000000 -0.214453 0.763833 0.763833 0.763833
1886.589966 0.000000 2879.369385 0.000000 0.240176 0.000000 -0.970729 0.829989 0.829989 0.829989
1888.139038 0.000000 2883.149658 0.000000 0.357212 0.000000 -0.934023 0.817977 0.817977 0.817977
1893.250488 0.000000 2879.937744 0.000000 0.398592 0.000000 -0.917128 0.902862 0.902862 0.902862
1911.820068 0.000000 2881.857422 0.000000 0.282829 0.000000 0.959170 0.237738 0.237738 0.237738
1875.192261 0.000000 2879.768066 0.000000 0.859655 0.000000 0.510876 0.545385 0.545385 0.545385
1901.638184 0.000000 2882.305664 0.000000 0.942730 0.000000 0.333558 0.631654 0.631654 0.631654
1894.807251 0.000000 2883.539551 0.000000 0.374523 0.000000 0.927218 0.498799 0.498799 0.498799
1872.282104 0.000000 2881.135986 0.000000 0.872643 0.000000 0.488359 0.520782 0.520782 0.520782
1858.002686 0.000000 2880.326904 0.000000 0.484674 0.000000 -0.874695 1.137297 1.137297 1.137297
1902.954956 0.000000 2885.180420 0.000000 0.997974 0.000000 -0.063619 0.712349 0.712349 0.712349
1868.995117 0.000000 2879.391357 0.000000 0.074124 0.000000 0.997249 0.482918 0.482918 0.482918
1892.074463 0.000000 2881.682373 0.000000 0.929545 0.000000 -0.368708 0.826705 0.826705 0.826705
1890.156738 0.000000 2881.319336 0.000000 0.994720 0.000000 -0.102631 0.741684 0.741684 0.741684
1898.242310 0.000000 2879.899414 0.000000 0.982413 0.000000 0.186720 0.658642 0.658642 0.658642
1876.423584 0.000000 2881.151611 0.000000 0.857156 0.000000 -0.515057 0.785101 0.785101 0.785101
1892.494995 0.000000 2883.397949 0.000000 0.497997 0.000000 -0.867179 0.956775 0.956775 0.956775
1909.180542 0.000000 2880.626953 0.000000 0.970936 0.000000 0.239340 0.674236 0.674236 0.674236
1895.573730 0.000000 2881.026855 0.000000 0.867382 0.000000 0.497644 0.478802 0.478802 0.478802
1856.584839 0.000000 2881.062256 0.000000 0.967883 0.000000 0.251400 0.621393 0.621393 0.621393
1896.679077 0.000000 2879.891357 0.000000 0.299813 0.000000 -0.953998 1.158084 1.158084 1.158084
1884.827271 0.000000 2879.500732 0.000000 0.149329 0.000000 0.988788 0.255516 0.255516 0.255516
1871.466553 0.000000 2879.764648 0.000000 0.487255 0.000000 -0.873260 0.943094 0.943094 0.943094
1858.935669 0.000000 2883.652832 0.000000 0.999166 0.000000 0.040829 0.693434 0.693434 0.693434
1878.717041 0.000000 2880.593994 0.000000 0.556989 0.000000 -0.830520 0.866132 0.866132 0.866132
1881.676025 0.000000 2879.563232 0.000000 0.995686 0.000000 -0.092787 0.730691 0.730691 0.730691
1910.496826 0.000000 2881.382568 0.000000 0.651931 0.000000 -0.758278 1.009842 1.009842 1.009842
1912.850952 0.000000 2880.836426 0.000000 0.121115 0.000000 0.992638 0.337793 0.337793 0.337793
1900.229248 0.000000 2883.392578 0.000000 0.166367 0.000000 -0.986064 0.982095 0.982095 0.982095
1882.568604 0.000000 2880.625488 0.000000 0.555862 0.000000 -0.831275 0.922960 0.922960 0.922960
1883.952026 0.000000 2880.539307 0.000000 0.648080 0.000000 -0.761573 0.896683 0.896683 0.896683
1859.777222 0.000000 2881.866699 0.000000 0.308767 0.000000 -0.951138 1.216186 1.216186 1.216186
1880.229614 0.000000 2881.872803 0.000000 0.689047 0.000000 0.724716 0.488922 0.488922 0.488922
1861.633179 0.000000 2882.905518 0.000000 0.686597 0.000000 0.727038 0.560592 0.560592 0.560592
1857.405029 0.000000 2883.089355 0.000000 0.827942 0.000000 -0.560814 0.817572 0.817572 0.817572
1902.888916 0.000000 2882.041016 0.000000 0.265973 0.000000 -0.963980 0.979779 0.979779 0.979779
1894.374756 0.000000 2880.553223 0.000000 0.958020 0.000000 0.286702 0.576515 0.576515 0.576515
1901.600708 0.000000 2885.465820 0.000000 0.807878 0.000000 0.589349 0.586554 0.586554 0.586554
1875.411255 0.000000 2881.875732 0.000000 0.959772 0.000000 0.280781 0.621415 0.621415 0.621415
1871.185547 0.000000 2881.663330 0.000000 0.945497 0.000000 0.325630 0.629864 0.629864 0.629864
1893.677246 0.000000 2883.076172 0.000000 0.978585 0.000000 -0.205841 0.750724 0.750724 0.750724
1902.260376 0.000000 2883.386963 0.000000 0.894892 0.000000 0.446283 0.600561 0.600561 0.600561
1873.385864 0.000000 2880.522461 0.000000 0.845617 0.000000 -0.533789 0.897788 0.897788 0.897788
1858.890381 0.000000 2881.105713 0.000000 0.988541 0.000000 0.150952 0.637769 0.637769 0.637769
1911.983276 0.000000 2879.691895 0.000000 0.057895 0.000000 0.998323 0.213529 0.213529 0.213529
1878.501221 0.000000 2879.382568 0.000000 0.386986 0.000000 -0.922086 1.190112 1.190112 1.190112
1892.286499 0.000000 2880.523682 0.000000 0.753366 0.000000 -0.657602 0.940791 0.940791 0.940791
1876.248779 0.000000 2879.366211 0.000000 0.181414 0.000000 0.983407 0.100705 0.100705 0.100705
1857.197632 0.000000 2881.991699 0.000000 0.175996 0.000000 0.984391 0.268842 0.268842 0.268842
1911.746826 0.000000 2880.776123 0.000000 0.310212 0.000000 0.950667 0.248060 0.248060 0.248060
1875.397339 0.000000 2880.811035 0.000000 0.974302 0.000000 0.225246 0.637267 0.637267 0.637267
1891.261597 0.000000 2880.975342 0.000000 0.381456 0.000000 -0.924387 1.178186 1.178186 1.178186
1860.959717 0.000000 2880.855957 0.000000 0.115378 0.000000 -0.993322 1.129770 1.129770 1.129770
1880.617188 0.000000 2879.816650 0.000000 0.771502 0.000000 -0.636227 0.927770 0.927770 0.927770
1893.202393 0.000000 2881.023438 0.000000 0.250936 0.000000 -0.968004 1.141951 1.141951 1.141951
1890.998413 0.000000 2881.996338 0.000000 0.858528 0.000000 0.512766 0.481710 0.481710 0.481710
1874.191772 0.000000 2879.899414 0.000000 0.686878 0.000000 -0.726773 0.934606 0.934606 0.934606
1890.371338 0.000000 2880.366455 0.000000 0.403009 0.000000 0.915196 0.231314 0.231314 0.231314
1856.958008 0.000000 2880.145508 0.000000 0.974015 0.000000 0.226483 0.629331 0.629331 0.629331
1857.943481 0.000000 2881.331787 0.000000 0.995011 0.000000 0.099765 0.669089 0.669089 0.669089
1895.793701 0.000000 2880.079590 0.000000 0.751385 0.000000 -0.659864 1.006028 1.006028 1.006028
"}
